국제표준연속 간행물번호(전자식),국제표준연속 간행물번호(종이식),학술지명(국문),학술지명(외국어),등재 구분,학술지 연구분야,창간년도,발행간기,사용언어,발행기관명(국문),발행기관명(영문),부설연구소 소속 대학,기관 구분
,12293202,교육과정연구,The Journal of Curriculum Studies,등재,사회과학 > 교육학,1920,연4회,"한국어,한국어",한국교육과정학회,The Korean Society For Curriculum Studies ,,학회
,15982750,Korea and the World Economy, Korea and the World Economy,등재,사회과학 > 경제학,1930,연3회,"한국어,영어",한국경제연구학회,Association Of Korean Economic Studies,,학회
20055013,17386586,Journal of Clinical Neurology,,등재,의약학 > 신경과학 > 일반신경학,1940,연4회,영어,대한신경과학회,Korean Neurological Association,,학회
27338932,12250449,한글,HAN-GEUL,등재,인문학 > 한국어와문학,1932,연4회,"한국어,영어",한글학회,,,학회
,10134719,진단학보,The Chin-Tan Society,등재,인문학 > 역사학,1934,연2회,한국어,진단학회,,,학회
,3779556,약 학 회 지,YAKHAK HOEJI,등재,의약학 > 약학,1948,연6회,"한국어,영어",대한약학회,The Pharmaceutical Society Of Korea,,학회
,19758456,대한의사협회지,Journal of the Korean Medical Association,등재,의약학 > 기타의약학,1948,연12회,"한국어,영어",대한의사협회,,,학회
,12250376,동국사학,The Dongguk Historical Society,등재,인문학 > 역사학,1948,연3회,"한국어,영어",동국역사문화연구소,Dongguk history & culture institute,동국대학교,대학부설연구소
22348530,10172548,대한화학회지,Journal of the Korean Chemical Society,등재,자연과학 > 화학,1949,연6회,"한국어,영어",대한화학회,,,학회
26718456,15984729,법조,Korean Lawyers Association Journal,우수등재,사회과학 > 법학,1949,연6회,"한국어,한국어",법조협회,Korean Lawyers Association,,일반기관
,3764672,대한치과의사협회지,The Journal of the Korean Dental Association,등재,의약학 > 치의학 > 기타치의학,195,연12회,"한국어,영어",대한치과의사협회,korea dental association,,학회
27139824,4402324,학림,HAKLIM,등재,인문학 > 역사학,1950,연2회,"한국어,영어",연세사학연구회,Yonsei HIstorical Association,,학회
,20931557,군사연구,Journal of Military History Studies,등재,인문학 > 역사학,1951,연2회,"한국어,영어",육군군사연구소,ROK Army Military History Institute,,일반기관
22874364,19758359,전기학회논문지,,등재,공학 > 전기공학,1951,연12회,"한국어,영어",대한전기학회,,,학회
,4510097,국어국문학,The Korean Language and Literature,우수등재,인문학 > 한국어와문학,1952,연4회,"한국어,영어",국어국문학회,,,학회
,12251615,역사학보,YOKSA HAKBO,우수등재,인문학 > 역사학,1952,연4회,"한국어,한국어",역사학회,The Korean Historical Association,,학회
27136175,1226377x,경제학연구,The Korean Journal of Economic Studies,우수등재,사회과학 > 경제학,1953,연4회,한국어,한국경제학회,The Korean Economic Association,,학회
,12265314,신학논단,Theological Forum,등재,인문학 > 기독교신학 > 기타기독교신학,1953,연4회,"한국어,영어",연세대학교 신과대학 연합신학대학원,Yonsei University College of Theology & the United Graduate School of Theology,,학회
,12296341,한국여성체육학회지,Journal of Korean Physical Education Association for Girls and Women,등재,예술체육학 > 체육,1954,연4회,"한국어,영어",한국여성체육학회,Korean Physical Education Association For Women,,학회
20056184,17383536,Tuberculosis and Respiratory Diseases,,등재,의약학 > 내과학,1954,연4회,"한국어,영어",대한결핵및호흡기학회,The Korean Academy Of Tuberculosis And Respiratory Diseases,,학회
,12266728,동방학지,THE DONG BANG HAK CHI,등재,인문학 > 기타인문학,1954,연4회,한국어,국학연구원,Institute of Korean Studies,연세대학교,대학부설연구소
25087029,1738964X,한국체육학회지,Korean Journal of Sport Studies,우수등재,예술체육학 > 체육,1955,연6회,"한국어,영어",한국체육학회,"Korean Alliance For Health, Physical Education, Recreation, And Dance",,학회
24658545,10162283,영어영문학,The Journal of English Language and Literature,우수등재,인문학 > 영어와문학,1955,연4회,"한국어,영어",한국영어영문학회,The English Language and Literature Association of Korea,,학회
,12294470,철학연구,Philosophical Studies,등재,인문학 > 철학,1955,연2회,한국어,철학연구소,"Institute of Philosophical Studies, Korea University",고려대학교,대학부설연구소
,17386683,신학연구,Theological Studies,등재,인문학 > 기독교신학,1955,연2회,"한국어,영어",한신신학연구소,Institute of Theological Studies in Hanshin University,한신대학교,대학부설연구소
2671583X,12294446,史叢(사총),SA-CHONG(sa),등재,인문학 > 역사학 > 역사일반 > 기타역사일반,1955,연3회,"한국어,영어",역사연구소,The Institute for the Study of History,고려대학교,대학부설연구소
,12262994,국제법학회논총,The Korean Journal of International Law,등재,사회과학 > 법학,1956,연4회,"한국어,영어",대한국제법학회,The Korean Society Of International Law,,학회
,12253774,어문학,EOMUNHAK-The Korean Language and Literature,등재,인문학 > 한국어와문학,1956,연4회,"한국어,영어",한국어문학회,,,학회
26716216,12252689,법학연구,,등재,사회과학 > 법학 > 법학일반 > 기초법,1956,연4회,"한국어,영어",법학연구소,Institute of Law Studies PUSAN NATIONAL UNIVERSITY,부산대학교,대학부설연구소
26715678,12250570,역사교육,The Korean History Education Review,등재,인문학 > 역사학,1956,연4회,"한국어,한국어",역사교육연구회,,,학회
20550391,26720191,한국축산학회지,Journal of Animal Science and Technology,우수등재,농수해양학 > 축산학,1957,연12회,"영어,영어",한국축산학회,Korean Society of Animal Sciences and Technology,,학회
,24661465,서울과 역사,Seoul and History,등재,인문학 > 역사학,1957,연3회,"한국어,한국어",서울역사편찬원,Seoul Historiography Institute ,,학회
,17383692,한국농공학회논문집,Journal of the Korean Society of Agricultural Engineers,우수등재,농수해양학 > 농학,1957,연6회,"한국어,영어",한국농공학회,The Korean Society Of Agricultural Engineers,,학회
26715309,15988015,저스티스,The Justice,등재,사회과학 > 법학 > 기타법학,1957,연6회,"한국어,영어",한국법학원,Korean Society of Law,,일반기관
,12296201,인문과학,The Journal of the Humanities,등재,인문학 > 기타인문학,1957,연3회,"한국어,영어",인문학연구원,Institute of Humanities,연세대학교,대학부설연구소
22878580,22878572,Obstetrics & Gynecology Science,Obstetrics & Gynecology Science,등재,의약학 > 산부인과학,1958,연6회,영어,대한산부인과학회,Korean Soceity of Obstetrics and Gynecology,,학회
20929382,10118942,Korean Journal of Ophthalmology,Korean Journal of Ophthalmology,등재,의약학 > 안과학,1958,연6회,"영어,영어",대한안과학회,The Korean Ophthalmological Society,,학회
20929374,3786471,대한안과학회지,Journal of The Korean Ophthalmological Society,등재,의약학 > 안과학,1958,연12회,"한국어,영어",대한안과학회,The Korean Ophthalmological Society,,학회
,12269239,Journal of Plant Biology(한국식물학회지),Journal of Plant Biology,등재,자연과학 > 생물학,1958,연6회,"영어,영어",한국식물학회,The Botanical Society Of Korea,,학회
,1225133X,사학연구,The Review of Korean History,등재,인문학 > 역사학,1958,연4회,"한국어,한문",한국사학회,The Historical Society Of Korea,,학회
,12290289,서양사론,The Western History Review,우수등재,인문학 > 역사학,1958,연4회,"한국어,영어",한국서양사학회,The Korean Society For Western History,,학회
20926529,,대한이비인후과학회지 두경부외과학,Korean Journal of Otorhinolaryngology Head and Neck Surgery,등재,의약학 > 이비인후과학,1958,연12회,"한국어,영어",대한이비인후과학회,Korean Society of Otorhinolaryngology-Head and Neck Surgery,,학회
,17399904,법제,,등재후보,사회과학 > 법학,1958,연4회,"한국어,영어",법제처,Ministry of Government Legislation,,일반기관
27139867,12263958,국어교육,Korean Language Education,등재,인문학 > 한국어와문학,1958,연4회,"한국어,영어",한국어교육학회,The Society  Of  Korean Language Education ,,학회
22886796,22886575,Annals of Surgical Treatment and Research,Annals of Surgical Treatment and Research,등재,의약학 > 일반외과학,1958,연12회,한국어,대한외과학회,The Korean Surgical Society,,학회
,5496047,농업경제연구,The Korean Journal of Agricultural Economics,등재,사회과학 > 농업경제학,1958,연4회,"한국어,영어",한국농업경제학회,The Korean Agricultural Economics Association,,학회
27134148,,Clinical and Experimental Pediatrics,Clinical and Experimental Pediatrics,등재,의약학 > 소아과학,1958,연12회,"영어,영어",대한소아청소년과학회,The Korean Pediatric Society,,학회
4548124,12256951,Kyungpook Mathematical Journal,Kyungpook Mathematical Journal,등재,자연과학 > 수학,1958,연4회,"영어,영어",경북대학교 자연과학대학 수학과,,,학회
26720736,15981584,고려법학,Korea Law Review,등재,사회과학 > 법학,1958,연4회,"한국어,영어",법학연구원,Legal Research Institute of Korea University ,고려대학교,대학부설연구소
,12293598,국방연구,,등재,사회과학 > 정책학,1958,연4회,"한국어,영어",국가안전보장문제연구소,Research Institute for National Security Affairs,국방대학교,대학부설연구소
27137104,12264385,아세아연구,The Journal of Asiatic Studies,등재,사회과학 > 지역학,1958,연4회,"한국어,영어",아세아문제연구원,Asiatic Research Institute,고려대학교,대학부설연구소
,17383242,법학논총,Dankook Law Riview,등재,사회과학 > 법학,1958,연4회,"한국어,영어",법학연구소,Institute for legal study ,단국대학교,대학부설연구소
,12292478,경희법학,Kyung Hee Law Journal,등재,사회과학 > 법학 > 법학일반 > 비교법학,1958,연4회,"한국어,영어",법학연구소,"The Institute of Legal Studies, Kyunghee University",경희대학교,대학부설연구소
,12268577,독어독문학,Koreanische Zeitschrift fur Germanistik,등재,인문학 > 독일어와문학,1959,연4회,"한국어,독일어",한국독어독문학회,Koreanische Gesellschaft fur Germanistik,,학회
23839171,12267147,국토계획,Journal of Korea Planning Association,우수등재,공학 > 공학일반,1959,연7회,"한국어,영어",대한국토·도시계획학회,Korea Planners' Association,,학회
2288355X,22883541,Family and Environment Research,Family and Environment Research,등재,자연과학 > 생활과학,1959,연4회,"한국어,영어",대한가정학회,Korean Home Economic Association,,학회
20053789,3012875,대한치과보철학회지,The Journal of Korean Academy of Prosthodontics,등재,의약학 > 치의학,1959,연4회,"한국어,영어",대한치과보철학회,The Korean Academy Of Prosthodontics,,학회
27338916,1229506X,한국정치학회보,Korean Political Science Review,우수등재,사회과학 > 정치외교학,1959,연6회,"한국어,영어",한국정치학회,The Korean Political Science Association,,학회
,12251933,國語學,Journal of Korean Linguistics,우수등재,인문학 > 한국어와문학,1959,연4회,"한국어,영어",국어학회,,,학회
27140113,1598222X,서울대학교 법학,,등재,사회과학 > 법학,1959,연4회,한국어,법학연구소,The Law Research Institute Seoul National University,서울대학교,대학부설연구소
,12290580,영미어문학,Studies in British and American Language and Literature,등재,인문학 > 영어와문학,1959,연4회,"한국어,영어",한국영미어문학회,The British and American Language and Literature Association of Korea,,학회
,12296406,어문론집,The Journal of Lang. & Lit.,등재,인문학 > 한국어와문학,1960,연4회,"한국어,영어",중앙어문학회,The Society Of Chung-Ang Lang. & Lit.,,학회
,22889841,통일인문학,,등재,인문학 > 기타인문학,1960,연4회,한국어,인문학연구원,Konkuk University Humanities Reseach Institute,건국대학교,대학부설연구소
19762437,5135796,Yonsei Medical Journal,Yonsei Medical Journal,등재,의약학 > 의학일반,1960,연12회,"영어,영어",연세대학교의과대학,Yonsei University College of Medicine,,학회
27137627,4944739,대한피부과학회지,Korean Journal  of Dermatology,등재,의약학 > 피부과학,1960,연10회,"한국어,영어",대한피부과학회,Korean Dermalogical Association,,학회
25867369,,한국언론학보,Korean Journal of Journalism & Communication Studies,우수등재,사회과학 > 신문방송학,1960,연6회,"한국어,영어",한국언론학회,Korean Society For Journalism And Communication Studies,,학회
,5404568,미술자료,MISULJARYO,등재,예술체육학 > 미술 > 미술일반 > 미술사,1960,연1회,"한국어,영어",국립중앙박물관,National Museum of Korea,,학회
,12252565,미술사학연구,KOREAN JOURNAL OF ART HISTORY,우수등재,예술체육학 > 미술,1960,연4회,"한국어,영어",한국미술사학회,Art History Association Of Korea,,학회
2466054X,24660493,Investigative and Clinical Urology,Investigative and Clinical Urology,등재,의약학 > 비뇨기과학,1960,연6회,영어,대한비뇨의학회,The Korean Urological Association,,학회
24680842,24680834,Applied Biological Chemistry,Applied Biological Chemistry,등재,농수해양학 > 농학 > 농화학,1960,부정기,영어,한국응용생명화학회,The Korean Society For Applied Biological Chemistry,,학회
,12295302,고문화,KOMUNHWA (Korea Antiquity),등재,인문학 > 역사학,1961,연2회,"한국어,한국어",한국대학박물관협회,Korean Association Of University Museums,,학회
22890041,3744914,새물리,New Physics: Sae Mulli,등재,자연과학 > 물리학,1961,연12회,"한국어,영어",한국물리학회,The Korean Physical Society,,학회
27339343,233900,Korea Journal,Korea Journal,등재,인문학 > 한국어와문학,1961,연4회,영어,한국학중앙연구원,The Academy of Korean Studies,한국학중앙연구원,대학부설연구소
24661392,24661384,대한수의학회지,Korean J. of Veterinary Research,등재,의약학 > 수의학,1961,연4회,"한국어,영어",대한수의학회,The Korean Society Of Veterinary Science,,학회
22890963,10154817,신경정신의학,JOURNAL OF THE KOREAN NEUROPSYCHIATRIC ASSOCIATION,등재,의약학 > 정신과학,1962,연4회,"한국어,영어",대한신경정신의학회,Korean Neuropsychiatric Association,,학회
26718286,1226850x,중국학보,the CHUNG KUK HAK PO,등재,인문학 > 중국어와문학,1962,연4회,"한국어,중국어",한국중국학회,,,학회
,12250643,사회과교육,sahoekwakyoyuk(social studies education),등재,사회과학 > 교육학,1962,연4회,"한국어,한국어",한국사회과교육연구학회,Korean Social Studies Association,,학회
2287545X,12250171,한국응용곤충학회지,Korean Journal of Applied Entomology,등재,농수해양학 > 농학 > 농생물,1962,연4회,"한국어,영어",한국응용곤충학회,Korean Society Of Applied Entomology,,학회
22888241,17388228,대한금속·재료학회지,Korean Journal of Metal and Materials,등재,공학 > 재료공학,1962,연12회,"한국어,영어",대한금속·재료학회,The Korean Institute Of Metals And Meterials,,학회
27338665,12253928,어문론총,Eo-Mun-Lon-Chong,등재,인문학 > 한국어와문학,1962,연4회,"한국어,한국어",한국문학언어학회,,,학회
,20931875,항도부산,HANGDO BUSAN,등재,인문학 > 역사학,1962,연2회,한국어,부산광역시사편찬위원회,,,학회
25866621,25866613,한국산림과학회지,Journal of Korean Society of Forest Science ,등재,농수해양학 > 임학,1962,연4회,"한국어,영어",한국산림과학회,Korean Society of Forest Science,,학회
,1598429X,원광법학,,등재,사회과학 > 법학 > 기타법학,1962,연4회,한국어,법학연구소,Journal of Law research,원광대학교,대학부설연구소
,12296694,행정논총,,등재,사회과학 > 행정학,1962,연4회,한국어,한국행정연구소,Korean Institute of Public Affairs,서울대학교,대학부설연구소
27137600,12250783,어문연구,EOMUNYEONGU,등재,인문학 > 한국어와문학,1962,연4회,"한국어,영어",어문연구학회,The Research Socierty Of Language And Literature,,학회
26717697,12259241,아시아여성연구,,등재,복합학 > 여성학,1962,연3회,한국어,아시아여성연구원,Research Institute of Asian Women ,숙명여자대학교,대학부설연구소
27338738,12291730,한국언어문학,Korean Language & Literature,등재,인문학 > 한국어와문학,1963,연4회,"한국어,한국어",한국언어문학회,Korean Language & Literature,,학회
17380006,234001,The Korean Journal of Parasitology,The Korean Journal of Parasitology,등재,의약학 > 예방의학,1963,연6회,"영어,영어",대한기생충학ㆍ열대의학회,The Korean Society For Parasitology and Tropical Medicine,,학회
22879633,12251380,수학교육,The Mathematical Education,등재,사회과학 > 교육학 > 교과교육학,1963,연4회,"한국어,한국어",한국수학교육학회,,,학회
27138763,12269727,철학연구,"Philosophia , Journal of Korean Philosophical Society",등재,인문학 > 철학,1963,연4회,"한국어,한국어",대한철학회,Korean Philosophical Society,,학회
,12256633,대한지리학회지,Journal of the Korean Geographical Society,우수등재,사회과학 > 지리학,1963,연6회,"한국어,영어",대한지리학회,,,학회
25862146,12266736,새국어교육,KOREAN EDUCATION,등재,인문학 > 한국어와문학 > 국어교육,1963,연4회,"한국어,영어",한국국어교육학회,The Association of Korean Education,,학회
22339558,0304128X,Korean Chemical Engineering Research(HWAHAK KONGHAK),Korean Chemical Engineering Research,등재,공학 > 화학공학,1963,연4회,"한국어,영어",한국화학공학회,The Korean Institute of Chemical Engineers,,학회
27135926,12254150,교육학연구,Korean Journal of Educational Research,우수등재,사회과학 > 교육학,1963,연4회,"한국어,한국어",한국교육학회,The Korean Education Research Association,,학회
22878432,2529777,한국작물학회지,KOREAN JOURNAL OF CROP SCIENCE,등재,농수해양학 > 농학,1963,연4회,"한국어,영어",한국작물학회,Korean Society Of Crop Science,,학회
22883339,10100695,대한한의학회지,Journal of Korean Medicine,등재,의약학 > 한의학,1963,연4회,"한국어,영어",대한한의학회,The Society of Korean Medicine,,학회
,15984818,국제정치논총,Korean Journal of International Relations,우수등재,사회과학 > 정치외교학,1963,연4회,"한국어,영어",한국국제정치학회,The Korean Association Of International Studies,,학회
27140040,12253820,대동문화연구,DAEDONG MUNHWA YEON'GU,등재,인문학 > 기타인문학,1963,연4회,한국어,대동문화연구원,Daedong Institute for Korean Studies,성균관대학교,대학부설연구소
23839902,4402413,미생물학회지,Korean Journal of Microbiology,등재,자연과학 > 생물학,1963,연4회,"한국어,영어",한국미생물학회,The Microbiological Society Of Korea,,학회
,15985202,중등교육연구,SECONDARY EDUCATION RESEARCH,등재,사회과학 > 교육학,1963,연4회,한국어,사범대학부속중등교육연구소,Secondary Education Institute,경북대학교,대학부설연구소
,12261386,불교학보,,등재,인문학 > 불교학 > 기타불교학,1963,연4회,"한국어,영어",불교문화연구원,Institute for Buddhist Culture,동국대학교,대학부설연구소
,26718944,호남학,The Journal of Honam Studies,등재,인문학 > 기타인문학,1963,연2회,한국어,호남학연구원,Institute of Honam Studies,전남대학교,대학부설연구소
22882928,17382637,대한영상의학회지,Journal of the Korean Society of Radiology (JKSR),등재,의약학 > 방사선과학,1964,연6회,"한국어,영어",대한영상의학회,The Korean Society of Radiology,,학회
,12298611,보험학회지,KOREAN JOURNAL OF INSURANCE,등재,사회과학 > 경영학,1964,연4회,"한국어,영어",한국보험학회,Korean Insurance Academic Society,,학회
23340491,12297801,한국세라믹학회지,Journal of The Korean Ceramic Society,등재,공학 > 재료공학,1964,연6회,"한국어,영어",한국세라믹학회,The Korean Ceramic Society,,학회
22877355,12251143,대한조선학회 논문집,Journal of the Society of Naval Architects of Korea,등재,공학 > 조선공학,1964,연6회,"한국어,영어",대한조선학회,The Society Of Naval Architects Of Korea,,학회
,12250120,한국사회학,Korean Journal of Sociology,우수등재,사회과학 > 사회학,1964,연4회,한국어,한국사회학회,The Korean Sociological Association,,학회
,12251089,한국섬유공학회지,Textile Science and Engineering,우수등재,공학 > 섬유공학,1964,연6회,"한국어,영어",한국섬유공학회,The Korean Fiber Society,,학회
20926413,12263613,Experimental and Molecular Medicine,Experimental and Molecular Medicine,등재,의약학 > 생화학,1964,부정기,영어,생화학분자생물학회,Korean Society Of Biochemistry And Molecular Biology,,학회
25088629,17386195,언론정보연구,Journal of Communication Research,등재,사회과학 > 신문방송학,1964,연4회,한국어,언론정보연구소,Institute of Communication Research,서울대학교,대학부설연구소
22343008,3049914,대한수학회지,Journal of the KMS,등재,자연과학 > 수학,1964,연6회,영어,대한수학회,The Korean Mathematical Society,,학회
22337393,22337385,전남의대학술지,Chonnam Medical Journal,등재,의약학 > 의학일반 > 기타의학일반,1964,연3회,"영어,영어",의과학연구소,Chonnam Research Institute of Medical Sciences,전남대학교,대학부설연구소
22343016,10158634,대한수학회보,Bulletin of the KMS,등재,자연과학 > 수학,1964,연6회,영어,대한수학회,The Korean Mathematical Society,,학회
27338975,20052715,한국군사학논집,Korean Journal of Military Art and Science,등재,사회과학 > 군사학 > 군사이론,1964,연3회,"한국어,영어",화랑대연구소,Hwarang Dae Research Institute,육군사관학교,대학부설연구소
22887377,4354036,지질학회지,Journal of the Geological Society of Korea,등재,자연과학 > 지질학,1964,연6회,"한국어,영어",대한지질학회,The Geological Society Of Korea,,학회
26720787,12297925,민족문화연구,Korean Cultural Studies,등재,인문학 > 기타인문학,1964,연4회,한국어,민족문화연구원,Research Institute of Korean Studies,고려대학교,대학부설연구소
,12294683,이화사학연구,EWHA SAHAK YEONGU,등재,인문학 > 역사학 > 역사일반 > 기타역사일반,1964,연2회,한국어,이화사학연구소,Ewha Historical Institutions,이화여자대학교,대학부설연구소
,12294306,동악어문학,Journal of Dong-ak Language and Literature,등재,인문학 > 한국어와문학,1965,연3회,"한국어,영어",동악어문학회,Dong-ak Society of Language and Literature,,학회
22113460,22113452,"Horticulture, Environment, and Biotechnology","Horticulture, Environment, and Biotechnology",등재,농수해양학 > 농학 > 원예학,1965,연6회,"한국어,영어",한국원예학회,Korean Society For Horticultural Science,,학회
,12262668,Shakespeare Review,Shakespeare Review,등재,인문학 > 영어와문학,1965,연4회,"한국어,영어",한국셰익스피어학회,The Shakespeare Association Of Korea,,학회
,12260800,문화재,MUN HWA JAE - Annual Review in Cultural Heritage Studies,등재,인문학 > 역사학,1965,연4회,"한국어,한국어",국립문화재연구소,National Research Institute of Cultural Properties,,일반기관
26719312,10177108,영어교육,English Teaching,등재,인문학 > 영어와문학,1965,연4회,"한국어,영어",한국영어교육학회,Korea Association Of Teachers Of English,,학회
22879005,12291889,품질경영학회지,Journal of Korean Society for Quality Management,등재,공학 > 산업공학,1965,연4회,"한국어,영어",한국품질경영학회,Korean Society For Quality Management,,학회
27334082,12299545,사림,"SARIM, The Historical Journal",등재,인문학 > 역사학,1965,연4회,"한국어,한국어",수선사학회,,,학회
,12293946,국어문학,,등재,인문학 > 한국어와문학,1965,연3회,"한국어,한국어",국어문학회,,,학회
,12268682,영어영문학연구,Studies in English Language & Literature,등재,인문학 > 영어와문학,1965,연4회,"한국어,영어",대한영어영문학회,The Association of English Language and Literature in Korea,,학회
2713945X,,불어불문학연구,Etudes de Langues et Litterature Francaises,등재,인문학 > 프랑스어와문학,1965,연4회,"한국어,프랑스어",한국불어불문학회,Societe Coreenne De Langue Et Litterature Francaises,,학회
19767951,19767633,Asia-Pacific Journal of Atmospheric Sciences,Asia-Pacific Journal of Atmospheric Sciences,등재,자연과학 > 대기과학,1965,연4회,한국어,한국기상학회,Korean Meteorological Society,,학회
25867113,2544474,어학연구,LANGUAGE RESEARCH,등재,인문학 > 언어학,1965,연3회,"한국어,영어",언어교육원,Language Education Institute,서울대학교,대학부설연구소
26717565,15987213,철학탐구 ,Philosophical Investigation,등재,인문학 > 철학,1965,연4회,"한국어,영어",중앙철학연구소,Institute of philosophy in Chung-Ang Univ.,중앙대학교,대학부설연구소
,12253529,사회과학논집,,등재,사회과학 > 사회과학일반 > 기타사회과학일반,1965,연2회,"한국어,영어",사회과학연구소,"Social Science Research Institute, Yonsei University",연세대학교,대학부설연구소
22887725,20929676,엘라스토머 및 콤포지트,Elastomers and Composites,등재,공학 > 고분자공학,1966,연4회,"한국어,영어",한국고무학회,The Rubber Society of Korea,,학회
20057172,17385261,Ocean Science Journal,Ocean Science Journal,등재,자연과학 > 해양학,1966,연4회,"영어,영어",한국해양과학기술원,Korea Institute of Ocean Science & Technology,,일반기관
23843268,23844434,대한치과재료학회지,Korean Journal of Dental Materials,등재,의약학 > 치의학,1966,연4회,"한국어,영어",대한치과재료학회,Korean Society For Dental Materials,,학회
,1229022X,철학연구,Journal of The Society of philosophical studies,등재,인문학 > 철학,1966,연4회,한국어,철학연구회,The Society Of Philosophical Studies,,학회
,12282472,SPACE,SPACE,등재,공학 > 건축공학 > 건축계획/설계,1966,연12회,"한국어,영어",주식회사 씨앤비미디어,"CNB Media Co.,Ltd.",,일반기관
22880011,2287979X,Blood Research,Blood Research,등재,의약학 > 병리학,1966,연4회,영어,대한혈액학회,,,학회
20059256,15982998,Cancer Research and Treatment,Cancer Research and Treatment,등재,의약학 > 의학일반,1966,연4회,"한국어,영어",대한암학회,Korean Cancer Association,,학회
,12257109,백산학보,The Paek-San Hakpo,등재,인문학 > 역사학,1966,연3회,"한국어,영어",백산학회,Paek-San  Society,,학회
,12266388,어문논집,Journal of The Society of Korean Language and Literature,등재,인문학 > 한국어와문학,1966,연3회,"한국어,한국어",민족어문학회,The Society Of Korean Language And Literature,,학회
20058918,12262102,대한정형외과학회지,Journal of the Korean Orthopaedic Association,등재,의약학 > 정형외과학,1966,연6회,"한국어,영어",대한정형외과학회,The Korean Orthopaedic Association,,학회
27136973,22883479,회계ㆍ세무와 감사 연구,"Study on Accounting, Taxation & Auditing",등재,사회과학 > 회계학,1966,연4회,"한국어,한국어",한국공인회계사회,THE KOREAN INSTITUTE OF CERTIFIED PUBLIC ACCOUNTANTS,,일반기관
27136019,12251461,한국교육사학,The Korean journal of history of education ,등재,사회과학 > 교육학,1967,연4회,"한국어,한국어",한국교육사학회,The Korean Society for History of Education,,학회
21738259,12261270,동양사학연구, Journal of Asian Historical Studies,우수등재,인문학 > 역사학,1967,연4회,한국어,동양사학회,The Society For Asian Historical Studies,,학회
,17387620,현대영어영문학,Modern Studies in English Language and Literature,등재,인문학 > 영어와문학,1967,연4회,"한국어,영어",한국현대영어영문학회,The Modern English Society Of Korea,,학회
27338754,12262536,한국행정학보,Korean Public Administration Review,우수등재,사회과학 > 행정학,1967,연4회,"한국어,영어",한국행정학회,The Korean Association For Public Administration,,학회
22881123,22881115,생태와 환경,Korean Journal of Ecology and Environment,등재,공학 > 환경공학,1967,연4회,"한국어,영어",한국하천호수학회,The Korean Society Of Limnology,,학회
20937784,1225388X,대한구강보건학회지,Journal of Korean Academy of Oral Health,등재,의약학 > 치의학,1967,연4회,"한국어,영어",대한예방치과·구강보건학회,The Korean Academy of Preventive Dentistry and Oral Health,,학회
2288890X,12254614,Journal of the Korean Astronomical Society,Journal of the Korean Astronomical Society,등재,자연과학 > 천문학,1967,연6회,"영어,한국어",한국천문학회,Korean Astronomical Society,,학회
22881662,17383544,대한임상검사과학회지,Korean Journal of Clinical Laboratory Science,등재,자연과학 > 기타자연과학,1967,연4회,"한국어,영어",대한임상검사과학회,Korean Society for Clinical Laboratory Science,,학회
,12251577,대한구강악안면병리학회지,The Korean Journal  of Oral and Maxillofacial Pathology,등재,의약학 > 치의학,1967,연6회,"한국어,영어",대한구강악안면병리학회,Korean Academy Of Oral And Maxillofacial Pathology,,학회
18693482,18693474,Nuclear Medicine and Molecular Imaging ,Nuclear Medicine and Molecular Imaging,등재,의약학 > 방사선과학 > 핵의학,1967,연6회,"영어,한국어",대한핵의학회,The Korean Society of Nuclear Medicine,,학회
,19750625,사회과학연구,Journal of Social Science,등재,사회과학 > 사회과학일반 > 기타사회과학일반,1967,연2회,한국어,사회과학연구원,Institute of Social Science,강원대학교,대학부설연구소
,15982963,백제문화,The Journal of Paekche Culture,등재,인문학 > 역사학 > 한국사 > 한국고대사,1967,연2회,"한국어,한문",백제문화연구소,"The Institute of Paekche Culture, Kongju National University",공주대학교,대학부설연구소
23837845,23837837,Journal of Pathology and Translational Medicine,Journal of Pathology and Translational Medicine,등재,의약학 > 병리학,1967,연6회,영어,대한병리학회,,,학회
,1226055X,한국문화인류학,Korean Cultural Anthropology,등재,인문학 > 역사학,1968,연3회,한국어,한국문화인류학회,,,학회
,12293903,비교교육연구,Korean Journal of Comparative Education,등재,사회과학 > 교육학,1968,연6회,"한국어,영어",한국비교교육학회,Korean Comparative Education Society,,학회
,15983293,영어영문학연구,The Jungang Journal of English Language and Literature,등재,인문학 > 영어와문학,1968,연4회,"한국어,영어",한국중앙영어영문학회,The Jungang English Language And Literature Association Of Korea,,학회
22887962,12257281,자원환경지질,Economic and Environmental Geology,등재,자연과학 > 지질학,1968,연6회,"한국어,영어",대한자원환경지질학회,Korea Society Of Economic&Environmental Geology,,학회
,1229067X,한국심리학회지:일반,Korean Journal of Psychology: General,우수등재,사회과학 > 심리과학,1968,연4회,"한국어,영어",한국심리학회,The Korean Psychological Association,,학회
,12290297,신학전망,Theological Perspective,등재,인문학 > 가톨릭신학 > 기타가톨릭신학,1968,연4회,"한국어,영어",신학연구소,,광주가톨릭대학교,대학부설연구소
20936516,2233601X,The Korean Journal of Thoracic and Cardiovascular Surgery,The Korean Journal of Thoracic and Cardiovascular Surgery,등재,의약학 > 흉부외과학,1968,연6회,"한국어,영어",대한흉부외과학회,Korean Society For Thoracic And Cardiovascular Surgery,,학회
22334521,19758375,예방의학회지,Journal of Preventive Medicine and Public Health ,등재,의약학 > 예방의학,1968,연6회,"한국어,영어",대한예방의학회,The Korean Society For Preventive Medicine,,학회
22336869,15989992,대한소화기학회지,The Korean Journal of Gastroenterology,등재,의약학 > 내과학,1968,연12회,"한국어,영어",대한소화기학회,The Korean Society Of Gastroenterology,,학회
22878815,3748111,한국수산과학회지, Korean Journal of Fisheries and Aquatic Sciences,등재,농수해양학 > 수산학,1968,연6회,"한국어,영어",한국수산과학회,The Korean Society of Fisheries and Aquatic Science,,학회
22876138,12266280,한국수자원학회 논문집,JOURNAL OF KOREA WATER RESOURCES ASSOCITION,등재,공학 > 토목공학,1968,연12회,"한국어,한국어",한국수자원학회,,,학회
,1226296X,한국사연구,The Journal of Korean History,우수등재,인문학 > 역사학,1968,연4회,"한국어,한국어",한국사연구회,The Association For Korean Historical Studies,,학회
19768524,3744884,Journal of the Korean Physical Society,,등재,자연과학 > 물리학,1968,연12회이상,영어,한국물리학회,The Korean Physical Society,,학회
22888403,12258024,한국표면공학회지,Journal of The Korean Institute of Surface Engineering,등재,공학 > 기계공학,1968,연6회,"한국어,영어",한국표면공학회,The Korean Institute Of Surface Engineering,,학회
20057563,20056419,Korean Journal of Anesthesiology,Korean Journal of Anesthesiology,등재,의약학 > 마취과학,1968,연6회,영어,대한마취통증의학회,Korean Society Of Anesthesiologists,,학회
22883959,22883886,Journal of Nutrition and Health,Journal of Nutrition and Health,등재,자연과학 > 생활과학 > 영양학,1968,연6회,"한국어,영어",한국영양학회,The Korean Nutrition Society,,학회
1976670X,19766696,BMB Reports,BMB Reports,등재,자연과학 > 화학,1968,연12회,영어,생화학분자생물학회,Korean Society Of Biochemistry And Molecular Biology,,학회
25863053,233919,Korea Observer,Korea Observer,등재,사회과학 > 정치외교학,1968,연4회,"영어,영어",한국학술연구원,Institute of Korean Studies,,학회
,2572397,식품과학과 산업,Food Science and Industry,등재후보,농수해양학 > 식품과학,1968,연4회,한국어,한국식품과학회,Korean Society of Food Science and Technology,,학회
20933673,20933665,Anatomy and Cell Biology,Anatomy and Cell Biology,등재후보,의약학 > 해부학,1968,연4회,영어,대한해부학회,The Korean Association Of Anatomists,,학회
22882162,3676315,한국토양비료학회지(Korean Journal of Soil Science and Fertilizer),Korean Journal of Soil Science & Fertilizer,등재,농수해양학 > 농학,1968,연4회,"한국어,영어",한국토양비료학회,Korean Society Of Soil Sciences And Fertilizer,,학회
2733497X,12253014,국어교육연구,The Journal of Korean Language and Literature Education,등재,인문학 > 한국어와문학,1969,연3회,"한국어,한국어",국어교육학회(since1969),The Society Of Korean Language And Literature Education,,학회
,12296953,한국민속학,,등재,인문학 > 역사학,1969,연2회,"한국어,한국어",한국민속학회,,,학회
26719924,26719940,수산해양기술연구,Journal of the Korean Society of Fisheries and Ocean Technology ,등재,농수해양학 > 수산학,1969,연4회,"한국어,한국어",한국수산해양기술학회,The Korean Society of Fisheries and Ocean Technology,,학회
22875174,2503360,한국육종학회지,KOREAN JOURNAL OF BREEDING SCIENCE,등재,농수해양학 > 농학,1969,연4회,"한국어,영어",한국육종학회,The Korean Breeding Society,,학회
,2533200,펄프종이기술,Journal of Korea TAPPI,등재,농수해양학 > 임학,1969,연6회,"한국어,영어",한국펄프·종이공학회,Korea Technical Association Of The Pulp And Paper Industry ,,학회
,12263753,미국학 논집,Journal of American Studies,등재,인문학 > 영어와문학,1969,연3회,"한국어,영어",한국아메리카학회,The American Studies Association Of Korea,,학회
,2533073,생약학회지,Korean Journal of Pharmacognosy,등재,의약학 > 약학,1969,연4회,"한국어,영어",한국생약학회,The Korean Society Of Pharmacognosy,,학회
27138976,17387361,농업교육과 인적자원개발,Journal ofAgricultural Education and Human Resource Development,등재,사회과학 > 교육학,1969,연4회,"한국어,영어",한국농·산업교육학회,The Korean Society for Agricultural Education and Human Resource Development,,학회
,3676293,한국식품과학회지,Korean Journal of Food Science and Technology,등재,농수해양학 > 식품과학,1969,연6회,한국어,한국식품과학회,Korean Society of Food Science and Technology,,학회
24661546,12258318,식물분류학회지,Korean Journal of plant Taxonomy,등재,자연과학 > 생물학,1969,연4회,"한국어,영어",한국식물분류학회,The Korean Society of Plant Taxonomists,,학회
,12291471,지역개발연구 (The Studies in Regional Development),The Studies in Regional Development,등재,사회과학 > 경제학 > 권역경제 > 지역경제,1969,연2회,"한국어,영어",지역개발연구소,The Center for Regional Development ,전남대학교,대학부설연구소
22874445,22875123,한국현미경학회지,Applied Microscopy,등재,자연과학 > 자연과학일반,1969,연4회,영어,한국현미경학회,Korean Society Of Microscopy,,학회
,17380421,한국출판학연구,Studies of Korean Science,등재,사회과학 > 신문방송학,1969,연6회,"한국어,한국어",한국출판학회,,,학회
,12259039,대구사학,DAEGUSAHAK,등재,인문학 > 역사학,1969,연4회,"한국어,한국어",대구사학회,Daegu Sahakhoe,,학회
2234358X,17385733,Nuclear Engineering and Technology,Nuclear Engineering and Technology,등재,공학 > 원자력공학,1969,연12회,"영어,영어",한국원자력학회,Korean Nuclear Society,,학회
20926448,20932340,Infection and Chemotherapy,,등재,의약학 > 내과학,1969,연4회,영어,대한감염학회,The Korean Society Of Infectious Diseases,,학회
,12262587,대한화장품학회지,journal of the society of cosmetic scientists of korea,등재,의약학 > 피부과학 > 피부미용,1970,연4회,"한국어,영어",대한화장품학회,The Society of Cosmetic Scientists of Korea,,학회
22875387,12256625,한국가금학회지,Korean Journal of Poultry Science,등재,농수해양학 > 축산학 > 기타축산학,1970,연4회,"한국어,영어",한국가금학회,Korean Society Of Poultry Science,,학회
2005372X,22347518,대한치과교정학회지,The Korean Journal of Orthodontics,등재,의약학 > 치의학,1970,연6회,영어,대한치과교정학회,The Korean Association Of Orthodontists,,학회
22881727,12251011,수산경영론집,The Journal of Fisheries Business Administration,등재,농수해양학 > 수산학,1970,연4회,"한국어,영어",한국수산경영학회,The Fisheries Business Administration  Society Of Korea,,학회
,1225598X,한국문헌정보학회지,Journal of the Korean Library and Information Science Society,우수등재,복합학 > 문헌정보학,1970,연4회,"한국어,영어",한국문헌정보학회,,,학회
27137112,1229392X,경인교육대학교 교육연구원 교육논총,The Journal of Education,등재,사회과학 > 교육학 > 분야교육 > 초등교육,1970,연4회,"한국어,영어",교육연구원,The Institute for Education and Research Gyeongin National University of Education,경인교육대학교,대학부설연구소
,12266906,백제연구,,등재,인문학 > 역사학,1970,연2회,"한국어,영어",백제연구소,paekche reserch institute,충남대학교,대학부설연구소
2093758X,,Journal of Korean Academy of Nursing,Journal of Korean Academy of Nursing,등재,의약학 > 간호학,1970,연6회,"한국어,영어",한국간호과학회,Korean Society of Nursing Science,,학회
17485967,17485967,Entomological Research,Entomological Research,등재,자연과학 > 생물학,1971,연12회,영어,한국곤충학회,,,학회
17385555,17385520,Korean Circulation Journal,Korean Circulation Journal,등재,의약학 > 내과학,1971,연12회,영어,대한심장학회,The Korean Society of Cardiology,,학회
,12299073,화약 발파,Explosives & Blasting,등재후보,공학 > 자원공학 > 지반/시추/발파공학,1971,연4회,한국어,대한화약발파공학회,Korean Society Of Explosives And Blast Engineering,,학회
,12254444,공법연구,Public Law,우수등재,사회과학 > 법학,1971,연4회,한국어,한국공법학회,Korean Public Law Association,,학회
,12251445,고전문학연구,Journal of Korean Classical Literature,등재,인문학 > 한국어와문학,1971,연2회,한국어,한국고전문학회,Korean Classical Literature Association,,학회
,12250732,美學(미학),Mihak -The Korean Journal of Aesthetics,등재,인문학 > 철학,1971,연4회,"한국어,영어",한국미학회,The Korean Society Of Aesthetics,,학회
,12261874,경영학연구,korean management review,우수등재,사회과학 > 경영학,1971,연6회,"한국어,한국어",한국경영학회,Korean Academic Society Of Business Administration,,학회
20932286,20932278,Journal of Periodontal & Implant Science,Journal of Periodontal & Implant Science ,등재,의약학 > 치의학,1971,연6회,"영어,영어",대한치주과학회,The Korean Academy Of Periodontology,,학회
,12293199,동양학,The Oriental Studies,등재,인문학 > 기타인문학,1971,연4회,"한국어,영어",동양학연구원,"Academy of Asian Studies, Dankook University",단국대학교,대학부설연구소
,19754604,한국음악연구,STUDIES IN KOREAN MUSIC,등재,예술체육학 > 음악학,1971,연2회,"한국어,영어",한국국악학회,,,학회
20936214,20935552,Journal of Pharmaceutical Investigation,Journal of Pharmaceutical Investigation,등재,의약학 > 약학,1971,연6회,영어,한국약제학회,The Korean Society of Pharmaceutical Sciences and Technology,,학회
25084550,15988457,인문과학,,등재,인문학 > 기타인문학,1971,연4회,"한국어,다수언어",인문학연구원,Institute for Humanities,성균관대학교,대학부설연구소
22337830,22337822,Imaging Science in Dentistry,Imaging Science in Dentistry,등재,의약학 > 치의학,1971,연4회,"영어,영어",대한영상치의학회,Korean Academy Of Oral And Maxillofacial Radiology,,학회
,17383617,韓國宗敎,Religions of Korea,등재후보,인문학 > 종교학,1971,연2회,"한국어,영어",종교문제연구소,The Research Center of Religions,원광대학교,대학부설연구소
,12292435,한국비블리아학회지,Journal of the Korean Biblia Society for Library and Information Science,등재,복합학 > 문헌정보학,1972,연4회,"한국어,영어",한국비블리아학회,Journal Of The Korean Biblia Society For Library And Information Science,,학회
,12263516,종교연구,Studies in Religion(The Journal of the Korean Association for the History of Religions),등재,인문학 > 종교학,1972,연3회,"한국어,영어",한국종교학회,Korean Association For The History Of Religions,,학회
22336087,22336079,Diabetes and Metabolism Journal,Diabetes and Metabolism Journal,등재,의약학 > 내과학,1972,연6회,영어,대한당뇨병학회,Korean Diabetes Association,,학회
,2234876X,생물교육,BIOLOGY EDUCATION,등재,사회과학 > 교육학,1972,연4회,"한국어,영어",한국생물교육학회,The Korean Society of Biology Education,,학회
22885978,12263311,한국식품영양과학회지,Journal of the Korean Society of Food Science and Nutrition,등재,농수해양학 > 식품과학,1972,연12회,"한국어,한국어",한국식품영양과학회,The Korean Society of Food Science and Nutrition,,학회
27137562,12256854,인권과 정의,Human Right and Justice,등재,사회과학 > 법학,1972,연8회,"한국어,한국어",대한변호사협회,Korean Bar Associtaion,,일반기관
27338886,15987280,시민교육연구,Theory and Research in Citizenship Education,등재,사회과학 > 교육학,1972,연4회,"한국어,한국어",한국사회과교육학회,Korea Association of Social Education,,학회
15987876,20053711,대한신경외과학회지,Journal of Korean Neurosurgical Society,등재,의약학 > 신경외과학,1972,연6회,영어,대한신경외과학회,The Korean Neurosurgical Society,,학회
,17384087,한국환경보건학회지,JOURNAL OF ENVIRONMENTAL HEALTH SCIENCES,우수등재,의약학 > 예방의학,1972,연6회,"한국어,영어",한국환경보건학회,,,학회
22886524,15986462,CORROSION SCIENCE AND TECHNOLOGY,CORROSION SCIENCE AND TECHNOLOGY,등재,공학 > 금속공학,1972,연6회,"영어,한국어",한국부식방식학회,The Corrosion Science Society of Korea,,학회
,12268089,역사와 담론,HISTORY AND DISCOURSE(Journal of Historycal Review),등재,인문학 > 역사학,1972,연4회,"한국어,중국어",호서사학회,The Ho-Suh Historical Association,,학회
22875832,22875824,한국초지조사료학회지,Journal of The Korean Society of Grassland Science,등재,농수해양학 > 축산학 > 초지학/목초생산,1972,연4회,"한국어,영어",한국초지조사료학회,The Korean  Society of Grassland and Forage Science,,학회
,12250511,윤리연구,Journal of Ethics,등재,복합학 > 학제간연구,1972,연4회,"한국어,한국어",한국윤리학회,The Korean Association of Ethics,,학회
27138275,27138267,용봉인문논총,Yongbong Journal of Humanities,등재,인문학 > 기타인문학,1972,연2회,"한국어,영어",인문학연구소,Institute of Humanities,전남대학교,대학부설연구소
23837489,20051484,교사교육연구,Teacher Education Research,등재,사회과학 > 교육학 > 분야교육 > 교사교육,1972,연4회,"한국어,영어",과학교육연구소,RESEARCH INSTITUTE FOR SCIENCE EDUCATION,부산대학교,대학부설연구소
,12293652,중앙사론,,등재,인문학 > 역사학,1972,연2회,,중앙사학연구소,Institute for Historical Studies at Chung-Ang University,중앙대학교,대학부설연구소
25863665,20927401,기전문화연구,Journal of Kijeon Cultural Studies,등재후보,인문학 > 기타인문학,1972,연2회,"한국어,영어",기전문화연구소,Institute For Kyeongki Cultural Studies,경인교육대학교,대학부설연구소
22347305,1598642X,한국미생물·생명공학회지,Microbiology and Biotechnology Letters,등재,자연과학 > 생물학,1973,연4회,"한국어,영어",한국미생물·생명공학회,The Korean Society For Microbiology And Biotechnology,,학회
23835249,0253651X,한국균학회지,The Korean Journal of Mycology,등재,자연과학 > 생물학 > 미생물학 > 균학,1973,연4회,"한국어,영어",한국균학회,The Korean Society of Mycology,,학회
,12251453,일본학보,The Korean Journal of Japanology,등재,인문학 > 일본어와문학,1973,연4회,"한국어,일본어",한국일본학회,Korea Association Of Japanology,,학회
20052863,12263192,Journal of the Korean Statistical Society,Journal of the Korean Statistical Society,등재,자연과학 > 통계학,1973,연4회,영어,한국통계학회,The Korean Statistical Society,,학회
27138240,12254398,퇴계학보,The T'oegye Hakbo(The Journal of T'oegye Studies),등재,인문학 > 유교학,1973,연2회,"한국어,영어",퇴계학연구원,,,일반기관
,12253766,국토지리학회지,The Geographical Journal of Korea,등재,사회과학 > 지리학,1973,연4회,"한국어,영어",국토지리학회,The Korean Association of Professional Geographers,,학회
23838493,22889272,Journal of Oral Medicine and Pain,Journal of Oral Medicine and Pain,등재,의약학 > 치의학,1973,연4회,영어,대한안면통증구강내과학회,THE KOREAN ACADEMY OF OROFACIAL PAIN AND ORAL MEDICINE,,학회
23841397,12292818,Journal of Plant Biotechnology,Journal of Plant Biotechnology,등재,농수해양학 > 농학,1973,연4회,"한국어,영어",한국식물생명공학회,Korean Society for Plant Biotechnology,,학회
,12274879,신학사상,THEOLOGICAL THOUGHT,등재,인문학 > 기독교신학,1973,연4회,"한국어,한국어",신학사상연구소,Theological Thought Institute,한신대학교,대학부설연구소
,12294179,음악교육연구,Korean Journal of Research in Music Education,우수등재,예술체육학 > 음악학,1973,연4회,"한국어,한국어",한국음악교육학회,Korean Music Education Society,,학회
,12291617,어문연구(語文硏究),The Society for Korean Language & Literary Research,등재,인문학 > 한국어와문학,1973,연4회,"한국어,한문",한국어문교육연구회,The Society for Korean Language ＆ Literary Research,,학회
2733628X,12262943,중국문학,CHINESE LITERATURE,등재,인문학 > 중국어와문학,1973,연4회,"한국어,중국어",한국중국어문학회,The Society For Chinese Language And Literature,,학회
25082779,,배달말,Korean Language,등재,인문학 > 한국어와문학,1973,연2회,한국어,배달말학회,,,학회
,12251348,한국항공우주학회지,Journal of The Korean Society Aeronautical and Space Sciences,우수등재,공학 > 항공우주공학,1973,연12회,"한국어,영어",한국항공우주학회,The Korean Society For Aeronautical And Space Sciences,,학회
21964424,12250368,Korean Social Science Journal,Korean Social Science Journal,등재,사회과학 > 사회과학일반,1973,연2회,"영어,영어",한국사회과학협의회,Korean Social Science Research Council,,학회
22337180,10170715,목재공학,Journal of the Korean Wood Science and Technology,등재,농수해양학 > 임학 > 임산가공학 > 목재공학/과학,1973,연6회,"영어,한국어",한국목재공학회,The Korean Society Of Wood Science & Technology,,학회
,1226508X,Global Economic Review,,등재,사회과학 > 경제학 > 경제학일반,1973,연4회,"영어,영어",동서문제연구원,Institute of East and West Studies,연세대학교,대학부설연구소
2713735X,15987124,새한영어영문학,The New Korean Journal of English Language & Literature,등재,인문학 > 영어와문학,1973,연4회,"한국어,영어",새한영어영문학회,The New Korean Association of English Language and Literature,,학회
,20050828,지역과 세계,Locality and Globality: Korean Journal of Social Sciences,등재,사회과학 > 기타사회과학,1973,연4회,"한국어,영어",사회과학연구소,Social Science Research Institute,전북대학교,대학부설연구소
,15988937,법학연구,CHONBUK LAW REVIEW,등재,사회과학 > 법학 > 법학일반 > 법학교육,1973,연3회,"한국어,영어",부설법학연구소,LEGAL RESEARCH INSTITUTE CHONBUK NATIONAL UNIVERSITY,전북대학교,대학부설연구소
26717581,12254967,언어와언어학,,등재,인문학 > 언어학,1973,연4회,"한국어,영어",언어연구소,Language Research Institute(LRI),한국외국어대학교,대학부설연구소
22889566,12251755,한국조경학회지,Journal of the Korean Institute of Landscape Architecture,우수등재,농수해양학 > 조경학,1973,연6회,"한국어,한국어",한국조경학회,Korean Institute Of Landscape Architecture,,학회
,12255726,法學論文集,,등재,사회과학 > 법학 > 기타법학,1973,연3회,한국어,법학연구원,Institute of Legal Research Chung-Ang University,중앙대학교,대학부설연구소
,12268879,법학연구,,등재,사회과학 > 법학 > 기타법학,1973,연4회,한국어,법학연구원,"Institute of Legal Studies, Yonsei University",연세대학교,대학부설연구소
26717492,17388902,한국학논집,,등재,인문학 > 기타인문학,1973,연4회,"한국어,영어",한국학연구원,Academia Koreana,계명대학교,대학부설연구소
26717484,15987094,교육연구,EDUCATIONAL RESEARCH,등재,사회과학 > 교육학 > 교과교육학,1973,연3회,한국어,교육문제연구소,Sungshin Women's University Educational Research Institute,성신여자대학교,대학부설연구소
26720116,1229568X,한국프랑스학논집,Revue d`Etudes francaises,등재,인문학 > 프랑스어와문학,1974,연4회,"한국어,프랑스어",한국프랑스학회,Association Corenne D'Etudes Francaises,,학회
23836296,2383630X,정보과학회논문지,Journal of KIISE,우수등재,공학 > 컴퓨터학,1974,연12회,"한국어,영어",한국정보과학회,,,학회
,12262773,법사학연구,,등재,사회과학 > 법학 > 법학일반 > 법사학,1974,연2회,"한국어,한국어",한국법사학회,The Korean Society Of Legal History,,학회
,12262765,무역학회지,Korea Trade Review,우수등재,사회과학 > 무역학,1974,연6회,한국어,한국무역학회,Korea Trade Research Association,,학회
26716240,15988201,외국어로서의 한국어교육,Teaching Korean as a Foreign Language,등재,인문학 > 한국어와문학,1974,연4회,"한국어,영어",언어연구교육원 한국어학당,The Institute of Language Research and Education Yonsei University,연세대학교,대학부설연구소
,15984672,대한무용학회 논문집,The Korean Journal of Dance,등재,예술체육학 > 무용,1974,연6회,"한국어,영어",대한무용학회,,,학회
,12268496,대한소아치과학회지,Journal of the Korean academy of pediatric dentistry,등재,의약학 > 치의학,1974,연4회,"한국어,영어",대한소아치과학회,The Korean Academy Of Pediatric Dentistry,,학회
22346171,22346163,Archives of Plastic Surgery,Archives of Plastic Surgery,등재,의약학 > 성형외과학,1974,연6회,"영어,영어",대한성형외과학회,Korean Society Of Plastic And Reconstructive Surgeons,,학회
,15989682,영화연구,Film Studies,등재,예술체육학 > 영화,1974,연4회,"한국어,한국어",한국영화학회,Korean Cinema Association (KCA),,학회
27339513,12290742,한민족어문학(구 영남어문학),Hanminjok Emunhak,등재,인문학 > 한국어와문학,1974,연4회,"한국어,한국어",한민족어문학회,Hanminjok Emunhakhoe,,학회
2288159X,22875026,전자공학회논문지,Journal of the Institute of Electronics and Information Engineers,우수등재,공학 > 전자/정보통신공학,1974,연12회,"한국어,한국어",대한전자공학회,The Institute of Electronics and Information Engineers,,학회
,12297429,우리문학연구,The Studies of Korean Literature,등재,인문학 > 한국어와문학,1974,연4회,"한국어,한국어",우리문학회,The Studies Of Korean Literature,,학회
26716003,12254789,대한공업교육학회지,Journal of the Korean Institute of industrial educators,등재,사회과학 > 교육학 > 교과교육학 > 실업교육학,1974,연3회,"한국어,한국어",대한공업교육학회,Korean Institute of Industrial Educators,,학회
,12299154,농업경영.정책연구,Korean Journal of Agricultural Management and Policy,등재,사회과학 > 농업경제학,1974,연4회,"한국어,영어",한국농식품정책학회,Korean Association of Agricultural and Food Policy,,학회
27136450,15992659,한국교육,THE JOURNAL OF KOREAN EDUCATION,등재,사회과학 > 교육학,1974,연4회,"한국어,영어",한국교육개발원,KEDI,,일반기관
,20939027,지역산업연구,,등재,사회과학 > 지역학,1974,연4회,"한국어,영어",산업경영연구소,The Institute of business management,경남대학교,대학부설연구소
,12299340,인문학연구,THE JOURNAL OF HUMANITIES STUDIES,등재,인문학 > 기타인문학,1974,연4회,한국어,인문과학연구소,Humanities Research Institute Chungnam National University,충남대학교,대학부설연구소
24662410,24662402,Korean Journal of Agricultural Science,Korean Journal of Agricultural Science,등재,농수해양학 > 농학 > 농학일반 > 기타농학일반,1974,연4회,"한국어,영어",농업과학연구소,Institute of Agricultural Science,충남대학교,대학부설연구소
2733922X,27339211,지적장애연구,Journal of Intellectual Disabilities,등재,사회과학 > 사회과학일반,1974,연4회,"한국어,영어",한국지적장애교육학회,The Korean Association on Intellectual Disabilities,,학회
,12267546,사회과학연구,Journal of  Social Science ,등재,사회과학 > 사회과학일반,1974,연3회,"한국어,영어",사회과학연구원,Research Institute of Social Science ,경희대학교,대학부설연구소
27139816,12263575,경제사학,Review of Economic History,등재,사회과학 > 경제학,1975,연3회,"한국어,영어",경제사학회,The Korean Economic History Society,,학회
22345930,22347550,대한구강악안면외과학회지,Journal of the Korean Association of Oral and Maxillofacial Surgeons,등재,의약학 > 치의학,1975,연6회,"영어,영어",대한구강악안면외과학회,Korean Association Of Oral And Maxillofacial Surgeons,,학회
22347666,22347658,Restorative Dentistry and Endodontics,Restorative Dentistry and Endodontics,등재,의약학 > 치의학,1975,연4회,영어,대한치과보존학회,Korean Academy Of Conservative Dentistry ,,학회
22878009,22877991,예방수의학회지,Journal of Preventive Veterinary Medicine,등재,의약학 > 수의학 > 기초수의학 > 수의공중보건학,1975,연4회,"영어,영어",한국예방수의학회,The Korean Society of Preventive Veterinary Medicine ,,학회
,12250945,한국불교학,The Journal of the Korean Association for Buddhist Studies,등재,인문학 > 종교학,1975,연4회,"한국어,영어",한국불교학회,The  Korean Association For Buddhist Studies,,학회
22346457,12250988,대한산업공학회지,Journal of the Korean Institute of Industrial Engineers,우수등재,공학 > 산업공학,1975,연6회,"한국어,영어",대한산업공학회,Korean Institute Of Industrial Engineers,,학회
24662461,25081888,방사선방어학회지,Journal of Radiation Protection and Research,등재,공학 > 원자력공학,1975,연4회,"한국어,한국어",대한방사선방어학회,Korean Association For Radiation Protection,,학회
,12299898,한국국방경영분석학회지,Journal of the Military Operations Research Society of Korea,등재후보,공학 > 산업공학,1975,연2회,"한국어,영어",한국국방경영분석학회,Military Operations Research Society Of Korea,,학회
,17383897,대한보건연구,Korean Public Health Research,등재,의약학 > 예방의학 > 보건학 > 건강증진/보건교육,1975,연4회,"한국어,영어",사단법인 대한보건협회,The Korean Public Health Association,,일반기관
27140717,17384648,민족문화,The Journal of Korean Classics,등재,인문학 > 기타인문학,1975,연2회,"한국어,한국어",한국고전번역원,itkc,,학회
24658022,24658014,보건정보통계학회지,Journal of Health Informatics and Statistics,등재,의약학 > 예방의학 > 보건학 > 보건통계,1975,연4회,"한국어,영어",한국보건정보통계학회,The Korean Society of  Health informatics statistics,,학회
,12258695,중국연구,Journal of Sinology and China Studies,등재,인문학 > 중국어와문학,1975,연4회,"한국어,중국어",중국연구소,"INSTITUTE OF CHINESE STUDIES, Hankuk University of Foreign St",한국외국어대학교,대학부설연구소
,12254215,마한백제문화,MAHAN BAEKJE MUNHWA The Journal of Mahan-Baekje Culture Research Institute,등재,인문학 > 역사학 > 고고학,1975,연2회,"한국어,영어",마한백제문화연구소, THE RESEARCH INSTITUTE FOR THE MAHAN-BAEKJE CULTURE,원광대학교,대학부설연구소
,17381975,원불교사상과 종교문화,Won-Buddhist Thought & Religious Culture,등재,인문학 > 종교학 > 한국종교 > 원불교학,1975,연4회,한국어,원불교사상연구원,The Research Institute of Won-buddhist Thought,원광대학교,대학부설연구소
25085425,10123563,중소연구,,등재,사회과학 > 지역학 > 지역학일반,1975,연4회,"한국어,영어",아태지역연구센터,The Asia-Pacific Research Center,한양대학교,대학부설연구소
2714058X,1015373X,한국고고학보,Hanguk Kogo-Hakbo,우수등재,인문학 > 역사학,1976,연4회,"한국어,한국어",한국고고학회,The Korean Archaeological Society,,학회
,12250651,국악교육,,등재후보,예술체육학 > 음악학 > 한국음악이론/분석,1976,연2회,"한국어,영어",한국국악교육학회,Society For Korean Music Educator'S,,학회
20934947,12268453,Journal of Ginseng Research,Journal of Ginseng Research,등재,의약학 > 기타의약학,1976,연4회,"영어,영어",고려인삼학회,The Korean Society Of Ginseng,,학회
25084429,12257494,언어학,EONEOHAG,등재,인문학 > 언어학,1976,연3회,"한국어,영어",사단법인 한국언어학회,The Linguistic Society of Korea,,학회
27340481,12294039,언어,Korean Journal of Linguistics,우수등재,인문학 > 언어학,1976,연4회,"한국어,영어",한국언어학회,The Linguistic Society of Korea,,학회
,17389577,농촌의학.지역보건,Journal of Agricultural Medicine&Community Health,등재후보,의약학 > 예방의학 > 보건학 > 지역사회보건,1976,연4회,"한국어,한국어",한국농촌의학.지역보건학회,Korean Society for Agricultural Medicine & Community Health,,학회
22873880,12264717,한국통신학회논문지,The Journal of Korean Institute of Communications and Information Sciences,등재,공학 > 전자/정보통신공학,1976,연12회,"한국어,영어",한국통신학회,,,학회
,12295736,영어영문학,The Mirae Journal of English Language and Literature,등재,인문학 > 영어와문학,1976,연4회,"한국어,영어",미래영어영문학회,The Mirae English Language and Literature Association,,학회
,12297224,이화어문논집,Journal of Ewha Korean Language and Literature,등재,인문학 > 문학,1976,연3회,한국어,이화어문학회,The Society Of Ewha Korean Language And Literature,,학회
27339637,12269565,유아교육연구,Korean Journal of Early Childhood Education,등재,사회과학 > 교육학,1976,연6회,"한국어,한국어",한국유아교육학회,The Korean Society For Early Childhood Education,,학회
,12294373,한국문학연구,The Studies in Korean Literature,등재,인문학 > 한국어와문학,1976,연3회,한국어,한국문학연구소,Institute of Korean Literature Studies ,동국대학교,대학부설연구소
,12297046,중남미연구,Korean Journal of Latin American and Caribbean Studies,등재,사회과학 > 지역학,1976,연4회,"한국어,스페인어",중남미연구소,Institute of Latin American Studies,한국외국어대학교,대학부설연구소
,2548372,Journal of Economic Development,,등재,사회과학 > 경제학,1976,연4회,영어,경제연구소,The Economic Research Institute,중앙대학교,대학부설연구소
27334910,1228128X,한국한문학연구,Journal of Korean Literature in Classical Chinese,등재,인문학 > 한국어와문학,1976,연4회,"한국어,한국어",한국한문학회,Society for Korean Literature in Classical Chinese,,학회
27136752,19756283,규장각,Kyujanggak,등재,인문학 > 기타인문학,1976,연2회,한국어,규장각한국학연구원,Kyujanggak Institute for Korean Studies,서울대학교,대학부설연구소
22341862,17381266,Journal of Biosystems Engineering,Journal of Biosystems Engineering,등재,농수해양학 > 농학,1976,연4회,"영어,영어",한국농업기계학회,,,학회
,12292680,Oughtopia (오토피아),,등재,사회과학 > 정치외교학 > 기타정치외교학,1976,연3회,"한국어,영어",인류사회재건연구원,Kyung Hee Institute for Human Society,경희대학교,대학부설연구소
26717921,15983021,인문논총,"Journal of Humanities, Seoul National University",등재,인문학 > 기타인문학,1976,연4회,"한국어,다수언어",인문학연구원,"Institute of Humanities, Seoul National University",서울대학교,대학부설연구소
27334759,12251119,한국경영과학회지,Journal of The Korean Operations Research and Management Science Society,등재,사회과학 > 경영학,1976,연4회,"한국어,영어",한국경영과학회,Korean Operations Research And Management Society,,학회
,12267104,교회사연구,Research journal of Korean Church History,등재,인문학 > 가톨릭신학 > 교회사,1977,연2회,"한국어,한국어",(재)한국교회사연구소,The Research Foundation of Korean  Church History,,일반기관
22881220,22878327,Journal of Ecology and Environment,Journal of Ecology and Environment,등재,자연과학 > 생물학,1977,부정기,영어,한국생태학회,The Ecological Society Of Korea,,학회
22876618,12267155,International Journal of Oral Biology,International Journal of Oral Biology,등재,의약학 > 치의학,1977,연4회,"영어,한국어",대한구강생물학회,Korean Academy Of Oral Biology,,학회
23835710,23835702,대한법의학회지,The Korean Journal of Legal Medicine,등재,의약학 > 기타의약학,1977,연4회,"한국어,영어",대한법의학회,The Korean Society For Legal Medicine,,학회
27340023,12251518,철학,CHEOLHAK: Korean Journal of Philosophy,우수등재,인문학 > 철학,1977,연4회,"한국어,영어",한국철학회,Korean Philosophical Association,,학회
,12292001,전북사학,JEONBUK SAHAK,등재,인문학 > 역사학,1977,연3회,"한국어,한국어",전북사학회,,,학회
,12293555,현상과 인식,Hyonsang-gwa-Insik,등재,복합학 > 학제간연구,1977,연4회,"한국어,한국어",한국인문사회과학회,The Korean Association Of  Humanities And The Social Sciences,,학회
,12269662,한국지적학회지,Journal of the Korean Society of Cadastre,등재,사회과학 > 국제/지역개발,1977,연3회,"한국어,영어",한국지적학회,The Korean Socity Of Cadastre,,학회
2733645X,27336441,대한물리치료과학회지, Journal of  Korean Physical Therapy Science,등재후보,의약학 > 물리치료학,1977,연3회,"한국어,영어",대한물리치료과학회,Korean Physical Therapy Science,,학회
,12269174,대한한방내과학회지,The Journal of Korean Oriental Internal Medicine,등재,의약학 > 한의학,1977,연4회,"한국어,영어",대한한방내과학회,The Society Of Korean Oriental Internal Medicine,,학회
,12296651,노동경제논집,Korean Journal of Labor Economics,등재,사회과학 > 경제학,1977,연4회,"한국어,영어",한국노동경제학회,The Korean Labor Economic Association,,학회
,12256803,대한구강해부학회지,The Korean Journal of Oral Anatomy,등재,의약학 > 치의학 > 구강해부학,1977,연1회,"한국어,영어",대한구강해부학회,The Korean Academy Of Oral Anatomy,,학회
27338967,12290823,특수교육학연구,Korean Journal of Special Education,등재,사회과학 > 교육학,1977,연4회,"한국어,영어",한국특수교육학회,The Korean Society of Special Education,,학회
27136388,12260533,관광학연구,Journal of Tourism Sciences,우수등재,사회과학 > 관광학,1977,연8회,"한국어,영어",한국관광학회,The Tourism Sciences Society Of Korea ,,학회
,12250910,비교문학,COMPARATIVE LITERATURE,등재,인문학 > 기타인문학,1977,연3회,"한국어,한국어",한국비교문학회,The Korea Comparative Literature Association,,학회
,12293288,회계학연구,Korean Accounting Review,우수등재,사회과학 > 회계학,1977,연6회,"한국어,영어",한국회계학회,Korean Accounting Association,,학회
27338894,12262900,중어중문학,Korea Journal of Chinese Language and Literature,등재,인문학 > 중국어와문학,1977,연4회,"한국어,중국어",한국중어중문학회,,,학회
27139107,15981568,교육철학연구,The Korean Journal of Philosophy of Education,등재,사회과학 > 교육학,1977,연4회,"한국어,영어",한국교육철학학회,The Korean Philosophy of Education Society,,학회
22340653,22340645,Annals of Rehabilitation Medicine,,등재,의약학 > 재활의학,1977,연6회,영어,대한재활의학회,Korean Academy Of Rehabilitation Medicine,,학회
22888381,1598706X,한국주조공학회지,Journal of Korea Foundry Society,등재,공학 > 금속공학 > 용해및주조,1977,연6회,"한국어,영어",한국주조공학회,,,학회
20938470,15985725,한국항해항만학회지,Journal of Korean Navigation and Port Reserch,등재,농수해양학 > 해상운송학,1977,연6회,"한국어,영어",한국항해항만학회,,,학회
22885226,12264873,대한기계학회논문집 A,"Transactions of the KSME, A",등재,공학 > 기계공학,1977,연12회,"한국어,한국어",대한기계학회,,,학회
22885234,12264881,대한기계학회논문집 B,"Transactions of the KSME, B",등재,공학 > 기계공학,1977,연12회,"한국어,한국어",대한기계학회,,,학회
22877827,12296880,복식,Journal of the Korean Society of Costume,등재,자연과학 > 생활과학,1977,연6회,"한국어,영어",한국복식학회,,,학회
27334074,12253944,과학교육연구지,Journal of Science Education,등재,사회과학 > 교육학 > 교과교육학 > 과학교육학,1977,연3회,"한국어,영어",과학교육연구소,Science Education Research Institute,경북대학교,대학부설연구소
22882871,2589184,Asian Perspective,,등재,사회과학 > 정치외교학,1977,연4회,영어,극동문제연구소,THE INSTITUTE FOR FAR EASTERN STUDIES,경남대학교,대학부설연구소
22348077,0379153X,폴리머,POLYMER(KOREA),등재,공학 > 고분자공학,1977,연6회,"한국어,영어",한국고분자학회,The Polymer Society Of Korea,,학회
,17388104,철학논집,Sogang Journal of Philosophy,등재,인문학 > 철학,1977,연4회,"한국어,영어",철학연구소,Institute of Philosophilcal Studies SOGANG UNIVERSITY,서강대학교,대학부설연구소
22340793,12251151,한국의류학회지,Journal of the Korean Society of Clothing and Textiles,등재,자연과학 > 생활과학,1977,연6회,"한국어,영어",한국의류학회,The Korean Society Of Clothing And Textiles,,학회
27339807,12262986,한국인구학,Korea Journal of Population Studies,등재,사회과학 > 사회학 > 인구/노인/지역사회학,1977,연4회,"한국어,한국어",한국인구학회,The  Population  Association Of Korea,,학회
,17386578,석당논총,Journal of Seokdang Academy,등재,인문학 > 기타인문학,1977,연3회,한국어,석당학술원,Seokdang  Academy,동아대학교,대학부설연구소
22348352,22347925,한국마린엔지니어링학회지,Journal of Advanced Marine Engineering and Technology,등재,공학 > 기계공학,1977,연6회,영어,한국마린엔지니어링학회,The Korean Society of Marine Engineering,,학회
,1975664X,군진간호연구,,등재,의약학 > 간호학 > 간호학일반 > 간호교육,1977,연4회,"한국어,영어",군건강정책연구소,Military Health Policy Research Center,국군간호사관학교,대학부설연구소
27136809,19750218,동양음악(구 민족음악학),,등재,예술체육학 > 음악학 > 한국음악이론/분석,1977,연2회,"한국어,영어",동양음악연구소,The Asian Music Research Institute,서울대학교,대학부설연구소
27139794,12294381,미국학,American Studies,등재,복합학 > 학제간연구,1977,연2회,"한국어,영어",미국학연구소,American Studies Institute,서울대학교,대학부설연구소
2733936X,26718197,한국학,Korean Studies Quarterly,등재,인문학 > 기타인문학,1978,연4회,"한국어,영어",한국학중앙연구원,The Academy of Korean Studies,한국학중앙연구원,대학부설연구소
27139506,12298263,농촌경제,Journal of Rural Development,등재,사회과학 > 농업경제학,1978,연4회,"한국어,영어",한국농촌경제연구원,Korea Rural Economic Institute,,일반기관
,12266345,중소기업연구,,등재,사회과학 > 경영학,1978,연4회,한국어,한국중소기업학회,,,학회
,12269913,한국문학논총,Theses on Korean Literature,등재,인문학 > 한국어와문학,1978,연3회,"한국어,한국어",한국문학회,The Korean Literary Association,,학회
,12265004,민사법학,The Korean Journal of Civil Law,우수등재,사회과학 > 법학,1978,연4회,"한국어,한국어",한국민사법학회,Korean Civil Law Association,,학회
,1738186X,교육철학,Philosophy of Education,등재,사회과학 > 교육학,1978,연4회,"한국어,한국어",한국교육철학회,The Philophy Of Education Society Of Korea,,학회
,12256552,한국가축위생학회지,Korean Journal of Veterinary Service,등재,의약학 > 수의학,1978,연4회,"한국어,영어",한국동물위생학회,THE KOREAN SOCIETY OF VETERINARY SERVICE,,학회
22888586,,Maxillofacial Plastic Reconstructive Surgery,Maxillofacial Plastic Reconstructive Surgery,등재,의약학 > 치의학,1978,연12회,"영어,영어",대한악안면성형재건외과학회,The Korean Association Of Maxillofacial Plastic And Reconstructive Surgeons,,학회
22877975,20050461,한국산업경영시스템학회지,Journal of Society of Korea Industrial and Systems Engineering,등재,공학 > 산업공학,1978,연4회,"한국어,영어",한국산업경영시스템학회,,,학회
23841168,22883509,방사선기술과학,Journal of Radiological  Science and Technology,등재,의약학 > 방사선과학 > 진단방사선 > 기타진단방사선학,1978,연6회,"한국어,영어",대한방사선과학회,Korean Society of Radiological Science,,학회
,12265187,한국과학교육학회지,Journal of the Korean Association for Science Education,등재,사회과학 > 교육학,1978,연6회,"한국어,영어",한국과학교육학회,The Korean Association for Science Education,,학회
26716232,26716224, 기업과혁신연구,Journal of Corporation and Innovation,등재후보,사회과학 > 무역학,1978,연4회,"한국어,영어",지식경영연구원,"The Institute of Knowledge Management, Chosun University",조선대학교,대학부설연구소
,12259977,한국학논총,,등재,인문학 > 역사학 > 역사일반 > 역사이론,1978,연2회,한국어,한국학연구소,Institute of Korean Studies,국민대학교,대학부설연구소
25082566,25082558,Oral Biology Research,,등재,의약학 > 치의학,1978,연4회,"영어,한국어",치의학연구원,"The Institute of Dental Science, Chosun University",조선대학교,대학부설연구소
25083562,15986411,한국태양에너지학회 논문집,Journal of The Korean Solar Energy Society,등재,공학 > 기타공학,1978,연6회,"한국어,영어",한국태양에너지학회,The Korean Solar Energy Society,,학회
19763786,2536269,Archives of Pharmacal Research,Archives of Pharmacal Research,등재,의약학 > 약학,1978,연12회,"영어,한국어",대한약학회,The Pharmaceutical Society Of Korea,,학회
,17389429,교육연구논총,CNU Journal of Educational Studies,등재,사회과학 > 교육학 > 교육사회학,1978,연4회,"한국어,영어",교육연구소,CNU Research Institute of Education,충남대학교,대학부설연구소
,1225116X,환경법연구,Environmental Law Review,등재,사회과학 > 법학,1979,연3회,"한국어,영어",한국환경법학회,Korean Environmental Law Association,,학회
22347313,1598141X,Ocean and Polar Research,Ocean and Polar Research,등재,자연과학 > 해양학,1979,연4회,"영어,한국어",한국해양과학기술원,Korea Institute of Ocean Science & Technology,,일반기관
27139956,15985229,한국교회사학회지,JCHSK,등재,인문학 > 기독교신학,1979,연3회,"한국어,영어",한국교회사학회,The Church History Society In Korea,,학회
,12293954,대한치과기공학회지,Journal of Technologic Dentistry,등재,의약학 > 치의학 > 기타치의학,1979,연4회,"한국어,영어",대한치과기공학회,The Korean Academy Of Dental Technology,,학회
2733953X,17387027,서양사연구,The Journal of Western History,등재,인문학 > 역사학 > 서양사 > 기타서양사,1979,연2회,"한국어,영어",한국서양사연구회,The Western History Society of Korea,,학회
,12256692,한국지구과학회지,The Journal of The Korean Earth Science Society,등재,자연과학 > 지구과학,1979,연6회,"한국어,영어",한국지구과학회,The Korean Earth Science Society,,학회
22887261,23842458,Journal of Laboratory Medicine And Quality Assurance,,등재후보,의약학 > 임상병리학 > 검사의학 > 정도관리학,1979,연4회,"한국어,영어",대한임상검사정도관리협회,The Korean Association of Quality Assurance for Clinical Laboratory,,학회
,15989518,일본연구논총,The Korea Journal of Japanese Studies,등재,사회과학 > 지역학,1979,연2회,"한국어,일본어",현대일본학회,The Korean Association of Contemporary Japanese Studies,,학회
,12262552,일어일문학연구,Journal of Japanese Language and Literature,등재,인문학 > 일본어와문학,1979,연4회,"한국어,일본어",한국일어일문학회,,,학회
,12290807,의공학회지,Journal of biomedical Engineering Research,등재,공학 > 의공학 > 기타의공학,1979,연6회,"한국어,영어",대한의용생체공학회,The Korea Society Of Medical & Biological Engineering,,학회
,15980812,한국해법학회지,The Journal of Korea Maritime Law Association,등재,사회과학 > 법학,1979,연2회,"한국어,영어",한국해법학회,,,학회
22337326,12256463,ETRI Journal,ETRI Journal,등재,공학 > 전자/정보통신공학,1979,연6회,"영어,영어",한국전자통신연구원,Electronics and Telecommunications Research Institute,,일반기관
23837810,12255025,대한환경공학회지,Journal of Korean Society of Environmental Engineers,등재,공학 > 환경공학,1979,연12회,"한국어,영어",대한환경공학회,Korean Society Of Environmental Engineers,,학회
25864130,25862995,KDI Journal of Economic Policy,KDI Journal of Economic Policy,등재,사회과학 > 경제학,1979,연4회,"영어,한국어",한국개발연구원,Korea Development Institute,,일반기관
27136965,12297895,한국과학사학회지,The Korean Journal for the History of Science,등재,복합학 > 과학기술학,1979,연3회,"한국어,영어",한국과학사학회,The Korean History Of Science Society,,학회
,12251216,국제어문,Korean Language and Literature in International Context,등재,인문학 > 한국어와문학,1979,연4회,"한국어,영어",국제어문학회,International Association Of Language And Literature,,학회
,15985946,세계지역연구논총,The Korean Journal of Area Studies,등재,사회과학 > 정치외교학,1979,연3회,"한국어,영어",한국세계지역학회,The Korean Association Of Area Studies,,학회
20927193,12253596,Epidemiology and Health,Epidemiology and Health,등재,의약학 > 예방의학 > 역학,1979,연12회이상,한국어,한국역학회,Korean Society of Epidemiology,,학회
,12295132,한국사회복지학,Korean Journal of Social Welfare,우수등재,사회과학 > 사회복지학,1979,연4회,"한국어,한국어",한국사회복지학회,Korean Academy Of Social Welfare,,학회
,1225293X,호남수학학술지,Honam Mathematical Journal,등재,자연과학 > 수학,1979,연4회,"영어,영어",호남수학회,,,학회
26716801,27336824,협동조합경제경영연구,Cooperative Economics and  Management Review,등재후보,복합학 > 학제간연구,1979,연2회,한국어,협동조합경영연구소,Cooperative Management Institute,농협대학교,대학부설연구소
,20054432,동북아연구 ,The Journal of Northeast Asia Research,등재,사회과학 > 정치외교학 > 국제정치 > 국제관계/협력,1979,연2회,"한국어,영어",사회과학연구원 부설 동북아연구소,The Institute for Northeast Asia Research,조선대학교,대학부설연구소
,20926332,시장경제연구,Journal of Market Economy ,등재,사회과학 > 경제학,1979,연3회,"한국어,영어",지암남덕우경제연구원,Nam Duck-Woo Economic Research Institute,서강대학교,대학부설연구소
26715821,20050860,인간이해,,등재,사회과학 > 심리과학 > 상담심리/심리치료,1979,연2회,"한국어,영어",학생생활상담연구소,Student Counseling Center of Sogang University,서강대학교,대학부설연구소
25860704,15980049,교육발전,The Journal of Educational Development,등재후보,사회과학 > 교육학,1979,연2회,"한국어,영어",사범대학 부설 교육연구소,Education Research Institute ,서원대학교,대학부설연구소
20929293,19769571,Genes & Genomics,Genes and Genomics,등재,자연과학 > 생물학 > 유전학,1979,연12회,"영어,영어",한국유전학회,The Genetics Society Of Korea,,학회
27135969,26719223,신산업경영저널,Journal of New Industry and Business,등재후보,사회과학 > 경영학,1979,연2회,"한국어,영어",경영연구소,Management Research Center,이화여자대학교,대학부설연구소
,12291374,언어연구,Linguistic Research,등재,인문학 > 언어학,1979,연4회,"한국어,영어",언어정보연구소,Institute for the Study of Language and Information,경희대학교,대학부설연구소
2733435X,27334341,조직과 인사관리연구,Journal of Organization and Management,등재,사회과학 > 경영학,1979,연4회,"한국어,영어",한국인사관리학회,Korean Academy of Organization and Management,,학회
26360780,26360772,한국축산식품학회지,Food Science of Animal Resources ,등재,농수해양학 > 축산학,1979,연6회,"영어,영어",한국축산식품학회,Korean Society For Food Science Animal Resources,,학회
,17389216,산업연구,Journal of Industrial Studies,등재후보,사회과학 > 사회과학일반,1979,연3회,"한국어,영어",미래산업연구소,The Research Institute of Future Industry ,단국대학교,대학부설연구소
,15989259,인문학연구,,등재,인문학 > 기타인문학,1979,연2회,한국어,인문학연구원,"Institute of Humanities, Chosun university",조선대학교,대학부설연구소
23844272,23844353,구강회복응용과학지,Journal of Dental Rehabilitation and Applied Science,등재,의약학 > 치의학,1980,연4회,"한국어,영어",대한턱관절교합학회,Korean academy of stomatognathic function and occlusion,,학회
2234408X,12261688,아동학회지,Korean Journal of Child Studies,우수등재,자연과학 > 생활과학,1980,연6회,"한국어,영어",한국아동학회,,,학회
26718421,12251356,한국노년학,Journal of the Korea Gerontological Society,등재,사회과학 > 사회복지학,1980,연6회,"한국어,한국어",한국노년학회,Korea Gerontological Society,,학회
,12250775,역사교육논집,History Education Review,등재,인문학 > 역사학,1980,연3회,"한국어,한국어",역사교육학회,The Society Of History Education,,학회
27133486,12290343,언어과학연구,The Journal of Linguistics Science,등재,인문학 > 언어학,1980,연4회,"한국어,영어",언어과학회,The Linguistic Science Society,,학회
,12250422,문화와 융합,Culture and Convergence,등재,복합학 > 학제간연구,1980,연12회,"한국어,영어",한국문화융합학회 , The Korean Society of Culture and Convergence ,,학회
27138992,1598317X,군사,military history,등재,인문학 > 역사학,1980,연4회,"한국어,영어",국방부군사편찬연구소,"Military History Institute, MND",,학회
27339327,12258865,한국중동학회논총,Korean Journal of Middle East Studies,등재,사회과학 > 지역학,1980,연3회,"한국어,영어",한국중동학회,Korean Association Of Middle East Studies  ,,학회
27139085,12295965,동양철학연구,Journal of Eastern Philosophy,등재,인문학 > 철학,1980,연4회,"한국어,한국어",동양철학연구회,The Society Of Eastern Philosophy,,학회
12295949,2532964,Bulletin of the Korean Chemical Society,Bulletin of the Korean Chemical Society,등재,자연과학 > 화학,1980,연12회,영어,대한화학회,,,학회
,1225083x,중국어문학,Journal of Chinese Language and Literature,등재,인문학 > 중국어와문학,1980,연3회,한국어,영남중국어문학회,Chinese Literary Society Of Yeong Nam,,학회
22343814,22343806,Annals of Laboratory Medicine,Annals of Laboratory Medicine,등재,의약학 > 병리학,1980,연6회,"한국어,영어",대한진단검사의학회,Korean Society For Laboratory Medicine,,학회
20926715,20056443,Korean Journal of Family Medicine,Korean Journal of Family Medicine,등재,의약학 > 가정의학,1980,연6회,"영어,영어",대한가정의학회,The Korean Academy Of Family Medicine,,학회
27334864,12262625,경상논총,Koreanische Zeitschrift fuer Wirtschaftswissenschaften,등재,사회과학 > 경제학,1980,연4회,"한국어,독일어",한독경상학회,Koreanisch-Deutsche Gesellschaft Fuer Wirtschaftswissenschaften,,학회
22882987,12268046,디자인학연구,Archives of Design Research,등재,예술체육학 > 디자인,1980,연4회,"한국어,영어",한국디자인학회,,,학회
27135543,20058187,한국증권학회지,Korean Journal of Financial Studies ,등재,사회과학 > 경영학,1980,연6회,"한국어,영어",한국증권학회, Korean Securities Association,,학회
20416156,20419945,Asia-Pacific Journal of Financial Studies,Asia-Pacific Journal of Financial Studies,등재,사회과학 > 경영학,1980,연6회,"영어,영어",한국증권학회, Korean Securities Association,,학회
,22878777,언론문화연구,Journalism & Culture Research,등재,사회과학 > 신문방송학 > 커뮤니케이션학,1980,연2회,"한국어,영어",언론문화연구소,Journalism & Culture Institute,서강대학교,대학부설연구소
22889752,22889744,Journal of forest and environmental science ,,등재,농수해양학 > 임학 > 기타임학,1980,연4회,영어,산림과학연구소,"The institute of forest science, kangwon national university",강원대학교,대학부설연구소
,23836180,동아시아문화연구,Journal of East Aisan Cultures,등재,인문학 > 기타인문학,1980,연4회,"한국어,영어",동아시아문화연구소,Institute for East Asian Cultures ,한양대학교,대학부설연구소
,12263362,상사법연구,KOREAN COMMERCIAL LAW ASSOCIATION,등재,사회과학 > 법학,1980,연4회,"한국어,한국어",한국상사법학회,,,학회
,20935021,역사와교육 ,The History Education Review,등재,인문학 > 역사학 > 역사일반 > 역사교육,1980,연2회,"한국어,영어",역사와교육학회,The History Education Association,,학회
,12296309,일본연구,日本硏究,등재,인문학 > 일본어와문학,1980,연2회,"일본어,한국어",일본연구소,The Center for Japanese Studies,중앙대학교,대학부설연구소
,25866788,정신전력연구,Journal of Spiritual & Mental Force Enhancement,등재후보,사회과학 > 교육학,1980,연4회,"한국어,영어",국방정신전력원,Defense Agency for Spritual & Mental Force Enhancement,,일반기관
26718413,12268356,한국문화,,등재,인문학 > 기타인문학,1980,연4회,한국어,규장각한국학연구원,Kyujanggak Institute for Korean Studies,서울대학교,대학부설연구소
,17382130,스페인어문학,Estudios hispanicos,등재,인문학 > 스페인어와문학 > 스페인문학 > 기타스페인문학,1981,연4회,"한국어,스페인어",한국스페인어문학회,Asociacion Coreana De Hispanistas,,학회
,1226072X,보건사회연구,Health and Social Welfare Review,등재,사회과학 > 사회과학일반,1981,연4회,"한국어,영어",한국보건사회연구원,Korea Institute for Health and Social Affairs,,일반기관
,12254762,직업교육연구,The Journal of Vocational Education Research,등재,사회과학 > 교육학,1981,연6회,"한국어,영어",한국직업교육학회,,,학회
,12292877,한국연극학,Journal of korean theatre studies association,등재,예술체육학 > 연극,1981,연4회,"한국어,영어",한국연극학회,Korean Theatre Studies Association,,학회
27334538,,Korean Journal of Clinical Psychology,Korean Journal of Clinical Psychology,등재,사회과학 > 심리과학,1981,연4회,"한국어,영어",한국임상심리학회,Korean Clinical Psychology Association,,학회
,10156348,대한토목학회논문집(국문),Journal of the Korean Society of Civil Engineers,우수등재,공학 > 토목공학,1981,연6회,"한국어,영어",대한토목학회,,,학회
2287402X,12257842,비파괴검사학회지,Journal of the Korean Society for Nondestructive Testing,등재,공학 > 기계공학,1981,연6회,"한국어,영어",한국비파괴검사학회,"The Korean Society For Nondestructive Testing, Inc.",,학회
22342443,22342400,Clinical Endoscopy,Clinical Endoscopy,등재,의약학 > 내과학,1981,연6회,"영어,한국어",대한소화기내시경학회,The Korean Society Of Gastrointestinal Endoscopy,,학회
27136795,22883843,지체.중복.건강장애연구,"Korean Journal of Physical, Multiple, & Health Disabilities",등재,사회과학 > 교육학,1981,연4회,"한국어,한국어",한국지체.중복.건강장애교육학회,"Korean council of Physical, Multiple, & Health Disabilities",,학회
,20938039,중소기업금융연구,Journal of SME Finance,등재,사회과학 > 경영학 > 중소기업경영,1981,연4회,"한국어,영어",신용보증기금,Korea Credit Guarantee Fund,,일반기관
27334562,27334554,Journal of Dairy Science and Biotechnology,Journal of Dairy Science and Biotechnology,등재후보,농수해양학 > 축산학,1981,연4회,"한국어,영어",한국낙농식품응용생물학회,Korean Society of Dairy Science and Biotechnology,,학회
,1225570X,중동연구,,등재,사회과학 > 지역학 > 기타지역학,1981,연3회,"한국어,영어",중동연구소,"Institute of  Middle East Studies, Center for International Area Studies, Hankuk University of Forei",한국외국어대학교(글로벌캠퍼스),대학부설연구소
27137309,15981134,日本學(일본학),The Ilbon-Hak(Journal of Japanology),등재,인문학 > 기타인문학,1981,연3회,"한국어,일본어",일본학연구소,The Institute for Japanese Studies Dongguk University,동국대학교,대학부설연구소
27335771,12254975,외국어교육연구,Studies in Foreign Language Education,등재,사회과학 > 교육학 > 교과교육학 > 외국어교육학,1981,연4회,"한국어,영어",외국어교육연구소,Institute of Foreign Language Education,한국외국어대학교,대학부설연구소
,12298697,민족문화논총,,등재,인문학 > 기타인문학,1981,연3회,한국어,민족문화연구소,Institute of Korean Cultural Studies Yeungnam University,영남대학교,대학부설연구소
,20050933,人文科學硏究,,등재,인문학 > 기타인문학,1981,연2회,"한국어,영어",인문과학연구소,HUMANITIES  RESEARCH  INSTITUTE  SUNGSHIN  WOMAN'S  UNIVERSITY,성신여자대학교,대학부설연구소
,22883134,방송통신연구,Korean Journal of Broadcasting & Telecommunications Research,등재,사회과학 > 신문방송학,1982,연4회,"한국어,영어",한국방송학회,Korean Association for Broadcasting & Telecommunication Studies,,학회
,12253537,한국환경농학회지,Korean Journal of Environmental Agriculture,등재,농수해양학 > 농학,1982,연4회,한국어,한국환경농학회,The Korean Society Of Environmental Agriculture,,학회
27136299,17385458,경제법연구,,등재,사회과학 > 법학,1982,연3회,"한국어,한국어",한국경제법학회,Korea Economic Law Association,,학회
2299985X,12257044,대한신경과학회지,Journal of the Korean Neurological Association,등재,의약학 > 신경과학,1982,연4회,"한국어,한국어",대한신경과학회,Korean Neurological Association,,학회
,12253871,응용언어학,Korean Journal of Applied Linguistics,등재,인문학 > 언어학,1982,연4회,"한국어,영어",한국응용언어학회,The Applied Linguistics Association Of Korea,,학회
,17384052,영어영문학21,English21,등재,인문학 > 영어와문학,1982,연4회,"한국어,영어",21세기영어영문학회,The 21st Century Association Of English Language And Literature,,학회
,1229375X,도덕교육연구,The Journal of moral Education,등재,사회과학 > 교육학,1982,연4회,"한국어,한국어",한국도덕교육학회,"The Korean Society for the Study of Moral Education	",,학회
,12298638,국토연구,The Korea Spatial Planning Review,등재,,1982,연4회,"한국어,영어",국토연구원,,,일반기관
,12269670,신영어영문학,The New Studies of English Language & Literature,등재,인문학 > 영어와문학,1982,연3회,"한국어,영어",신영어영문학회,The New Association Of English  Language & Literature,,학회
,12290653,한국심리학회지: 사회및성격,Korean Journal of Social and Personality Psychology ,우수등재,사회과학 > 심리과학,1982,연4회,"한국어,영어",한국사회및성격심리학회,,,학회
22885943,22885919,ULTRASONOGRAPHY,ULTRASONOGRAPHY,등재,의약학 > 방사선과학,1982,연4회,영어,대한초음파의학회,Korean Society of Ultrasound in Medicine,,학회
22119140,22119132,Kidney Research and Clinical Practice,Kidney Research and Clinical Practice,등재,의약학 > 내과학,1982,연4회,"영어,영어",대한신장학회,The Korean Society Of Nephrology,,학회
20938462,12291684,대한인간공학회지,Journal of the ergonomics society of Korea,등재,공학 > 산업공학,1982,연6회,"영어,한국어",대한인간공학회,,,학회
27138704,19758502,한국무용연구,The Journal of Korean Dance,등재,예술체육학 > 무용 > 기타무용,1982,연4회,"한국어,영어",한국무용연구학회,The Society of Korean Dance Studies,,학회
27138593,12253499,중국인문과학,JOURNAL OF CHINESE HUMANITIES,등재,인문학 > 중국어와문학,1982,연3회,"한국어,중국어",중국인문학회,The  Society For  Chinese Humanities In Korea,,학회
22874690,22874208,The World Journal of Men's Health,The World Journal of Men's Health,등재,의약학 > 비뇨기과학,1982,연4회,"영어,영어",대한남성과학회,,,학회
27136981,12251054,대한부동산학회지,,등재,사회과학 > 국제/지역개발 > 지역개발,1982,연4회,한국어,대한부동산학회,Korea  Real Estate Society,,학회
22873775,12254428,한국음향학회지,THE JOURNAL OF THE ACOUSTICAL SOCIETY OF KOREA,등재,공학 > 전자/정보통신공학,1982,연6회,"한국어,영어",한국음향학회,The Acoustical Society Of Korea,,학회
25087185,22881344,Quantitative Bio-Science,Quantitative Bio-Science,등재,자연과학 > 통계학 > 분야별통계,1982,연2회,영어,자연과학연구소,The Institute of Natural Science,계명대학교,대학부설연구소
27139557,12265306,탐라문화,,등재,인문학 > 기타인문학,1982,연3회,한국어,탐라문화연구원,Research Institute for the Tamla Culture,제주대학교,대학부설연구소
,15982211,인문연구,,등재,인문학 > 기타인문학,1982,연4회,한국어,인문과학연구소,Institute of Humanities,영남대학교,대학부설연구소
,12298271,한성어문학,,등재후보,인문학 > 한국어와문학,1982,연2회,"한국어,영어",한성어문학회,,,학회
27339904,19756178,전남대학교 한국어문학연구소 학술지 어문논총,"EOMUNNONCHONG, THE JOURNAL OF KOREAN LANGUAGE AND LITERATURE ",등재후보,인문학 > 한국어와문학 > 국문학,1982,연2회,한국어,한국어문학연구소,The institute of korean language and literature in chonnam national university,전남대학교,대학부설연구소
,12253308,동아연구,,등재,사회과학 > 지역학,1982,연2회,"한국어,영어",동아연구소,Sogang Institute for East Asian Studies(SIEAS),서강대학교,대학부설연구소
,12250406,슬라브硏究,The Korean Journal of Slavic Studies ,등재,사회과학 > 지역학,1982,연4회,"한국어,영어",러시아연구소,Institute of Russian Studies,한국외국어대학교(글로벌캠퍼스),대학부설연구소
,1226668X,동방한문학,DONG-BANG KOREAN CHINESE LIEARATURE,등재,인문학 > 한국어와문학,1982,연4회,"한국어,한국어",동방한문학회,Dong-Bang Korean Chinese Literature Society,,학회
,12262749,독어교육,Koreanische Zeitschrift fuer Deutschunterricht,등재,인문학 > 독일어와문학,1983,연3회,"한국어,독일어",한국독어독문학교육학회,Koreanische Gesellschaft F&Uuml;R Didaktik Der Deutschen Sprache Und Literatur,,학회
,15984850,한국측량학회지,"JOURNAL OF THE KOREAN SOCIETY OF SURVEY,GEODESY,PHOTOGRAMMETRY, AND CARTOGRAPHY",등재,공학 > 토목공학,1983,연6회,"한국어,영어",한국측량학회,"Korean Society Of Subveying Geodecy, Photogrammetry And Cartography",,학회
27135349,12293814,현대영미어문학,The Journal of Modern British & American Language & Literature,등재,인문학 > 영어와문학,1983,연4회,"한국어,영어",현대영미어문학회,The Association Of Modern British & American Language & Literature,,학회
,12263877,한일경상논집,The Korean-Japanese Jounal of Economics and Management Studies,등재,사회과학 > 경영학,1983,연4회,"한국어,일본어",한일경상학회,The Korean-Japanese Economics & Management Association,,학회
27338436,15983099,초등과학교육,Journal of Korean Elementary Science Education,등재,사회과학 > 교육학,1983,연4회,"한국어,영어",한국초등과학교육학회,The Korean Elementary Science Education Society,,학회
,12295213,신학과 사회,Theology and Society,등재,인문학 > 기타인문학,1983,연3회,"한국어,영어",21세기기독교사회문화아카데미,Academy for 21th Century Christian Society & Culture,,학회
22875638,20932332,한국폐기물자원순환학회지,JOURNAL OF KOREA SOCIETY OF WASTE MANAGEMENT,등재,공학 > 환경공학,1983,연8회,"한국어,영어",한국폐기물자원순환학회,Korea Society Of Waste Management,,학회
22886028,12263729,대한스포츠의학회지,The Korea Journal of Sports Medicine,등재,의약학 > 기타의약학,1983,연4회,"한국어,영어",대한스포츠의학회,The Korea Society Of Sports Medicine,,학회
,12257214,여성연구,The Women's Studies,등재,복합학 > 여성학 > 여성정책,1983,연4회,"한국어,영어",한국여성정책연구원,Korean Womens Development Institute,,일반기관
,12265128,프랑스학연구,REVUE D`ETUDES FRANCO-COREENNES,등재,인문학 > 프랑스어와문학,1983,연4회,"한국어,프랑스어",프랑스학회,,,학회
27139905,12251313,한문학논집(漢文學論集),HANMUNHAKRONCHIP: Journal of Korean Literature in Chinese,등재,인문학 > 한국어와문학 > 한문학 > 한문비평,1983,연3회,"한국어,한문",근역한문학회,The Association Of Korean Literature In Chinese,,학회
27138828,12251968,동서철학연구,Studies in Philosophy East-West,등재,인문학 > 철학,1983,연4회,"한국어,영어",한국동서철학회,Korean Society For Philosophy East-West,,학회
24662100,24662232,대한용접접합학회지,Journal of Welding and Joining,등재,공학 > 기계공학,1983,연6회,"한국어,영어",대한용접접합학회,The Korean Welding and Joining Society,,학회
26716526,15989941,한국협동조합연구,THE KOREAN JOURNAL OF COOPERATIVE STUDIES,등재,사회과학 > 농업경제학,1983,연3회,"한국어,영어",한국협동조합학회,Korean Society For Cooperative Studies,,학회
22877851,12269999,환경생물,Korean Journal of Environmental Biology,등재,자연과학 > 생물학 > 환경생물학 > 부유생물,1983,연4회,"한국어,영어",한국환경생물학회,Korean Society Of Environmental Biology,,학회
,12298719,Radiation oncology journal ,Radiation oncology journal ,등재,의약학 > 방사선과학 > 종양학 > 기타종양학,1983,연4회,"영어,영어",대한방사선종양학회,The Korean Society for Radiation Oncology,,학회
,12299200,우리말글,Urimalgeul: The Korean Language and Literature,등재,인문학 > 한국어와문학,1983,연4회,"한국어,영어",우리말글학회,,,학회
,12291366,대한교통학회지,Korean Society of Transportation,우수등재,공학 > 공학일반,1983,연6회,"한국어,영어",대한교통학회,Korean Society Of Transportation,,학회
27338630,12266698,중국문학연구,,등재,인문학 > 중국어와문학,1983,연4회,"한국어,중국어",한국중문학회,The Society Chinese Literature,,학회
,12268755,교육행정학연구,The Journal of Educational Administration,등재,사회과학 > 교육학,1983,연5회,"한국어,영어",한국교육행정학회,The Korean Society For The Study Of Educational Administration,,학회
27139336,12291757,이중언어학,Bilingual Research,등재,인문학 > 언어학,1983,연4회,"한국어,영어",이중언어학회,The Korean Society Of Bilingualism,,학회
27136523,12291331,한국가정관리학회지,J. of Korean Home Management Association,등재,자연과학 > 생활과학,1983,연4회,"한국어,한국어",한국가정관리학회, The Korean Home Management Association,,학회
,15987434,현상학과 현대철학 ,,등재,인문학 > 철학,1983,연4회,"한국어,영어",한국현상학회,Korean Society For Phenomenology,,학회
,20059701,숭실사학,The Historical Association for Soong-Sil,등재,인문학 > 역사학 > 역사일반 > 기타역사일반,1983,연2회,"한국어,영어",숭실사학회,The Historical Association for Soong-Sil,,학회
27139077,20053959,한국복식,Journal of Korean Dress,등재후보,예술체육학 > 의상 > 한국복식,1983,연2회,한국어,석주선기념박물관,"Seok Juseon Memorial Museum, Dankook University",단국대학교,대학부설연구소
27141020,1229330X,성경과 신학,Bible and Theology,등재,인문학 > 기독교신학,1983,연4회,"한국어,영어",한국복음주의신학회,Korea Evangelical Theological Society,,학회
,15986489,한국 사회과학연구,,등재,사회과학 > 사회과학일반,1983,연2회,"한국어,영어",사회과학연구소,Research Institute for Social Science,계명대학교,대학부설연구소
,12252360,인문과학연구논총,The Journal of Humanities,등재,인문학 > 기타인문학,1983,연4회,"한국어,영어",인문과학연구소,The Institute of Humannities Myong Ji University,명지대학교(서울캠퍼스),대학부설연구소
,15984893,『도서문화』,Journal of the Island Culture,등재,인문학 > 기타인문학,1983,연2회,한국어,도서문화연구원,Institution for Marine & Island Cultures Mokpo National University,목포대학교,대학부설연구소
26355302,12294128,보건교육건강증진학회지,KOREAN JOURNAL OF HEALTH EDUCATION AND PROMOTION,등재,의약학 > 예방의학,1983,연4회,"한국어,영어",한국보건교육건강증진학회, Korean Society for Health Education and Promotion,,학회
,15988538,해운물류연구,Journal of Shipping and Logistics,등재,농수해양학 > 해상운송학,1984,연4회,"한국어,영어",한국해운물류학회,"The Korean Association Of Shipping And Logistics, Inc.",,학회
,1598477X,조세학술논집,"Journal of IFA, Korea",등재,사회과학 > 법학,1984,연4회,"한국어,영어",한국국제조세협회,"International  Fiscal Association, Korea",,학회
22882529,17387698,동의생리병리학회지,Journal of Physiology & Pathology  in Korean Medicine,등재,의약학 > 한의학,1984,연6회,"한국어,영어",한의병리학회,The Society of Pathology in Korean Medicine,,학회
2733998X,12292486,시각장애연구,The Korean Journal of Visual Impairment,등재,사회과학 > 교육학 > 분야교육 > 특수교육,1984,연4회,"한국어,영어",한국시각장애교육&재활학회,Korea Association for Education & Rehabilitation of the Visually Impaired,,학회
25862898,2586288X,Journal of Acupuncture Research,Journal of Acupuncture Research,등재,의약학 > 한의학,1984,연4회,"한국어,영어",대한침구의학회,The Korean Acupuncture & Moxibustion Medicine Society,,학회
,12266132,상품학연구,Journal of Product Research,등재,사회과학 > 경영학,1984,연6회,"한국어,영어",한국상품학회,Korean Academy Of Commodity Science & Technology,,학회
,1226931X,한국수학사학회지,Journal for History of Mathematics,등재,자연과학 > 수학,1984,연6회,"한국어,영어",한국수학사학회,The Korean Society For History Of Mathematics,,학회
22339191,15982262,식물병 연구,Research in Plant Disease,등재,농수해양학 > 농학,1984,연4회,"한국어,영어",한국식물병리학회,The Korean Society Of Plant Pathology,,학회
20931409,20935587,Journal of Astronomy and Space Sciences,Journal of Astronomy and Space Sciences,등재,자연과학 > 천문학 > 우주과학,1984,연4회,"한국어,영어",한국우주과학회,The Korean Space Science Society,,학회
27338347,15981274,미술교육연구논총,Journal of Art Education,등재,사회과학 > 교육학 > 교과교육학 > 예술교육학,1984,연4회,"한국어,영어",한국초등미술교육학회,Korea Elementary Art  Education Association,,학회
,12293458,중국학연구,,등재,인문학 > 중국어와문학,1984,연4회,"한국어,중국어",중국학연구회,The Society Of Chinese Studies,,학회
,12269379,철학논총,"CHULHAK-RONCHONG, Journal of the New Korean Philosophical Association",등재,인문학 > 철학,1984,연4회,"한국어,한국어",새한철학회,The New Korean Philosophical Association,,학회
22876936,12251534,천문학논총,Publications of the Korean Astronomical Society,등재,자연과학 > 천문학,1984,연3회,"한국어,영어",한국천문학회,Korean Astronomical Society,,학회
,15983552,판소리연구,Journal of Pansori,등재,인문학 > 한국어와문학,1984,연2회,"한국어,영어",판소리학회,,,학회
,12251224,가족법연구,Korean Journal of Family Law,등재,사회과학 > 법학,1984,연3회,"한국어,한국어",한국가족법학회,The Korean Society Of Family Law,,학회
26717506,12299618,중국학,Chinese Studies,등재,인문학 > 중국어와문학 > 중문학 > 기타중문학,1984,연4회,"한국어,중국어",대한중국학회,Korean Association For Chinese Studies,,학회
,15989410,헤겔연구,Hegel-Studien (Hegel-Yeongu),등재,인문학 > 철학,1984,연2회,"한국어,독일어",한국헤겔학회,Koreanische Hegel-Gesellschaft,,학회
,1598298X,한국임상수의학회지,Journal of Veterinary Clinics,등재,의약학 > 수의학,1984,연6회,"한국어,한국어",한국임상수의학회,The Korean Society Of Veterinary Clinics,,학회
22878769,12259071,한국정밀공학회지,Journal of the Korean Society for Precision Engineering,등재,공학 > 기계공학,1984,연12회,"한국어,한국어",한국정밀공학회,Korean Society for Precision Engineering,,학회
,12251100,경영과학,Korean Management Science Review,등재,사회과학 > 경영학,1984,연4회,한국어,한국경영과학회,Korean Operations Research And Management Society,,학회
,12293962,재산법연구,THE JOURNAL OF PROPERTY LAW,등재,사회과학 > 법학 > 사법 > 민법,1984,연4회,"한국어,영어",한국재산법학회,THE KOREAN SOCIETY OF PROPERTY LAW,,학회
26716151,12254770,언어연구,The Journal of Studies in Language,등재,인문학 > 언어학,1984,연4회,"한국어,영어",한국현대언어학회,The Modern Linguistic Society Of Korea,,학회
,20057016,日本語敎育,Journal of Japanese Language Education Association,등재,인문학 > 일본어와문학,1984,연4회,"한국어,일본어",한국일본어교육학회,The Japanese Education Association Of Korea,,학회
,1229618X,카프카 연구,Franz Kafka,등재,인문학 > 독일어와문학,1984,연1회,"한국어,독일어",한국카프카학회,Koreanische Kafka Gesellschaft,,학회
,17387256,한국교원교육연구,The Journal of Korean Teacher Education,등재,사회과학 > 교육학,1984,연4회,"한국어,영어",한국교원교육학회,The Korean Society For The Study Of Teacher Education,,학회
27340104,15980413,한국여가레크리에이션학회지,"korean Journal of Lesure, Recreation & Park",등재,예술체육학 > 체육,1984,연4회,"한국어,영어",한국여가레크리에이션학회,"Korean Society of Leisure, Recreation & Park",,학회
25862073,10130799,정보관리학회지,Journal of the Korean Society for Information Management,등재,복합학 > 문헌정보학,1984,연4회,"한국어,영어",한국정보관리학회,,,학회
,12259098,한국응용과학기술학회지,Journal of the Korean Applied Science and Technology,등재,복합학 > 과학기술학 > 기타과학기술학,1984,연6회,"한국어,영어",한국응용과학기술학회 ,The Korean Society of Applied Science and Technology (KSAST) ,,학회
,23834943,ACTS 신학저널,ACTS Theological Journal,등재,인문학 > 기독교신학,1984,연4회,"한국어,영어",ACTS 신학연구소,ACTS Theology Institute ,아세아연합신학대학교,대학부설연구소
27136140,1225228X,법학논총,,등재,사회과학 > 법학,1984,연4회,한국어,법학연구소,The Institute for Legal Studies,한양대학교,대학부설연구소
19757220,2561115,Korean Journal of Chemical Engineering,Korean Journal of Chemical Engineering,등재,공학 > 화학공학,1984,연12회,"영어,영어",한국화학공학회,The Korean Institute of Chemical Engineers,,학회
,12293806,중국학논총,JOURNAL OF CHINESE STUDIES,등재,인문학 > 중국어와문학,1984,연4회,"한국어,중국어",중국학연구소,CHINESE STUDIES INSTITUTE,고려대학교,대학부설연구소
,19750005,법학논총,,등재,사회과학 > 법학 > 법학일반 > 법해석학,1984,연3회,"한국어,영어",법학연구소,SOONG SIL UNIVERSITY INSTITUTE FOR THE LEGAL STUDIES,숭실대학교,대학부설연구소
,15989925,식품유통연구,Korean Journal of Food Marketing Economics,등재,사회과학 > 농업경제학,1984,연4회,"한국어,영어",한국식품유통학회,Korean Food Marketing Association,,학회
,15988317,한국교육문제연구,Korean Education Inquiry,등재,사회과학 > 교육학 > 기타교육학,1984,연4회,"한국어,영어",한국교육문제연구소,The Research Institue of Korean Education,중앙대학교,대학부설연구소
24662143,1226640X,병원약사회지,Journal of Korean Society of Health-System Pharmacists,등재,의약학 > 약학 > 기타약학,1984,연4회,한국어,한국병원약사회,The Korean Society of Health-System Pharmacists,,학회
,17381452,음악논단,,등재,예술체육학 > 음악학,1984,연2회,"한국어,영어",음악연구소,The Music Research Center,한양대학교,대학부설연구소
,12297569,제주도연구,Journal of Jeju Studies,등재후보,사회과학 > 지역학,1984,연2회,한국어,제주학회,Society for Jeju Studies,,학회
27136914,12259152,태동고전연구,TAE-DONG YEARLY REVIEW OF CLASSICS,등재,인문학 > 기타인문학,1984,연2회,한국어,태동고전연구소,Tae Dong Institute of classic research,한림대학교,대학부설연구소
27339823,15987698,여성학논집,Women's Studies Review,등재,복합학 > 여성학,1984,연2회,"한국어,영어",한국여성연구원,"Korean Women's Institute, Ewha Womans University",이화여자대학교,대학부설연구소
27140628,12290939,신라문화,,등재,인문학 > 역사학,1984,연2회,"한국어,영어",신라문화연구소,The Research Institute for Silla Culture of Dongguk University,동국대학교(경주캠퍼스),대학부설연구소
27139522,12298395,한국초등국어교육,Jounal of Elementary Korean Education,등재,인문학 > 한국어와문학 > 국어교육,1984,연2회,"한국어,영어",한국초등국어교육학회,,,학회
23840293,23840293,Yeungnam University Journal of Medicine,,등재,의약학 > 의학일반,1984,연4회,"한국어,영어",영남대학교 의과대학,Yeungnam University College of Medicine,,학회
2713802X,27138011,한국트라이볼로지학회지,Tribology and Lubricants,등재,공학 > 기계공학,1985,연6회,"한국어,영어",한국트라이볼로지학회,Korean Tribology Society,,학회
,12294608,한국정치외교사논총,Journal of Korean Political and Diplomatic History,등재후보,사회과학 > 정치외교학,1985,연2회,"한국어,한국어",한국정치외교사학회,Korean Association For Political And Diplomatic History,,학회
,15986101,국방정책연구,The Quarterly Journal of Defense Policy Studies,등재,사회과학 > 정책학,1985,연4회,"한국어,한국어",한국국방연구원,,,일반기관
27141330,12253855,한국항만경제학회지,JOURNAL OF KOREA PORT ECONOMIC ASSOCIATION,등재,농수해양학 > 해상운송학,1985,연4회,"한국어,한국어",한국항만경제학회,The Korea Port Economic Association,,학회
27136604,12263117,한국여성학,Journal of Korean Women＇s Studies,우수등재,복합학 > 여성학,1985,연4회,"한국어,영어",한국여성학회,Korean Association Of Women'S Studies,,학회
,15989577,부동산법학,Real Estate Law Review,등재,사회과학 > 법학,1985,연3회,한국어,한국부동산법학회,KOREA ASSOCIATION OF REAL ESTATE LAW,,학회
,12267341,우리어문연구,The Studies of Korean Language and Literature,등재,인문학 > 한국어와문학,1985,연3회,"한국어,한국어",우리어문학회,The Society Of Korean Language And Literature,,학회
27336247,27336239,대한건축학회논문집,Journal of the Architectural Institute of Korea,우수등재,공학 > 건축공학,1985,연12회,"한국어,영어",대한건축학회,Architectural Institute Of Korea,,학회
22879722,22879714,Annals of Coloproctolgy,Annals of Coloproctolgy,등재,의약학 > 일반외과학,1985,연6회,"한국어,영어",대한대장항문학회,,,학회
,20051875,복음과 선교,EVANGELICAL MISSIOLOGY,등재,인문학 > 기독교신학 > 선교신학,1985,연4회,"한국어,영어",한국복음주의선교신학회,Korea Evangelical Missiological Society,,학회
,12262838,시조학논총,,등재,인문학 > 한국어와문학,1985,연2회,"한국어,한국어",한국시조학회,Hankuk Sijohakhoe,,학회
27136167,2543737,The Korean Economic Review,,등재,사회과학 > 경제학,1985,연2회,영어,한국경제학회,The Korean Economic Association,,학회
27339106,12264415,정서·행동장애연구,JOURNAL OF EMOTIONAL & BEHAVIORAL DISORDERS,등재,사회과학 > 교육학 > 분야교육 > 특수교육,1985,연4회,"한국어,영어",한국정서행동장애학회,The Korean Society of Emotional and Behavioral Disorders,,학회
,12292427,한국지반공학회논문집,Journal of the korean geotechnical society,등재,공학 > 토목공학,1985,연12회,"한국어,영어",한국지반공학회,,,학회
,1225424X,교육공학연구,Journal of Educational Technology,등재,사회과학 > 교육학,1985,연4회,"한국어,한국어",한국교육공학회,Korean Society Of Educational Technology,,학회
,15981010,비교민속학,Asian Comparative Folklore,등재,인문학 > 역사학,1985,연3회,"한국어,영어",비교민속학회,Asian Comparative Folklore Society,,학회
26718758,12255246,서지학연구,Journal of Studies in Bibliography,등재,복합학 > 문헌정보학,1985,연4회,"한국어,한국어",한국서지학회,Korean Society of Bibliography,,학회
27138410,12263060,江原史學,KANGWON SAHAK,등재,인문학 > 역사학,1985,연2회,"한국어,영어",강원사학회,The Kangwon HIstorical Society,,학회
,12266973,East Asian Mathematical Journal,,등재,자연과학 > 수학,1985,연5회,"영어,한국어",영남수학회,Youngnam Mathematical Society,,학회
,12262927,토지법학,LAND LAW REVIEW,등재,사회과학 > 법학,1985,연2회,한국어,한국토지법학회,Korea Land Law Studies Association,,학회
,12253480,The Korean Journal of Malacology,The Korean Journal of Malacology,등재,농수해양학 > 수산학,1985,연4회,"한국어,영어",한국패류학회,The Malacological Society Of Korea,,학회
22871772,22871780,한국식품조리과학회지,Korean Journal of Food and Cookery Science,등재,자연과학 > 생활과학,1985,연6회,"한국어,영어",한국식품조리과학회,Korean Society of Food and Cookery Science,,학회
22888268,12257117,KSBB Journal,Korean Society for Biotechnology and Bioengineering Journal,등재,공학 > 생물공학,1985,연4회,"한국어,영어",한국생물공학회,The Korean Society For Biotechnology And Bioengineering,,학회
,15989798,데이타베이스연구,Database Research,등재,공학 > 컴퓨터학,1985,연3회,"한국어,영어",한국정보과학회,,,학회
22879307,12256161,대한원격탐사학회지,Korean Journal of Remote Sensing,등재,자연과학 > 기타자연과학,1985,연6회,"한국어,영어",대한원격탐사학회,The Korean Society Of Remote Sensing,,학회
,1738236X,한국전통조경학회지,Journal of Korean Institute of Traditional Landscape Architecture,등재,농수해양학 > 조경학,1985,연4회,"한국어,영어",한국전통조경학회, Korean Institute Of Traditional Landscape Architecture,,학회
22348190,,한국동물분류학회지,"Animal Systematics, Evolution and Diversity",등재,자연과학 > 생물학,1985,연4회,영어,한국동물분류학회,Korean Society Of Systematic Zoolgy,,학회
,12293261,경영법률,Journal of Business Administration & Law,등재,사회과학 > 법학,1985,연4회,"한국어,한국어",한국경영법률학회,The Korean Academic Society Of Business Administration And Law,,학회
22887989,22887970,Vascular Specialist International,Vascular specialist international,등재,의약학 > 일반외과학 > 순환기외과 > 혈관,1985,연4회,영어,대한혈관외과학회,The Korean Society For Vascular Surgery,,학회
,12255866,사회보장연구,Korean Social Security Studies,등재,사회과학 > 사회복지학,1985,연4회,"한국어,영어",한국사회보장학회,The Korea Social Security Association,,학회
23835346,15987132,한국대기환경학회지,Journal of Korean Society for Atmospheric Environment　,우수등재,자연과학 > 대기과학,1985,연6회,"한국어,영어",한국대기환경학회,Korea Society For Atmospheric Environment,,학회
,12267082,유교사상문화연구,THE STUDY OF CONFUCIAN PHILOSOPHY AND CULTURE,등재,인문학 > 유교학,1985,연4회,한국어,한국유교학회,,,학회
,12290467,한국실과교육학회지,Journal of Korean Practical Arts Education,등재,사회과학 > 교육학,1985,연4회,"한국어,한국어",한국실과교육학회,,,학회
,12254177,조형교육,ART EDUCATION REVIEW,등재,예술체육학 > 미술 > 미술일반 > 미술교육,1985,연4회,"한국어,영어",한국조형교육학회,Society for Art Education of Korea,,학회
,12297127,괴테연구,"Goethe-Yongu, Goethe-Studien",등재,인문학 > 독일어와문학,1985,연1회,"한국어,독일어",한국괴테학회,Koreanische Goethe-Gesellschaft,,학회
,12253154,불교연구,Bulgyo-Yongu,등재,인문학 > 불교학,1985,연2회,"한국어,영어",한국불교연구원,,,학회
2289098X,22890971,한국물환경학회지,Journal of Korean Society on Water Environment,등재,공학 > 환경공학,1985,연6회,"한국어,영어",한국물환경학회,Korean Society on Water Environment,,학회
27340759,12250759,재무관리연구,THE KOREAN JOURNAL OF FINANCIAL MANAGEMENT,등재,사회과학 > 경영학,1985,연4회,"한국어,영어",한국재무관리학회,Korea Financial Management Association,,학회
2635442X,20057520,동양한문학연구,Dongyang studies in Korean Classics,등재,인문학 > 한국어와문학,1985,연3회,"한국어,중국어",동양한문학회,Dongyang Hanmoon Association,,학회
,12250740,지역연구,Journal of the Korean Regional Science Association,등재후보,사회과학 > 국제/지역개발,1985,연4회,"한국어,영어",한국지역학회,Korean Regional Science Association,,학회
,12253006,한국과 국제정치,Korea and World Politics,등재,사회과학 > 정치외교학,1985,연4회,한국어,극동문제연구소,THE INSTITUTE FOR FAR EASTERN STUDIES,경남대학교,대학부설연구소
,20059531,고신대학교 의과대학 학술지,Kosin Medical Journal,등재,의약학 > 의학일반,1985,연2회,"한국어,영어",고신대학교 의과대학 학술지,Kosin Medical Journal,고신대학교(의대),대학부설연구소
27135918,12256277,일본연구,Journal of Japanese Studies,등재,인문학 > 일본어와문학,1985,연4회,"한국어,일본어",일본연구소,INSTITUTE OF JAPANESE STUDIES,한국외국어대학교,대학부설연구소
22342753,19768257,한국독성학회지,Toxicological Research,등재,의약학 > 예방의학 > 보건학 > 기타보건학,1985,연4회,영어,한국독성학회,The Korean Society Of Toxicology,,학회
27136264,12294578,강원법학,kangwon Law Review,등재,사회과학 > 법학 > 기타법학,1985,연3회,한국어,비교법학연구소,"Institute of Comparative Legal Studies, Kangwon National  University",강원대학교,대학부설연구소
,20052936,산업혁신연구,,등재,사회과학 > 경영학 > 경영전략/정책,1985,연4회,"한국어,영어",산업개발연구소,kyungsung university,경성대학교,대학부설연구소
,15982300,사회이론,Korean Journal of Social Theory,등재,사회과학 > 사회학,1985,연2회,"한국어,영어",한국사회이론학회,Korean Social Theory Association,,학회
27135470,12253405,동아법학,DONG-A LAW REVIEW,등재,사회과학 > 법학,1985,연4회,한국어,법학연구소,The Institute for Legal Studies Dong-A University ,동아대학교,대학부설연구소
,1975826X,남도문화연구,Namdo Munhwa Yongu,등재,인문학 > 기타인문학,1985,연3회,한국어,남도문화연구소,Sunchon National University Namdo Cultural Research Center,순천대학교,대학부설연구소
27137554,12291390,장신논단,Korea Presbyterian Journal of Theology,등재,인문학 > 기독교신학 > 기타기독교신학,1985,연5회,"한국어,영어",기독교사상과문화연구원,Center for Studies of Christian Thoughts and Culture,장로회신학대학교,대학부설연구소
27339912,17385903,법학논고,KYUNGPOOK NATIONAL UNIVERSITY LAW JOURNAL,등재,사회과학 > 법학 > 법학일반,1985,연4회,한국어,법학연구원,Law Research Institute,경북대학교,대학부설연구소
22337660,17386055,Laboratory Animal Research,Laboratory Animal Research,등재,의약학 > 수의학,1985,연4회,"영어,한국어",한국실험동물학회,,,학회
,12298433,미술사학,Art History,등재,예술체육학 > 미술,1986,연2회,"한국어,영어",한국미술사교육학회,Korean Association Of Art History Education,,학회
,17383803,한국안전학회지,,등재,공학 > 안전공학,1986,연6회,"한국어,영어",한국안전학회,The Korean Society of Safety,,학회
,12256587,지방행정연구,The Korea Local Administration Review,등재,사회과학 > 행정학,1986,연4회,"한국어,영어",한국지방행정연구원,,,일반기관
,12262617,ALGAE,ALGAE,등재,자연과학 > 생물학,1986,연4회,"영어,영어",한국조류학회I,The Korean Society Of Phycology,,학회
26721899,12250392,상사판례연구,Commercial Cases Review,등재,사회과학 > 법학,1986,연4회,"한국어,영어",한국상사판례학회,The Korea Commercial Cases Association,,학회
,12251321,漢文敎育硏究,Journal of Chinese Characters Education in Korea,등재,인문학 > 한국어와문학,1986,연2회,한국어,한국한문교육학회,Society for Korea Classical Chinese Education,,학회
,12250341,해양정책연구,Ocean Policy Research,등재,농수해양학 > 해상운송학,1986,연2회,"한국어,영어",한국해양수산개발원,Korea Maritime Institute,,일반기관
26714663,26714639,한국동물생명공학회지,Journal of Animal Reproduciton and Biotechnology,등재,농수해양학 > 축산학 > 축산생명공학,1986,연4회,"한국어,영어",사단법인 한국동물생명공학회,The Korean Society of Animal Reproduction and Biotechnology,,학회
,12264547,영남고고학,Yongnam Archaeological Review YONGNAM KOGOHAK,등재,인문학 > 역사학,1986,연3회,한국어,영남고고학회,Yeongnam Archaeological Review,,학회
,12293326,미술사연구,Journal of ART History,등재,예술체육학 > 미술,1986,연2회,"한국어,영어",미술사연구회,Association Of Art History,,학회
,1229456X,마케팅연구,Korean Journal of Marketing,등재,사회과학 > 경영학,1986,연4회,"한국어,영어",한국마케팅학회,Korean Marketing Association,,학회
,12290548,슬라브학보,,등재,인문학 > 러시아어와문학,1986,연4회,"한국어,러시아어",한국슬라브유라시아학회,The Korean Association of Slavic-Eurasian Studies,,학회
27138712,12263540,교육평가연구,Journal of Educational Evaluation,등재,사회과학 > 교육학,1986,연4회,"한국어,영어",한국교육평가학회,,,학회
,1229571x,Tourism Research,Tourism Research,등재,사회과학 > 관광학,1986,연4회,"한국어,한국어",한국관광산업학회,Korean Tourism Industry Research Association,,학회
15986357,10118934,Journal of Korean Medical Science,Journal of Korean Medical Science,등재,의약학 > 의학일반,1986,연12회이상,"영어,영어",대한의학회,Korean Academy Of Medical Sciences,,학회
,12273627,역사비평,Critical Review of History,등재,인문학 > 역사학,1986,연4회,"한국어,영어",역사문제연구소,,,일반기관
,12255017,The Korean Journal of Policy Studies,The Korean Journal of Policy Studies,등재,사회과학 > 정책학,1986,연3회,영어,서울대학교행정대학원,gspa(graduate school of public administration seoul national university),,학회
27338851,12265535,사회와역사(구 한국사회사학회논문집),,등재,사회과학 > 사회학,1986,연4회,"한국어,영어",한국사회사학회,Korean Social History Association,,학회
,12262595,형사정책,Korean Journal Of Criminology,등재,사회과학 > 법학 > 공법 > 형사정책,1986,연4회,"한국어,한국어",한국형사정책학회,Korean Association Of Criminology,,학회
25860631,1226976X,세라미스트,Ceramist,등재후보,공학 > 재료공학 > 세라믹재료,1986,연4회,"한국어,한국어",한국세라믹학회,The Korean Ceramic Society,,학회
,12250252,Journal of Apiculture,Journal of Apiculture,등재,농수해양학 > 농학 > 농생물 > 양봉,1986,연4회,"영어,한국어",한국양봉학회,,,학회
25866060,25866052,Acute and Critical Care,Acute and Critical Care,등재,의약학 > 마취과학 > 중환자의학,1986,연4회,"한국어,영어",대한중환자의학회,The Korean Society Of Critical Care Medicine,,학회
,12269980,한국민족운동사연구,Journal of Studies on Korean National Movement,등재,인문학 > 역사학,1986,연4회,"한국어,영어",한국민족운동사학회,The Association For The Historical Studies On Korean National Movement,,학회
,12257311,한국아프리카 학회지,Journal of the Korean Association of African Studies,등재,복합학 > 학제간연구,1986,연3회,"한국어,영어",한국아프리카학회,Korean Association Of African Studies,,학회
22887199,12291765,대한본초학회지,The Korea Journal of Herbology,등재,의약학 > 한의학,1986,연6회,"한국어,영어",대한본초학회,The Korea Association Of Herbology,,학회
25085603,2508268X,대한후두음성언어의학회지,"Journal of Korean Society of Laryngology, Phoniatrics and Logopedics",등재,의약학 > 이비인후과학 > 인후과학 > 후두과학/질환,1986,연2회,"한국어,영어",대한후두음성언어의학회,"Korean Society of Laryngology, Phoniatrics and Logopedics",,학회
27139344,12251410,범한철학,PAN-KOREAN PHILOSOPHY,등재,인문학 > 철학,1986,연4회,"한국어,영어",범한철학회,,,학회
22879463,,대한한방소아과학회지,The Journal of Pediatrics of Korean Medicine ,등재,의약학 > 한의학,1986,연4회,"한국어,영어",대한한방소아과학회,The Association of Pediatrics of Korean Medicine ,,학회
27334066,27334058,경영사연구,The Review of Business History,등재,사회과학 > 사회과학일반,1986,연4회,"한국어,영어",한국경영사학회,The Korean Academy Of Business Historians,,학회
,12252042,교원교육,Korean Journal of Teacher Education,등재,사회과학 > 교육학,1986,연4회,"한국어,영어",교육연구원,Center For Educational Research,한국교원대학교,대학부설연구소
20056648,12263303,The Korean Journal of Internal Medicine,The Korean Journal of Internal Medicine,등재,의약학 > 내과학,1986,연6회,"영어,영어",대한내과학회,The Korean Association Of Internal Medicine,,학회
19765118,12254657,Pacific Focus,,등재,사회과학 > 정치외교학,1986,연3회,영어,국제관계연구소,Center for International Studies,인하대학교,대학부설연구소
22887148,12257060,한국식생활문화학회지,Journal of The Korean Society of Food Culture,등재,자연과학 > 생활과학,1986,연6회,"한국어,영어",한국식생활문화학회,The Korean Society Of Food Culture,,학회
19765525,1225651X,Journal of Economic Integration,,등재,사회과학 > 경제학,1986,연4회,영어,경제통합연구소,Journal of Economic Integration,세종대학교,대학부설연구소
2714027X,15988651,경영교육연구,Korean Business Education Review,등재,사회과학 > 경영학,1986,연6회,"한국어,영어",한국경영교육학회,Korean Association Of Business Education,,학회
20935978,2093596X,Endocrinology and Metabolism,Endocrinology and Metabolism,등재,의약학 > 내과학 > 내분비대사내과,1986,연4회,영어,대한내분비학회,Korean Endocrin Society,,학회
22343024,12251763,대한수학회논문집,Communications of the KMS,등재,자연과학 > 수학,1986,연4회,"영어,한국어",대한수학회,The Korean Mathematical Society,,학회
24659223,12291153,한국식품위생안전성학회지,Journal of Food Hygiene and Safety,등재,농수해양학 > 식품과학 > 식품위생/안전,1986,연6회,"한국어,한국어",한국식품위생안전성학회,The Korean Society of Food Hygiene and Safety,,학회
,1598236X,한국태국학회논총,JOURNAL OF KOREAN ASSOCIATION OF THAI STUDIES,등재,사회과학 > 지역학,1987,연2회,"한국어,태국어",한국태국학회,Korean Association Of Thai Studies,,학회
,12292141,노동법학,Journal of Labour Law,우수등재,사회과학 > 법학 > 분야별법 > 노동법,1987,연4회,"한국어,영어",한국노동법학회,The Korea Society Of Labor Law,,학회
27334252,27334244,한국공공관리학보,Korean Public Management Review,등재,사회과학 > 사회과학일반,1987,연4회,"한국어,한국어",한국공공관리학회,Korean Association for Public Management,,학회
27137937,12250414,노어노문학,,등재,인문학 > 러시아어와문학,1987,연4회,"한국어,러시아어",한국노어노문학회,Karll(The Korean Associationof Russian Language & Literature),,학회
,19752431,역사학연구,Chonnam Historical Review,등재,인문학 > 역사학,1987,연4회,"한국어,한국어",호남사학회,Honam Historical Association,,학회
27137856,12293393,국제상학,KOREA INTERNATIONAL COMMERCIAL REVIEW,등재,사회과학 > 무역학,1987,연4회,"한국어,한국어",한국국제상학회,"Korean Academy Of International Commerce, Inc.",,학회
,12297968,보조사상,Journal of Bojo Jinul's Thought,등재,인문학 > 종교학,1987,연3회,"한국어,한국어",보조사상연구원,,,학회
,12253553,생산성논집,Productivity Review,등재,사회과학 > 경영학,1987,연4회,"한국어,한국어",한국생산성학회,Korea Productivity Association,,학회
,12294691,조명.전기설비학회논문지,Journal of the Korean Institute of Illuminating and Electrical Installation Engineers,등재,공학 > 전기공학,1987,연12회,"한국어,영어",한국조명.전기설비학회,The Korean Institute Of Illuminating And Electrical Installation Engineers,,학회
22876715,12250767,한국해양공학회지,Journal of Ocean Engineering and Technology,우수등재,공학 > 해양공학,1987,연6회,"한국어,영어",한국해양공학회,,,학회
,12290084,한국상고사학보,Hanguk Sanggosa Hakbo,등재,인문학 > 역사학,1987,연4회,"한국어,영어",한국상고사학회,Korean Ancient Historical Society,,학회
,12298328,대한한의학원전학회지,The Journal Of Korean Medical Classics,등재,의약학 > 한의학,1987,연4회,"한국어,중국어",대한한의학원전학회,,,학회
,12250716,중국현대문학,The Journal of Modern Chinese Literature,등재,인문학 > 중국어와문학,1987,연4회,"한국어,중국어",한국중국현대문학학회,The Korean Society Of Modern Chinese Literature,,학회
22342869,12260290,한국보건간호학회지,Journal of Korean Public Health Nursing,등재,의약학 > 간호학,1987,연3회,"한국어,영어",한국보건간호학회,Korean Society of Public Health Nursing,,학회
,1225066X,응용통계연구,The Korean Journal of applied Statistics,등재,자연과학 > 통계학,1987,연6회,한국어,한국통계학회,The Korean Statistical Society,,학회
19763824,1738494X,Journal of Mechanical Science and Technology,Journal of Mechanical Science and Technology,등재,공학 > 기계공학,1987,연12회,"한국어,영어",대한기계학회,,,학회
,12295604,제임스조이스저널,James Joyce Journal,등재,인문학 > 영어와문학,1987,연2회,"한국어,영어",한국제임스조이스학회,The James Joyce Society Of Korea,,학회
22883312,22877924,Weed & Turfgrass Science,Weed & Turfgrass Science,등재,농수해양학 > 농학,1987,연4회,"한국어,영어",한국잔디학회,Korea Journal Of Turfgrass Science,,학회
,12251828,서양고전학연구,The Journal of Greco-Roman Studies,등재,인문학 > 서양고전어와문학,1987,연3회,"한국어,영어",한국서양고전학회,The Korean Society of Greco-Roman Studies,,학회
,12294292,대한한방부인과학회지,The Journal of Oriental Obstetrics ＆ Gynecology,등재,의약학 > 한의학,1987,연4회,한국어,대한한방부인과학회,The Society Of Oriental Obstetrics & Gynecology,,학회
2287822X,12257672,상하수도학회지,Journal of the Korean Society of Water and Wastewater,등재,공학 > 토목공학 > 상하수도공학,1987,연6회,"한국어,영어",대한상하수도학회,Korean Society Of Water And Wastewater,,학회
,12293938,초등교육연구,The Journal of Elementary Education,등재,사회과학 > 교육학,1987,연4회,한국어,한국초등교육학회,The Korean Society For The Study Of Elementary Education,,학회
27138461,12266213,한국고대사연구,The Journal of Korean Ancient History,등재,인문학 > 역사학 > 한국사 > 한국고대사,1987,연4회,"한국어,한국어",한국고대사학회,The Society for Ancient Korean History,,학회
27137791,12254290,교육심리연구,Korean Journal of Educational Psychology,등재,사회과학 > 교육학,1987,연4회,"한국어,한국어",한국교육심리학회,The Korean Society Of Educational Psychology,,학회
,15989151,교육사학연구,History of Education,등재,사회과학 > 교육학 > 교육학일반 > 교육사학,1987,연2회,"한국어,한국어",교육사학회,The Society for History of Education,,학회
,12257028,한국독립운동사연구,JOURNAL OF KOREAN INDEPENDENCE MOVEMENT STUDIES,등재,인문학 > 역사학,1987,연4회,"한국어,한국어",한국독립운동사연구소,,,학회
,12250430,비평문학,Literary Criticism,등재,인문학 > 한국어와문학,1987,연4회,"한국어,한국어",한국비평문학회,The Society Of Korean Literary Criticism,,학회
26718669,15987906,도교문화연구,Journal of The Studies of Taoism and Culture,등재,인문학 > 종교학,1987,연2회,"한국어,중국어",한국도교문화학회,The Korean Academy Of Taoism And Culture,,학회
26716550,22336494,산경논집,Journal of Tourism & Industry Research,등재후보,사회과학 > 경영학 > 경영학일반,1987,연4회,"영어,한국어",관광과경영경제연구소,Tourism & Industry Research Institude,제주대학교,대학부설연구소
,10168737,International Economic Journal,,등재,사회과학 > 경제학,1987,연4회,"영어,한국어",한국국제경제학회,The Korea International Economic Association,,학회
25082604,15981711,Korean Journal of Transplantation,Korean Journal of Transplantation,등재,의약학 > 의학일반,1987,연4회,"한국어,영어",대한이식학회,The Korean Society For Transplantation,,학회
,1229943X,성균관법학,SungKyunKwan Law Review,등재,사회과학 > 법학,1987,연4회,"한국어,영어",법학연구원,The Institute of Legal Studies,성균관대학교,대학부설연구소
27334201,15986454,역사문화연구,,등재,인문학 > 역사학,1987,연4회,"한국어,영어",역사문화연구소,HUFS Institute of History and Culture,한국외국어대학교(글로벌캠퍼스),대학부설연구소
25086804,17387167,한국화재소방학회 논문지,Fire Science and Engineering,등재,공학 > 안전공학,1987,연6회,"한국어,영어",한국화재소방학회,,,학회
,17387477,한국정치연구,,등재,사회과학 > 정치외교학 > 한국정치 > 한국정치사회,1987,연3회,한국어,사회과학연구원 한국정치연구소,The Institute of Korean Political Studies Center for Social Sciences,서울대학교,대학부설연구소
27136280,17388848,국가정책연구,Public Policy Review,등재,사회과학 > 정책학,1987,연4회,"한국어,영어",국가정책연구소,Institute of Public Policy & Administration,중앙대학교,대학부설연구소
,12269441,한국사상사학,The Society for Study of Korean History of Thoughts,등재,인문학 > 역사학,1987,연3회,"한국어,한국어",한국사상사학회,The Association For The Study Of Korean History Of Thoughts,,학회
25089021,12269522,한국기독교신학논총,,등재,인문학 > 기독교신학,1987,연4회,"한국어,영어",한국기독교학회,Korean Association Of Christian Studies,,학회
2288131X,12293857,한국환경생태학회지,KOREAN JOURNAL OF ENVIRONMENT AND ECOLOG,등재,농수해양학 > 조경학 > 환경생태/복원,1987,연6회,"한국어,영어",한국환경생태학회,,,학회
,1226301X,교육법학연구,The Journal of Law of Education,등재,사회과학 > 교육학,1988,연3회,"한국어,한국어",대한교육법학회,The Korean Society For Educational Law,,학회
,12263443,한국음악사학보,Journal of the Society for Korean Historico-Musicology,등재,예술체육학 > 음악학,1988,연2회,"한국어,영어",한국음악사학회,The Society For Korean Historico-Musicology,,학회
22335412,12260819,한국어병학회지,JOURNAL OF FISH PATHOLOGY,등재후보,농수해양학 > 수산학 > 어병학,1988,연2회,"한국어,영어",한국어병학회,The Korean Society Of Fish Pathology,,학회
25084046,12251070,열처리공학회지,Journal of the Korean Society for Heat Treatment,등재후보,공학 > 금속공학,1988,연6회,"한국어,영어",한국열처리공학회,The Korean Society For Heat Treatment,,학회
,12266604,강좌미술사,The Art History Journal,등재,예술체육학 > 미술,1988,연2회,"한국어,한국어",한국불교미술사학회,The Association Of Korean Buddhist Art History,,학회
,12259608,한국학교보건학회지,THE JOURNAL OF THE KOREAN SOCIETY OF SCHOOL HEALTH,등재,의약학 > 예방의학 > 보건학 > 학교보건,1988,연3회,"한국어,한국어",한국학교보건학회,The Korean Society of School Health,,학회
24658839,12262234,대한경영학회지,Korean Journal of Business Administration,등재,사회과학 > 경영학,1988,연12회,"한국어,영어",대한경영학회,The Korean Academic Association of Business Administration,,학회
,15980979,형사법연구,Journal of Criminal Law,우수등재,사회과학 > 법학,1988,연4회,"한국어,한국어",한국형사법학회,The Korean Criminal Law Association,,학회
,1225309X,광물과 암석,Korean Journal of Mineralogy and Petrology,우수등재,자연과학 > 지질학,1988,연4회,"한국어,영어",한국광물학회,The Mineralogical Society Off Korea,,학회
2671566X,26715651,해부·생물인류학,Anatomy & Biological Anthropology,등재,의약학 > 해부학,1988,연4회,"한국어,영어",대한체질인류학회,,,학회
,12264555,중국어문논총,Journal of Chinese Language and Literature,등재,인문학 > 중국어와문학,1988,연6회,"한국어,중국어",중국어문연구회,Chinese Literary Society,,학회
22879293,12251682,대한골절학회지,Journal of the Korean Fracture Society,등재,의약학 > 정형외과학,1988,연4회,"한국어,영어",대한골절학회,The Korean Fracture Society,,학회
26714345,12290696,한국심리학회지: 산업 및 조직,Korean Journal of Industrial and Organizational Psychology,등재,사회과학 > 심리과학,1988,연4회,"한국어,영어",한국산업및조직심리학회,Korean Society for Industrial and Organizational Psychology,,학회
25864572,12294411,대동한문학(大東漢文學),,등재,인문학 > 한국어와문학,1988,연4회,"한국어,한문",대동한문학회 (구.교남한문학회),http://www.daedonghanmun.or.kr/,,학회
,12296465,뷔히너와 현대문학,Buechner und Moderne Literatur,등재,인문학 > 독일어와문학,1988,연2회,"한국어,독일어",한국뷔히너학회,,,학회
20930569,20059159,The Korean Journal of Pain,,등재,의약학 > 마취과학 > 통증학,1988,연4회,영어,대한통증학회,The Korean Pain Society,,학회
,15982734,반교어문연구,Journal of Bangyo Language and Literature,등재,인문학 > 한국어와문학,1988,연3회,"한국어,한국어",반교어문학회,The Society Of Bangyo Language And Literature,,학회
,12271373,경제와 사회,Economy and Society,우수등재,사회과학 > 사회학,1988,연4회,한국어,비판사회학회,Korean Critical Sociological Association,,학회
,17382734,열상고전연구,Yeol-sang Journal of Classical Studies,등재,인문학 > 한국어와문학 > 국문학 > 기타국문학,1988,연3회,"한국어,한국어",열상고전연구회,Society Of Yol-Sang Academy,,학회
,15988686,도시행정학보,Journal of The Korean Urban Management Association,등재,사회과학 > 행정학,1988,연4회,"한국어,영어",한국도시행정학회,Korean Urban Management Association,,학회
22874992,12254339,한국식품영양학회지,The Korean Journal of Food and Nutrition,등재,농수해양학 > 식품과학,1988,연6회,"한국어,영어",한국식품영양학회,The Korean Society Of Food And Nutrition,,학회
22872302,12293059,한국전산구조공학회논문집,Journal of the Computational Structural Engineering Institute of Korea,등재,공학 > 토목공학 > 구조공학,1988,연6회,"한국어,영어",한국전산구조공학회,The Computational Structural Engineering Institute Of Korea,,학회
,12290718,한국심리학회지: 발달,THE KOREAN JOURNAL OF DEVELOPMENTAL PSYCHOLOGY,등재,사회과학 > 심리과학,1988,연4회,한국어,한국심리학회 산하 한국발달심리학회, The  Korean  Society  For Developmental  Psychology,,학회
,12295566,音.樂.學,,등재,예술체육학 > 음악학 > 기타음악학,1988,연2회,"한국어,영어",한국음악학학회,The Musicological Society Of Korea,,학회
,12298999,수산해양교육연구,JOUNAL OF FISHERIES AND MARINE SCIENCES EDUCATION,등재,농수해양학 > 수산학,1988,연6회,한국어,한국수산해양교육학회,The Korean Society Fishries And Sciences Education,,학회
,12278181,광고연구,Advertising Research,등재,사회과학 > 신문방송학 > 광고/홍보학,1988,연4회,"한국어,영어",한국광고홍보학회,,,학회
,17381258,문화정책논총,The Journal of Cultural Policy,등재,사회과학 > 정책학,1988,연3회,"한국어,영어",한국문화관광연구원,Korea Culture & Tourism Institute,,학회
,12263591,한국자원식물학회지,Korean Journal of Plant Reources.,등재,농수해양학 > 농학 > 자원식물학 > 기타자원식물학,1988,연6회,"한국어,영어",한국자원식물학회,The Plant Resources Society Of Korea,,학회
,12290998,라틴아메리카연구,Asian Journal of Latinamerican Studies,등재,사회과학 > 지역학,1988,연3회,"한국어,영어",한국라틴아메리카학회,Latin American Studies Association Of Korea,,학회
23836245,12263524,충청수학회지,Journal of the Chungcheong Mathematical Society,등재,자연과학 > 수학,1988,연4회,"영어,영어",충청수학회,Chungcheong Mathematical Society,,학회
,12262226,한국운동역학회지,Korean Journal of Sport Biomechanics,등재,예술체육학 > 체육,1988,연4회,"한국어,영어",한국운동역학회,Korean Society Of Sport Biomechanics,,학회
,12290351,재무연구,Asian Review of Financial Research,등재,사회과학 > 경영학,1988,연4회,"한국어,영어",한국재무학회,The Korean Finance Association,,학회
,12260967,계간 저작권,Copyright Quarterly,등재,사회과학 > 법학,1988,연4회,"한국어,한국어",한국저작권위원회,Korea Copyright Commission,,학회
,17385784,미국소설,American Fiction Studies,등재,인문학 > 영어와문학,1988,연3회,"한국어,영어",미국소설학회,The American Fiction Association of Korea,,학회
22871683,17388767,대한외상학회지,Journal of Trauma and Injury,등재,의약학 > 의학일반 > 기타의학일반,1988,연4회,"한국어,영어",대한외상학회,The Korean Society of Traumatology,,학회
,17386640,한방안이비인후피부과학회지,The Journal of Korean Medicine Ophthalmology&Otorhinolaryngology&Dermatology,등재,의약학 > 한의학,1988,연4회,"한국어,한국어",대한한방안이비인후피부과학회,The Korean Medicine Opthalmology&Otolaryngology&Dermatology Society,,학회
22888985,12250163,분석과학,Analytical Science & Technology,등재,자연과학 > 화학,1988,연6회,"한국어,영어",한국분석과학회,,,학회
,12267864,교육문제연구,,등재,사회과학 > 교육학,1988,연4회,"한국어,영어",교육문제연구소,Research Institute of Education Korea University,고려대학교,대학부설연구소
22882111,22882103,Composites Research,Composites Research,등재,공학 > 재료공학,1988,연6회,"한국어,영어",한국복합재료학회,The Korean Society For Composite Materials,,학회
19765517,10112367,ASIAN-AUSTRALASIAN JOURNAL OF ANIMAL SCIENCES,ASIAN-AUSTRALASIAN JOURNAL OF ANIMAL SCIENCES,등재,농수해양학 > 축산학 > 가축영양/사료 > 단위가축영양/사료,1988,연12회,"영어,영어",아세아·태평양축산학회,Asian-Australasian Association Of Animal Production Societies,,학회
22883258,12267945,전기전자재료학회논문지,Journal of the Korean Institute of Electrical and Electronic Material Engineers,등재,공학 > 전기공학,1988,연6회,"한국어,영어",한국전기전자재료학회,The Korean Institute of Electrical and Electronic Material Engineers,,학회
,12250279,Seoul Journal of Economics,,등재,사회과학 > 경제학,1988,연4회,영어,경제연구소,INSTITUTE OF ECONOMIC RESEARCH SEOUL NATIONAL UNIVERSITY,서울대학교,대학부설연구소
,17381908,언어사실과 관점,Language Facts and Perspectives,등재,인문학 > 한국어와문학,1988,연2회,"한국어,영어",언어정보연구원,Institute of Language and Information Studies,연세대학교,대학부설연구소
22878165,12258504,한국국제농업개발학회지,The Journal of the Korean Society of International Agriculture,등재,농수해양학 > 농학,1988,연4회,"한국어,영어",한국국제농업개발학회,The Korean Society Of International Agriculture,,학회
27339203,12281158,동향과 전망,Journal of Korean Social Trend and Perspective,등재,사회과학 > 사회과학일반,1988,연3회,"한국어,영어",한국사회과학연구회,Korea Social Science Studies Association,,학회
,12258814,동서연구,,등재,사회과학 > 지역학,1988,연4회,"한국어,영어",동서문제연구원,Institute of East and West Studies,연세대학교,대학부설연구소
,19752784,법학연구,The Journal of Legal Studies,등재,사회과학 > 법학 > 법학일반 > 기초법,1988,연4회,"한국어,영어",법학연구소,Law Research Institute ,경상대학교,대학부설연구소
,1229201X,산업경제연구,Journal of Industrial Economics and Business,등재,사회과학 > 경제학,1988,연6회,"한국어,영어",한국산업경제학회,Korean Industrial Economic Association ,,학회
,12290688,한국심리학회지: 상담 및 심리치료,Korean Journal Of Counseling And Psychotherapy,등재,사회과학 > 심리과학,1988,연4회,"한국어,영어",한국상담심리학회,Korean Counseling Psychological Association,,학회
2733872X,12266450,한국색채학회논문집,Journal of Korea Society of Color Studies,등재,예술체육학 > 미술,1988,연4회,"한국어,영어",한국색채학회,Korea Society of Color Studies,,학회
27135640,1225195x,한국학연구,The Journal of Korean Studies,등재,인문학 > 기타인문학,1988,연4회,"한국어,영어",한국학연구소,Center for Korean Studies,고려대학교세종캠퍼스,대학부설연구소
27334422,12267562,한국민족문화,Journal of Koreanology,등재,인문학 > 기타인문학,1988,연4회,한국어,한국민족문화연구소,"Korean Studies Institute, Pusan National University",부산대학교,대학부설연구소
27140032,12259993,사회과학연구,Kookmin Social Science Reviews,등재후보,사회과학 > 사회과학일반 > 기타사회과학일반,1988,연2회,"한국어,영어",사회과학연구소,The Institute of Social Sciences,국민대학교,대학부설연구소
,1976698X,한국초등교육,Korean Journal of Elementary Education,등재,사회과학 > 교육학 > 기타교육학,1988,연4회,"한국어,영어",초등교육연구원,Elementary Education Research Center,서울교육대학교,대학부설연구소
,12250201,Seoul Journal of Korean Studies,Seoul Journal of Korean Studies,등재,사회과학 > 지역학 > 동아시아 > 한국,1988,연2회,영어,규장각한국학연구원,Kyujanggak Institute for Korean Studies,서울대학교,대학부설연구소
2733466X,12269654,한국심리학회지: 인지 및 생물,Korean Journal of Cognitive and Biological Psychology,등재,사회과학 > 심리과학,1989,연4회,"한국어,영어",한국인지및생물심리학회,Korean Society For Cognitive and Biological Psychology ,,학회
2287156X,12290475,대한물리치료학회지,The Journal of Korean Society of Physical Therapy,등재,의약학 > 물리치료학 > 기타물리치료학,1989,연6회,"한국어,영어",대한물리치료학회 ,The Journal of Korean Physical Therapy,,학회
,15981053,해사법연구,MARITIME LAW REVIEW,등재,사회과학 > 법학,1989,연3회,"한국어,영어",한국해사법학회,The Korea Institute Of Maritime Law,,학회
22883371,12258598,한국어류학회지,Korean Journal of Ichthyology,등재,농수해양학 > 수산학,1989,연4회,"한국어,영어",한국어류학회,The Ichthyological Society Of Korea,,학회
,12262811,한국이슬람학회논총,Annals of Korean Association of the Islamic Studies,등재,인문학 > 종교학,1989,연3회,"한국어,영어",한국이슬람학회,Korean Association Of The Islamic Studies,,학회
2713847X,12256137,한국어교육,Journal of Korean Language Education,등재,인문학 > 한국어와문학,1989,연5회,"한국어,영어",국제한국어교육학회,The International Association For Korean Language Education,,학회
,12263109,한국가구학회지,Journal of the Korea furniture Society,등재,예술체육학 > 디자인 > 환경디자인 > 생활/실내디자인,1989,연4회,"한국어,영어",한국가구학회,Korea Furniture Society,,학회
,12290424,관광레저연구,Journal of Tourism and Leisure Research,등재,사회과학 > 관광학,1989,연12회,"한국어,영어",(사)한국관광레저학회,The Korea Academic Society Of Tourism And Leisure,,학회
27338509,12290092,사회경제평론,The Review of Social & Economic Studies,등재,사회과학 > 경제학,1989,연3회,"한국어,한국어",한국사회경제학회,Korean Association for Political Economy,,학회
,12266582,알타이학보,ALTAI HAKPO,등재,인문학 > 기타인문학,1989,연1회,"한국어,다수언어",한국알타이학회,The Altaic Society Of Korea,,학회
,17387264,한국수소및신에너지학회논문집,Transactions of the Korean Hydrogen and New Energy Society,등재,공학 > 기계공학,1989,연6회,"한국어,영어",한국수소및신에너지학회,The Korean Hydrogen And New Energy Society,,학회
19414641,10163271,The Korean Journal of Defense Analysis,,등재,사회과학 > 정치외교학 > 국제정치 > 외교/안보/통일,1989,연4회,영어,한국국방연구원,,,일반기관
,12251488,한국가정과교육학회지,(Journal of Korean Home Economics Education  Association),등재,사회과학 > 교육학,1989,연4회,"한국어,영어",한국가정과교육학회,Korean Home Economics Education Association,,학회
20057288,2005727X,Korean Journal of Medical Education,korean journal of medical education,우수등재,의약학 > 기타의약학,1989,연4회,"한국어,영어",한국의학교육학회,,,학회
2287786X,12264075,사상체질의학회지,Journal of Sasang Constitutional Medicine,등재,의약학 > 한의학,1989,연4회,"한국어,영어",사상체질의학회,The Society Of Sasang Constitutional Medicine,,학회
,12296422,설비공학 논문집,Korea Journal of Air-Conditioning and Refrigeration Engineering,우수등재,공학 > 기계공학 > 기타기계공학,1989,연12회,"한국어,영어",대한설비공학회,The Society Of Air-Conditioning And Refrigerating Engineers Of Korea,,학회
22884203,12259594,지역사회간호학회지,Journal of Korean Academy of Community Health Nursing,등재,의약학 > 간호학,1989,연4회,"한국어,영어",한국지역사회간호학회,Korean Academy of Community Health Nursing,,학회
,12257478,통일문제연구,The Korean Journal of Unification Affairs,등재,사회과학 > 정치외교학,1989,연2회,"한국어,한국어",평화문제연구소,,,일반기관
,15981258,미술사학보,Korean Bulletin of Art History,등재,예술체육학 > 미술,1989,연2회,"한국어,영어",미술사학연구회,The Korean Society Of Art History,,학회
,12257796,국악원논문집,Journal of National Gugak Center,등재,예술체육학 > 음악학 > 한국음악이론/분석,1989,연2회,"한국어,한국어",국립국악원,,,일반기관
2234036X,12290033,한국염색가공학회지,Textile Coloration and Finishing ,등재,공학 > 섬유공학,1989,연4회,"한국어,영어",한국염색가공학회,The Korean Society Of Dyers And Finishers,,학회
27338460,12256420,문화역사지리,Journal of Cultural and Historical Geography,등재,사회과학 > 지리학 > 인문지리학,1989,연3회,"한국어,영어",한국문화역사지리학회,The Association Of Korean Cultural And Historical Geographers,,학회
27137244,12267112,한국지방자치학회보,Journal of Local Government Studis,등재,사회과학 > 정치외교학,1989,연4회,"한국어,영어",한국지방자치학회,Korean Association For Local Government Studies,,학회
22874054,1226363X,한국강구조학회 논문집,Journal of Korean Society of Steel Construction,등재,공학 > 토목공학,1989,연6회,"한국어,영어",한국강구조학회,Korean Society Of Steel Construction,,학회
,12299030,현대문학의 연구,Journal of Korean Modern Literature,등재,인문학 > 한국어와문학,1989,연3회,"한국어,한국어",한국문학연구학회,The Society of Korean Literary Studies,,학회
27334503,1225973X,중국어문학논집,The Journal of Chinese Languaue and Literature,등재,인문학 > 중국어와문학,1989,연6회,"한국어,중국어",중국어문학연구회,The Society For Research Of Chinese Language And Literature,,학회
2288338X,12254886,성인간호학회지,Korean Journal of Adult Nursing,등재,의약학 > 간호학,1989,연6회,"한국어,영어",한국성인간호학회,Korean Society of Adult Nursing,,학회
,12270954,법과사회,Korean Journal of Law & Society,등재,사회과학 > 법학,1989,연3회,"한국어,한국어",법과사회이론학회,Korean Law & Society Association,,학회
,15983854,사회복지연구,Korean Journal of Social Welfare Studies,등재,사회과학 > 사회복지학,1989,연4회,"한국어,영어",한국사회복지연구회,Korean Association For Social Welfare Studies,,학회
,17381592,한국도서연구,the Journal of Korean Island,등재,사회과학 > 지역학,1989,연4회,한국어,한국도서(섬)학회,,,학회
,12264067,인지과학,Korean Journal of Cognitive Science,등재,복합학 > 인지과학,1989,연4회,"한국어,영어",한국인지과학회,The Korean Society for Cognitive Science,,학회
22342842,12295515,콘크리트학회 논문집,Journal of the Korea Concrete Institute,등재,공학 > 토목공학 > 콘크리트공학 > 재료학,1989,연6회,"한국어,한국어",한국콘크리트학회,,,학회
24659738,15982718,국제경영연구,International Business Journal,등재,사회과학 > 경영학,1989,연4회,"한국어,영어",한국국제경영학회,Korean Academy of International Business,,학회
22873279,22873260,Hip and Pelvis,Hip and Pelvis,등재,의약학 > 정형외과학 > 고관절,1989,연4회,"영어,영어",대한고관절학회,The Korean Hip Society,,학회
26716402,15982335,경쟁법연구,Journal of Korean Competition Law,등재,사회과학 > 법학 > 기타법학,1989,연2회,"한국어,영어",한국경쟁법학회,Korean Competition Law Association,,학회
,12259055,한국지역개발학회지,Journal of The Korean Regional Development Association,등재,사회과학 > 국제/지역개발,1989,연5회,"한국어,영어",한국지역개발학회,The Korean Regional Development Association,,학회
20524374,12253618,Annals of Occupational and Environmental Medicine,Annals of Occupational and Environmental Medicine,등재,의약학 > 예방의학,1989,연4회,"영어,영어",대한직업환경의학회,The Korean Society of Occupational and Environmental Medicine,,학회
22341315,19760485,International Journal of Concrete Structures and Materials,International Journal of Concrete Structures and Materials,등재,공학 > 토목공학 > 콘크리트공학 > 재료학,1989,연6회,"영어,영어",한국콘크리트학회,,,학회
,1226458X,경영연구,Journal of Business Research,등재,사회과학 > 경영학,1989,연4회,"한국어,영어",한국산업경영학회,Korean Association Of Industrial Business Administrarion ,,학회
22337946,15982939,IJASS(International Journal of Applied Sports Sciences),,등재,예술체육학 > 기타예술체육,1989,연2회,영어,국민체육진흥공단 한국스포츠정책과학원,Korea Institute of Sport Science,,학회
,15988988,항공우주정책 ·법학회지,The Korean Journal of Air & Space Law and Policy,등재,사회과학 > 법학 > 기타법학,1989,연2회,"한국어,영어",한국항공우주정책법학회,Korea Society of Air & Space Law and Policy,,학회
20053894,10139087,Annals of Dermatology,,등재,의약학 > 피부과학,1989,연6회,영어,대한피부과학회,Korean Dermalogical Association,,학회
,12294756,한국행정논집,Korean Public Administration Quarterly,등재,사회과학 > 행정학,1989,연4회,한국어,한국정부학회,,,학회
,12256919,역사와 현실,YKSA WA HYNSIL,등재,인문학 > 역사학,1989,연4회,한국어,한국역사연구회,The Organization Of Korean Historians,,학회
,12292095,서양미술사학회 논문집,Journal of the Association of Western Art History,등재,예술체육학 > 미술 > 미술일반 > 미술사,1989,연2회,한국어,서양미술사학회,Association Of Western Art History,,학회
22882227,19768192,한국해안·해양공학회논문집,Journal of Korean Society of Coastal and Ocean Engineers,등재,공학 > 토목공학,1989,연6회,"한국어,영어","한국해안,해양공학회",,,학회
,12266612,민주법학,Democratic Legal Studies,등재,사회과학 > 법학,1989,연3회,"한국어,영어",민주주의법학연구회,Democratic Legal Studies Association(Delsa),,학회
26715872,20926553,한국교수불자연합학회지,Journal of Buddhist Professors in Korea,등재,인문학 > 불교학 > 응용불교학,1989,연3회,"한국어,영어",사단법인한국교수불자연합회,kbpa,,일반기관
22342451,12251623,Knee Surgery and Related Research,Knee Surgery and Related Research,등재,의약학 > 정형외과학 > 슬관절,1989,연4회,영어,대한슬관절학회,Korean Knee Society,,학회
,17389003,소비자문제연구,journal of consumer policy studies,등재,사회과학 > 사회과학일반,1989,연3회,한국어,한국소비자원,Korea Consumer Agency,,일반기관
27140520,12252379,산업과 경영,Review of Industry and Management,등재후보,사회과학 > 경영학,1989,연2회,"한국어,영어",산업경영연구소,Research Institute for Industry and Management Chungbuk National University,충북대학교,대학부설연구소
,12259969,법학논총,KOOKMIN LAW REVIEW,등재,사회과학 > 법학 > 기타법학,1989,연3회,한국어,법학연구소,Legal Research Institute Kookmin University,국민대학교,대학부설연구소
2734035X,1225469X,한국학연구,,등재,인문학 > 기타인문학,1989,연4회,"한국어,영어",한국학연구소,Center for Korean Studies,인하대학교,대학부설연구소
,15986659,음악이론포럼,Music Theory Forum,등재,예술체육학 > 음악학 > 서양음악이론/분석,1989,연2회,"한국어,영어",음악연구소,Yonsei University Institute of Music Research,연세대학교,대학부설연구소
25860283,25860283,Health & Nursing,Health & Nursing,등재후보,의약학 > 간호학 > 기타간호학,1989,연2회,"한국어,영어",이화간호과학연구소,"Ewha Research Institute of Nursing Science, Ewha Womans University",이화여자대학교,대학부설연구소
27137511,20056222,인문논총 ,,등재,인문학 > 기타인문학,1989,연3회,"한국어,영어",인문과학연구소,"Institute for Human studies, Kyungnam University",경남대학교,대학부설연구소
,12254096,사회과학연구,,등재,사회과학 > 기타사회과학,1989,연4회,한국어,사회과학연구소,The Social Science Research Institute,경성대학교,대학부설연구소
27137538,1598950X,여성학연구,PNU Journals of Women's Studies,등재,복합학 > 여성학 > 여성학이론,1989,연2회,"한국어,영어",여성연구소,"Women's  Studies Center, Pusan National University",부산대학교,대학부설연구소
2671745X,12268054,관광연구논총,Journal of Tourism Studies,등재,사회과학 > 관광학 > 기타관광학,1989,연4회,"한국어,영어",관광연구소,Tourism Research Institute Hanyang University,한양대학교,대학부설연구소
26715988,12252832,법학연구,,등재,사회과학 > 법학,1989,연2회,"한국어,영어",법학연구소,"Law Research Institute, Chungbuk National University",충북대학교,대학부설연구소
27133516,17391830,방송문화연구,,등재,사회과학 > 신문방송학,1989,연2회,"한국어,한국어",한국방송공사,,,학회
,12263230,인도철학,Korean Journal of Indian Philosophy,등재,인문학 > 철학,1989,연3회,"한국어,영어",인도철학회,Korea Society for Indian Philosophy,,학회
,12258652,한국사회와 행정연구,Korean Society and Public Administration,등재,사회과학 > 행정학,1990,연4회,"한국어,영어",서울행정학회,Seoul Association For Public Administration,,학회
,12250554,광고학연구,The Korean Journal of Advertising,등재,사회과학 > 신문방송학,1990,연8회,"한국어,영어",한국광고학회,Korea Advertising Society,,학회
27136302,1229389X,현대사회와 행정,Modern Society and Public Administration,등재,사회과학 > 사회과학일반,1990,연4회,"한국어,한국어",한국국정관리학회,The Korea Association Of Governance Studies,,학회
,17383005,관광연구저널,International Journal of Tourism and Hospitality Research,등재,사회과학 > 관광학,1990,연12회,"한국어,영어",한국관광연구학회,,,학회
,12251259,환경교육,Korean Journal of Environmental Education,등재,사회과학 > 교육학,1990,연4회,"한국어,영어",한국환경교육학회,The Korean Society for Environmental Education,,학회
,1226282X,소비자학연구,Journal of Consumer Studies,등재,사회과학 > 경제학,1990,연6회,"한국어,한국어",한국소비자학회,Korean Society Of Consumer Studies,,학회
,19762755,地域政策硏究(충북연),Regional Policy Review,등재,사회과학 > 사회과학일반,1990,연2회,"한국어,영어",충북연구원,Chungbuk Research Institute,,학회
27339262,12251399,세무학연구,korean journal of taxation research,등재,사회과학 > 회계학,1990,연4회,"한국어,한국어",한국세무학회,,,학회
,12272809,시대와 철학,EPOCH AND PHILOSOPHY -A Journal of Philosophical Thought in Korea-,등재,인문학 > 철학,1990,연4회,"한국어,한국어",한국철학사상연구회,HANPHIL,,학회
,17382556,중세근세영문학,Journal of Medieval and Early Modern English Studies,등재,인문학 > 영어와문학,1990,연3회,"한국어,영어",한국중세근세영문학회,Korean Association of Medieval and Early Modern English Studies,,학회
22875190,12298565,한국지역사회생활과학회지,The Korean Society of Community Living Science,등재,자연과학 > 생활과학,1990,연4회,"한국어,한국어",한국지역사회생활과학회,The Korean Society Of Community Living Science,,학회
22884505,12250112,공업화학,Applied Chemistry for Engineering,등재,공학 > 화학공학,1990,연6회,"한국어,영어",한국공업화학회,The Korean Society Of Industrial And Engineering Chemistry,,학회
22885641,12291218,대한한의학 방제학회지,The Journal of Herbal Formula Science,등재,의약학 > 한의학 > 기초한의학 > 방제학,1990,연4회,"한국어,영어",대한한의학방제학회,The Korean Medicine Society for the Herbal Formula Study,,학회
,12268867,연세법학,YONSEI LAW JOURNAL ,등재후보,사회과학 > 법학,1990,연2회,한국어,연세법학회,Yonsei Law Association ,,학회
25084453,25084445,의학물리,PROGRESS in MEDICAL PHYSICS,등재후보,의약학 > 방사선과학,1990,연4회,"영어,영어",한국의학물리학회,Korean Society Of Medical Physics,,학회
,1229103X,리스크관리연구,The Journal of Risk Management,등재,사회과학 > 경영학,1990,연4회,"한국어,영어",한국리스크관리학회,Korea Risk Management Society,,학회
,15988708,도덕윤리과교육,Journal of Moral & Ethics Education,등재,사회과학 > 교육학,1990,연4회,"한국어,한국어",한국도덕윤리과교육학회,The Korean Society for Moral & Ethics Education,,학회
22339183,1225729X,소아 청소년 정신의학,Korean Journal of Child & Adolescent Psychiatry,등재,의약학 > 정신과학 > 정신행동과학 > 소아/청소년정신의학,1990,연4회,영어,대한소아청소년 정신의학회,Korean Academy of Child and Adolescent Psychiatry,,학회
,12257559,형사정책연구,Korean Criminological Review,등재,사회과학 > 법학,1990,연4회,"한국어,한국어",한국형사정책연구원,Korean Institute of Criminology,,일반기관
,12266396,동의신경정신과학회지,The Korean Society of Oriental Neuropsychiatry,등재,의약학 > 한의학,1990,연4회,"한국어,영어",대한한방신경정신과학회,The Korean Society Of Oriental Neuropsychiatry,,학회
22342257,22343571,한국주거학회논문집,JOURNAL OF THE KOREAN HOUSING ASSOCIATION,등재,자연과학 > 생활과학,1990,연6회,"한국어,영어",한국주거학회,The Korean Housing Association,,학회
22879935,12266663,수학교육 논문집,Communications of Mathematical Education,등재,사회과학 > 교육학 > 교과교육학 > 수학교육학,1990,연4회,"한국어,한국어",한국수학교육학회,,,학회
,1229344X,교육사회학연구,Korean journal of sociology of education,등재,사회과학 > 교육학,1990,연4회,"한국어,영어",한국교육사회학회,The Korean Society for Sociology of Education,,학회
2191032,10168478,Molecules and Cells,Molecules and Cells,등재,자연과학 > 생물학,1990,연12회,"영어,영어",한국분자세포생물학회,The Korean Society For Molecular And Cellular Biology ,,학회
,12254746,미국헌법연구,Study on The American Constitution,등재,사회과학 > 법학 > 공법 > 헌법,1990,연3회,"한국어,영어",미국헌법학회,,,학회
,15984494,커뮤니케이션학 연구,Korean Journal of Communication Studies,등재,복합학 > 학제간연구,1990,연4회,"한국어,영어",한국커뮤니케이션학회,,,학회
25084895,25084887,Perinatology,Perinatology,등재,의약학 > 의학일반 > 기타의학일반,1990,연4회,"한국어,영어",대한주산의학회,,,학회
,12290254,한국방송학보,Korean Journal of Broadcasting and Telecommunication Studies,우수등재,사회과학 > 신문방송학,1990,연6회,"한국어,한국어",한국방송학회,Korean Association for Broadcasting & Telecommunication Studies,,학회
,12251402,회계정보연구,,등재,사회과학 > 회계학,1990,연4회,"한국어,한국어",한국회계정보학회,Korea Accounting Information Association,,학회
,12263494,재외한인연구,Studies of Koreans Abroad,등재후보,인문학 > 기타인문학,1990,연3회,"한국어,영어",재외한인학회,Association For The Studies Of Koreans Abroad(Ask),,학회
27338592,1226685X,한국스포츠심리학회지,Korean  Society of Sport Psychology,등재,예술체육학 > 체육,1990,연4회,"한국어,영어",한국스포츠심리학회,Korean Society Of Sport Psychology,,학회
,12264334,대한응급의학회지,Journal of The Korean Society of Emergency Medicine,등재,의약학 > 응급의학,1990,연6회,한국어,대한응급의학회,The Korean Society of Emergency Medicine,,학회
22337938,15982920,체육과학연구,Korean Journal of Sport Science,등재,예술체육학 > 체육,1990,연4회,"한국어,한국어",국민체육진흥공단 한국스포츠정책과학원,Korea Institute of Sport Science,,학회
,12268062,한양법학,HAN YANG LAW REVIEW,등재,사회과학 > 법학 > 법학일반 > 법해석학,1990,연4회,"한국어,한국어",한양법학회,Han Yang Law Association,,학회
,12256366,한국청소년연구,Studies on Korean Youth,등재,사회과학 > 기타사회과학,1990,연4회,"한국어,한국어",한국청소년정책연구원,National Youth Policy Institute,,일반기관
,23843209,보험금융연구,Journal of Insurance and Finance,등재,사회과학 > 경영학,1990,연4회,"한국어,영어",보험연구원,Korea Insurance Research Institute,,학회
,19761023,역사와 실학,THE YEOKSA AND SILHAK,등재,인문학 > 역사학 > 역사일반 > 기타역사일반,1990,연3회,"한국어,영어",역사실학회,Yeoksa Silhakhoe: The Historical Society of Yeoksa Silhak,,학회
,15989402,한국데이터정보과학회지,Journal of the Korean Data And Information Science Sociaty,우수등재,자연과학 > 통계학,1990,연6회,"한국어,영어",한국데이터정보과학회,,,학회
,12292036,무역상무연구,THE INTERNATIONAL COMMERCE & LAW REVIEW,등재,사회과학 > 무역학,1990,연4회,"한국어,영어",한국무역상무학회,The Korean Reserch Institute Of International Commerce & Law,,학회
22873317,12252964,동물자원연구,ANNALS OF ANIMAL RESOURCE SCIENCES,등재,농수해양학 > 축산학,1990,연4회,"한국어,영어",동물자원공동연구소,Institute of Animal Resource Research,강원대학교,대학부설연구소
2287321X,12256285,한국광학회지,Korean Journal of Optics and Photonics,등재,자연과학 > 물리학,1990,연6회,"한국어,영어",한국광학회,,,학회
27339688,1229831X,한국생산관리학회지,Journal of the Korean Production and Operations Management Society,등재,사회과학 > 경영학,1990,연4회,"한국어,영어",한국생산관리학회,The Korean Production And Operations Management Society,,학회
27135454,12256048,생성문법연구,Studies in Generative Grammar,등재,인문학 > 언어학,1990,연4회,"한국어,영어",한국생성문법학회,,,학회
20050399,20050380,Journal of Gynecologic Oncology,Journal of Gynecologic Oncology,등재,의약학 > 산부인과학 > 부인종양학/부인암,1990,연6회,"영어,영어",대한부인종양학회,Korean Society of Gynecologic Oncology,,학회
,12292893,계량경제학보,Journal of Economic Theory and Econometrics,등재,사회과학 > 경제학,1990,연4회,"영어,한국어",한국계량경제학회,,,학회
,20057164,시민인문학,Citizen and Humanities,등재후보,인문학 > 기타인문학,1990,연2회,한국어,인문학연구소  ,The Kyonggi University Center for Humanities ,경기대학교,대학부설연구소
2713833X,12250244,임상이비인후과,Journal of Clinical Otolaryngology,등재,의약학 > 이비인후과학,1990,연2회,"한국어,영어","대한이비인후과학회 부산,울산,경남 지부회","The Busan, Ulsan, Gyeoungnam Branch of The Korean Society of Otolaryngology",,학회
22877169,12265268,지질공학,The journal of Engineering Geology,등재,공학 > 자원공학,1990,연4회,한국어,대한지질공학회,The Korean Society of Engineering Geology,,학회
27139603,20925638,교육혁신연구,Journal of Educational Innovation Research,등재,사회과학 > 교육학 > 교육학일반,1990,연4회,"한국어,영어",교육발전연구소,Pusan National University Educational Development Institute,부산대학교,대학부설연구소
,12260258,한국체육과학회지,The Korean Society of Sports Science,등재,예술체육학 > 체육,1990,연6회,"한국어,영어",한국체육과학회,The Korean Society Of Sports Science,,학회
,2005002X,한국아동문학연구,KOREA CHILDREN'S LITERATURE ,등재후보,인문학 > 문학 > 아동문학,1990,연2회,"한국어,한국어",한국아동문학학회,KOREA CHILDREN'S LITERATURE SOCIETY,,학회
23837624,12267503,정신분석,Psychoanalysis,등재,의약학 > 정신과학 > 정신행동과학 > 사회/문화정신의학,1990,연4회,한국어,한국정신분석학회,Korean Psychoanalytic Society Guest Study Group Of The Ipa,,학회
,15986780,동양철학,THE JOURNAL OF ASIAN PHILOSOPHY IN KOREA,등재,인문학 > 철학,1990,연2회,"한국어,한국어",한국동양철학회,The Society for Asian Philosphy in Korea : SAPK,,학회
23836881,12269336,대한수혈학회지,The Korean Journal of Blood Transfusion,등재,의약학 > 임상병리학 > 수혈의학 > 수혈혈액학,1990,연3회,"한국어,영어",대한수혈학회,The Korean Society Of Blood Transfusion,,학회
27140555,12260568,비교문화연구,Cross-Cultural Studies,등재,사회과학 > 인류학,1990,연2회,"한국어,영어",비교문화연구소,Institute of Cross-Cultural Studies ,서울대학교,대학부설연구소
27139891,19762984,사회과학연구,,등재,사회과학 > 사회과학일반,1990,연4회,한국어,사회과학연구소,Institute of Social Sciences Chungnam National University,충남대학교,대학부설연구소
26718553,12292699,법학연구,Journal of Law,등재,사회과학 > 법학,1990,연4회,한국어,법학연구소,Chungnam National University Law Resarch Institute,충남대학교,대학부설연구소
27337634,15987779,이베로아메리카 연구,Revista Asiatica de Estudios Iberoamericanos,등재,인문학 > 스페인어와문학,1990,연3회,"한국어,스페인어",라틴아메리카연구소,Institute of Latin American Studies,서울대학교,대학부설연구소
,1226587X,언어치료연구,Journal of speech-language & hearing disorders,등재,사회과학 > 교육학,1991,연4회,"한국어,영어",한국언어치료학회,Korean Speech- Language & Hearing Association(KSHA),,학회
,1229537X,한독사회과학논총,Zeitschrift der Koreanisch-Deutschen Gesellschaft fuer Sozialwissenschaften,등재,사회과학 > 지역학,1991,연4회,"한국어,독일어",한독사회과학회,Koreanisch-Deutsche Gesellschaft Fuer Sozialwissenschaften(K-G Association For Social Sciences),,학회
22886818,22885404,Asia Pacific Journal of Information Systems,Asia Pacific Journal of Information Systems,등재,사회과학 > 경영학,1991,연4회,"영어,영어",한국경영정보학회,Korea Society Of Management Information Systems ,,학회
22885412,12264946,한국 예이츠 저널,,등재,인문학 > 영어와문학,1991,연3회,"영어,한국어",한국예이츠학회,The Yeats Society Of Korea,,학회
,12291854,한방재활의학과학회지,Journal of Korean Medicine Rehabilitation,등재,의약학 > 한의학,1991,연4회,"한국어,영어",한방재활의학과학회,The Korean Academy Of Oriental Rehabilitation Medicine,,학회
,10177825,Journal of Microbiology and Biotechnology,Journal of Microbiology and Biotechnology,등재,자연과학 > 생물학,1991,연12회,"영어,영어",한국미생물·생명공학회,The Korean Society For Microbiology And Biotechnology,,학회
,12257729,한국극예술연구,The Journal of Korean drama and theatre,등재,예술체육학 > 기타예술체육,1991,연4회,"한국어,한국어",한국극예술학회,The Learned Society Of Korean Drama And Theatre,,학회
,12266841,정책분석평가학회보,Korean Journal of Policy Analysis and Evaluation,등재,사회과학 > 정책학,1991,연4회,한국어,한국정책분석평가학회,The Korean Association For  Policy Analysis And Evaluation,,학회
22336648,15985385,한국자기학회지,Journal of the Korean Magneitcs Society,등재,자연과학 > 물리학,1991,연6회,"한국어,영어",한국자기학회,The Korean Magnetics Society,,학회
,19764871,장애와 고용,Disability & Employment,등재,사회과학 > 사회복지학 > 장애인복지,1991,연4회,"한국어,영어",한국장애인고용공단 고용개발원,Korea Employment Agency for the Disabled / Employment Development Institute,,학회
27139670,12264318,D.H. 로렌스 연구,D.H.Lawrence Studies,등재,인문학 > 영어와문학,1991,연2회,"한국어,영어",한국로렌스학회,The D.H. Lawrence Society Of  Korea,,학회
,12266051,한국임상약학회지,Korean Journal of Clinical Pharmacy,등재,의약학 > 약학,1991,연4회,"한국어,영어",한국임상약학회,Korean College Of Clinical Pharmacy,,학회
24661856,22872531,한국직업건강간호학회지,Korean Journal of Occupational Health Nursing,등재,의약학 > 간호학 > 지역사회간호 > 산업간호,1991,연4회,"한국어,영어",한국직업건강간호학회,Korean Academic Society Of Occupational Health Nursing,,학회
26718081,15983218,古文書硏究,,등재,인문학 > 역사학,1991,연2회,"한국어,한국어",한국고문서학회,The Society Of Korean Historical Manuscripts,,학회
27334295,12256706,공간과 사회,Space and Environment,등재,사회과학 > 지리학,1991,연4회,"한국어,영어",한국공간환경학회,The Korean Association Of Space And Environment Research,,학회
,12290661,한국심리학회지: 문화 및 사회문제,Korean Psychological Journal of Culture and Social Issues,등재,사회과학 > 심리과학,1991,연4회,"한국어,한국어",한국문화및사회문제심리학회,Korean Psychological Association of Culture and Social Issues,,학회
,12299952,한국공안행정학회보,korean Journal of Public Safety and Criminal Justice,등재,사회과학 > 행정학,1991,연4회,"한국어,한국어",한국공안행정학회,Korean Association Of Public Safety And Criminal Justice,,학회
27335461,12293547,한국무용교육학회지,Resach of Dance Education,등재,예술체육학 > 무용,1991,연4회,"한국어,영어",한국무용교육학회,,,학회
22882324,19769172,한국지능시스템학회 논문지,Journal of Korean Institute of Intelligent Systems,등재,공학 > 전기공학,1991,연6회,"한국어,한국어",한국지능시스템학회,Korean Institute of Intelligent Systems,,학회
22888357,22887733,수학교육학연구,The Journal of Educational Research in Mathematics,등재,사회과학 > 교육학 > 교과교육학 > 수학교육학,1991,연4회,"한국어,영어",대한수학교육학회,The Korea Society Of Educational Studies In Mathematics,,학회
27334597,1229554X,중국언어연구,Korea Journal of Chinese Linguistics,등재,인문학 > 중국어와문학,1991,연6회,"한국어,중국어",한국중국언어학회,Korea Association of Chinese Linguistics,,학회
,17381274,한국거버넌스학회보,The Korean Governance Review,등재,사회과학 > 행정학,1991,연3회,"한국어,영어",한국거버넌스학회,The Korean Association for Governance,,학회
26354624,12293180,마케팅논집(Journal of Marketing Studies),Journal of Marketing Studies,등재,사회과학 > 경영학 > 판매관리/마케팅 > 국내마케팅,1991,연4회,"한국어,영어",한국전략마케팅학회,Korean Strategic Marketing Association,,학회
,12262501,관광연구,International Journal of Tourism Management and Sciences,등재,사회과학 > 관광학 > 관광학일반,1991,연8회,"한국어,영어",대한관광경영학회,Korea Academic Society Of Tourism Management,,학회
22883266,15983560,대기,Atmosphere,등재,자연과학 > 대기과학,1991,연4회,"한국어,영어",한국기상학회,Korean Meteorological Society,,학회
22880410,22880402,Allergy Asthma & Respiratory Diseases,알레르기 천식 호흡기질환,등재,의약학 > 소아과학,1991,연4회,"한국어,영어",대한 소아알레르기 호흡기학회,The Korean Academy Of Pediatric Allergy And Respiratory Disease,,학회
,12262722,아동교육,The Korean Journal Child Education,등재후보,사회과학 > 교육학 > 분야교육 > 유아교육,1991,연4회,"한국어,영어",한국아동교육학회,The Korean Journal Of Child Education,,학회
,15980111,물류학회지,Korea Logistics Review,등재,사회과학 > 경영학,1991,연6회,"한국어,영어",한국물류학회,,,학회
,12282499,노동법연구,Labor Law Review,등재,사회과학 > 법학,1991,연2회,"한국어,한국어",서울대학교노동법연구회,,,학회
,12290432,선사와 고대,Prehistory and Ancient History,등재,인문학 > 역사학,1991,연3회,"한국어,한국어",한국고대학회,Korean Association For Ancient Studies,,학회
26719843,12263400,프랑스어문교육,Societe Coreenne d＇Enseignement de Langue et Litterature Francaises,등재,인문학 > 프랑스어와문학,1991,연4회,"한국어,프랑스어",한국프랑스어문교육학회,,,학회
22873406,12259918,생명과학회지,Journal of Life Science,등재,자연과학 > 기타자연과학,1991,연12회,"한국어,영어",한국생명과학회,Korean Society Of Life Science,,학회
,19754728,남도민속연구,,등재,인문학 > 역사학 > 인류학 > 민속학(인류학),1991,연2회,"한국어,한국어",남도민속학회,,,학회
22875476,15982785,한국소음진동공학회논문집,Transactions of the Korean Society for Noise and Vibration Engineering,등재,공학 > 기계공학,1991,연6회,"한국어,영어",한국소음진동공학회,Korean Society for Noise and Vibration Engineering(KSNVE),,학회
22890149,12254266,보건행정학회지,Health Policy and Mangemnet,등재,의약학 > 예방의학,1991,연4회,"한국어,한국어",한국보건행정학회,Korean Academy of Health Policy and Management,,학회
27339386,15989615,한국민요학,,등재,복합학 > 학제간연구,1991,연3회,"한국어,한국어",한국민요학회,The Society Of Korean Folk Song,,학회
,12267139,우리말연구,Urimal,등재,인문학 > 한국어와문학,1991,연4회,"한국어,한국어",우리말학회,,,학회
,12263699,중재연구,JOURNAL OF ARBITRATION STUDIES,등재,사회과학 > 무역학,1991,연4회,"한국어,영어",한국중재학회,Korean Association Of Arbitration Studies(Kaas),,학회
,12290246,미학예술학연구,The Journal of Aesthetics and Science of Art,등재,예술체육학 > 기타예술체육,1991,연3회,"한국어,영어",한국미학예술학회,,,학회
22890564,2384132x,한국산업보건학회지,Journal of Korean Society of Occupational and Environmental Hygiene,등재,의약학 > 예방의학 > 환경/직업의학,1991,연4회,"한국어,영어",한국산업보건학회,Korean Industrial Hygiene Association,,학회
26715236,12262498,직업재활연구,Journal of Vocational Rehabilitation,등재,사회과학 > 사회과학일반,1991,연3회,"한국어,영어",한국직업재활학회,Korean Society Of Vocational Rehabilitation,,학회
27339793,15987728,현대미술사연구,Journal of History of Modern Art,등재,예술체육학 > 미술 > 미술일반 > 미술사,1991,연2회,한국어,현대미술사학회,,,학회
22876359,1225696X,소성가공,Transactions of Materials Processing,등재,공학 > 재료공학,1991,연6회,"한국어,한국어",한국소성가공학회,The Korean Society For Technology Of Plasticity,,학회
,12264660,일어일문학,The Japanese Language and Literature Association of Daehan,등재,인문학 > 일본어와문학,1991,연4회,"한국어,일본어",대한일어일문학회,The Japanese Language And Literature Society Of Korea,,학회
,12270962,민족문학사연구,Journal of Korean Literary History,등재,인문학 > 한국어와문학,1991,연3회,"한국어,한국어",민족문학사연구소,Institute of Korean Literary History,,일반기관
27338339,20925395,부동산연구,Korea Real Estate Review,등재,사회과학 > 법학 > 분야별법 > 토지/부동산/주택/농지법,1991,연4회,한국어,한국부동산연구원,korea real estate research institute,,학회
25867261,22337202,대한자기공명기술학회지,Journal of the Korean Society of MR Technology,등재후보,공학 > 의공학 > 의공학기술,1991,연2회,"한국어,영어",대한자기공명기술학회,The Korean Society of MR Technology,,학회
,12292052,한국현대문학연구,The Journal of Modern Korean Literature,등재,인문학 > 한국어와문학,1991,연3회,한국어,한국현대문학회,The Learned Society Of Korean Modern Literature,,학회
,17383846,지역발전연구,Journal of Regional Studies and Development,등재,사회과학 > 지역학 > 지역학일반 > 지역비교/통계,1991,연3회,"한국어,영어",빈곤문제국제개발연구원,Institute for Poverty Alleviation and International Development: IPAID,연세대학교(미래캠퍼스),대학부설연구소
,12257834,음악과 민족,MUSIC AND KOREA,등재,예술체육학 > 음악학,1991,연2회,"한국어,한국어",민족음악학회,The Society For Korean Music,,학회
27139433,12260541,농촌사회,The Journal of Rural Society,등재,사회과학 > 사회학 > 인구/노인/지역사회학,1991,연2회,한국어,한국농촌사회학회,The Korea Rural Sociological Society,,학회
22345078,12251429,한국결정성장학회지,Journal of the Korean Crystal Growth and Crystal Technology,등재,공학 > 재료공학,1991,연6회,"한국어,영어",한국결정성장학회,"The Korea Association Of Crystal Growth, Inc.",,학회
,12298921,역사민속학,The Journal of Korean Historical-folklife,등재,인문학 > 역사학,1991,연2회,"한국어,영어",한국역사민속학회,The Society For Korean Historical-Folklife Studies,,학회
22877258,12250562,한국재료학회지,Korean Journal of Materials Research ,등재,공학 > 재료공학,1991,연12회,"한국어,영어",한국재료학회,Materials Research Society Of Korea,,학회
24660698,12266809,교정연구,Corrections Review,등재,사회과학 > 법학,1991,연4회,"한국어,영어",한국교정학회,Korean Society for Corrections Service,,학회
,12264059,산업관계연구,Korean Journal of Industrial Relations,등재,사회과학 > 경영학,1991,연4회,"한국어,영어",한국고용노사관계학회,Korea Industrial Relations Association(Kira),,학회
2713699X,12258571,국어교육학연구,korean language education research,등재,인문학 > 한국어와문학,1991,연5회,"한국어,영어",국어교육학회,Association Of Korean Language Education Research,,학회
22871748,12251275,터널과 지하공간,TUNNEL AND UNDERGROUND SPACE,등재,공학 > 자원공학,1991,연6회,"한국어,영어",한국암반공학회,Korean Society for Rock Mechanics and Rock Engineering,,학회
22888802,12256781,동아시아식생활학회지,The East Asian Society of Dietary Life,등재,자연과학 > 생활과학,1991,연6회,"한국어,한국어",동아시아식생활학회,The East Asian Society Of Dietary Life,,학회
,15985024,한국철학논집,THE JOURNAL OF KOREAN PHILOSOPHICAL HISTORY,등재,인문학 > 철학 > 한국철학 > 한국철학일반,1991,연4회,"한국어,영어",한국철학사연구회,The Society For Korean Philosophical History,,학회
27138755,12267007,철학사상,CHUL HAK SA SANG - Journal of Philosophical Ideas,등재,인문학 > 철학,1991,연4회,"한국어,영어",철학사상연구소,"Institute of Philosophy, Seoul National University",서울대학교,대학부설연구소
,12269131,동남어문논집,Dongnam Journal of Korean Language ＆ Literature,등재,인문학 > 한국어와문학 > 국어학 > 기타국어학,1991,연2회,"한국어,한국어",동남어문학회,Dongnam Journal of Korean Language ＆ Literature,,학회
27334724,12263664,법제연구,JOURNAL OF LEGISLATION RESEARCH,등재,사회과학 > 법학,1991,연2회,"한국어,한국어",한국법제연구원,Korea Legislation Research Institute,,일반기관
,12255335,The SNU Journal of Education Research,,등재,사회과학 > 교육학,1991,연4회,"영어,한국어",교육종합연구원,Center for Educational Research,서울대학교,대학부설연구소
27136337,12254738,동남아연구,,등재,복합학 > 학제간연구,1991,연3회,"한국어,다수언어",동남아연구소,Center for Southeast Asian Studies,한국외국어대학교,대학부설연구소
22882715,15983986,정보보호학회논문지,Journal of The Korea Institute of Information Security and Cryptology,등재,공학 > 컴퓨터학,1991,연6회,"한국어,영어",한국정보보호학회,Korea Institute Of Information Security And Cryptology,,학회
,17386233,법학논총,,등재,사회과학 > 법학,1991,연4회,한국어,법학연구소,Legal Research Institute of Chonnam National University,전남대학교,대학부설연구소
,12294543,평화연구,Peace Studies,등재,사회과학 > 정치외교학,1991,연2회,"한국어,영어",평화와 민주주의연구소,Peace & Democracy Institute,고려대학교,대학부설연구소
22887253,12260088,멤브레인,Membrane Journal,등재,공학 > 화학공학,1991,연6회,"한국어,영어",한국막학회,The Membrane Society Of Korea,,학회
23840544,12261726,운동과학,Exercise Science,등재,예술체육학 > 체육 > 운동생리학/처방,1992,연4회,"한국어,영어",한국운동생리학회,,,학회
22873503,12254517,한국환경과학회지,JOURNAL OF ENVIRONMENTAL SCIENCE INTERNATIONAL,등재,자연과학 > 지구과학,1992,연12회,"한국어,영어",한국환경과학회,,,학회
27137074,15987981,에너지공학,,등재,공학 > 기계공학,1992,연4회,"한국어,영어",한국에너지학회,The Korean Society for Energy (KOSE),,학회
27339734,15982017,명청사연구,Journal of Ming-Qing Historical Studies,등재,인문학 > 역사학,1992,연2회,"한국어,한국어",명청사학회,The Society For Ming-Qing Historical Studies,,학회
,12262641,한국노년학연구,Korean Journal of Research in Gerontology,등재후보,사회과학 > 사회과학일반 > 기타사회과학일반,1992,연2회,"한국어,영어",한국노년학연구회,The Korean Gerontological Research Society,,학회
,12262781,교육재정경제연구,The Journal of Economics and Finance of Education,등재,사회과학 > 교육학,1992,연4회,한국어,한국교육재정경제학회,The Korean Society For The Economics And Finance Of Education,,학회
,15997413,행정판례연구,Studies on Public Administration Cases,등재,사회과학 > 법학 > 공법 > 행정법,1992,연2회,"한국어,한국어",한국행정판례연구회,Korea Public Administration Case Study Association,,학회
22886559,22886559,Applied Science and Convergence Technology,Applied Science and Convergence Technology,우수등재,자연과학 > 물리학,1992,연6회,한국어,한국진공학회,The Korean Vacuum Society,,학회
,17381851,교육사상연구,The Journal of Educational Idea,등재,사회과학 > 교육학,1992,연4회,"한국어,한국어",한국교육사상학회,Korean Educational Idea Association,,학회
,12295167,21세기정치학회보,21st centry Political Science Review,등재,사회과학 > 정치외교학,1992,연4회,"한국어,한국어",21세기정치학회,The 21st Century Political Science Association,,학회
2733824x,12259624,중국소설논총,The journal of the research of chinese novels,등재,인문학 > 중국어와문학,1992,연3회,"한국어,중국어",한국중국소설학회,The Society  For The Research Of Chinese Novels,,학회
20926456,12267708,Food Science and Biotechnology,,등재,농수해양학 > 식품과학,1992,연6회,영어,한국식품과학회,Korean Society of Food Science and Technology,,학회
,17387132,규제연구,Journal of Regulation Studies,등재,사회과학 > 행정학,1992,연2회,"한국어,영어",한국규제학회,,,학회
,12265497,한국정책학회보,The Korea Association for Policy Studies,우수등재,사회과학 > 정책학,1992,연4회,한국어,한국정책학회,The Korean Association For Policy Studies,,학회
,12293539,로지스틱스연구,Korean Journal of Logistics,등재,사회과학 > 경영학,1992,연6회,"한국어,한국어",한국로지스틱스학회,Korea Logistics Academy,,학회
27141268,12262609,한국아동복지학,Journal of the Korean society of child welfare,등재,사회과학 > 사회복지학,1992,연4회,"한국어,한국어",한국아동복지학회,The Korean Society Of Child Welfare,,학회
,12268747,호텔경영학연구,Korean Journal of Hospitality and Tourism(KJHT),등재,사회과학 > 관광학,1992,연8회,"한국어,영어",한국호텔외식관광경영학회,Korean Hospitality and Tourism Academe,,학회
,1598124X,현대문학이론연구,THE JOUNAL OF LITERARY THEORY,등재,인문학 > 문학 > 문학이론,1992,연4회,"한국어,한국어",현대문학이론학회,The Society Of Modern Literary Theory,,학회
,15988260,경제연구,Journal of Economics Studies,등재,사회과학 > 경제학,1992,연4회,"한국어,영어",한국경제통상학회,The Korean Economic and Business Association,,학회
,12295620,문학과 종교,Literature and Religion,등재,인문학 > 기타인문학,1992,연4회,"한국어,영어",한국문학과종교학회,The Korean Society for Literature and Religion,,학회
,15981142,건축역사연구,Journal of Achitectural History,등재,공학 > 건축공학,1992,연6회,"한국어,한국어",한국건축역사학회,,,학회
2288100X,22880992,시설원예식물공장,Protected Horticulture and Plant Factory,등재,농수해양학 > 농학,1992,연4회,"한국어,영어",(사) 한국생물환경조절학회,The Korean Society For Bio-Environment Control,,학회
25087576,25086235,Journal of Obesity & Metabolic Syndrome,Journal of Obesity & Metabolic Syndrome,우수등재,의약학 > 가정의학 > 비만의학,1992,연4회,"영어,영어",대한비만학회,Korean Society for the study of obesity,,학회
27339548,1226797X,한국행정연구,The Korean Journal of Public Administration ,등재,사회과학 > 행정학,1992,연4회,"한국어,한국어",한국행정연구원,The Korea Institute of Public Administration,,학회
2287772X,12255009,화훼연구,Flower Research Journal,등재,농수해양학 > 농학,1992,연4회,"한국어,영어",한국화훼학회,Korean Society for Floricultural Science,,학회
20938144,12262560,Experimental Neurobiology,Experimental Neurobiology,등재,복합학 > 뇌과학 > 뇌신경과학,1992,연6회,"영어,영어",한국뇌신경과학회,The Korean Society For Brain And Neural Science,,학회
,12296112,통일정책연구,Unification Policy Studies,등재,사회과학 > 정치외교학,1992,연2회,"한국어,한국어",통일연구원,Korea Institute for National Unification,,일반기관
26719460,12266566,영어교육연구,English Language Teaching,등재,인문학 > 영어와문학,1992,연4회,"한국어,영어",팬코리아영어교육학회,Pan-Korea English Teachers Association,,학회
,20057261,상허학보,Sanghur Hakbo: The Journal of Korean Modern Literature,등재,인문학 > 한국어와문학,1992,연3회,"한국어,한국어",상허학회,The Learned Society of Sanghur’s Literature,,학회
,12292540,중국학논총,The Journal of Sinology,등재,인문학 > 중국어와문학 > 중문학 > 중국문화학,1992,연4회,"한국어,중국어",한국중국문화학회,The Korean Society Of Chinese Culture,,학회
20937563,12255475,센서학회지,Journal of Sensor Science and Technology,등재,공학 > 공학일반,1992,연6회,"한국어,영어",한국센서학회,,,학회
,15988740,인사조직연구,Korean Journal of Management,등재,사회과학 > 경영학,1992,연4회,"한국어,영어",한국인사조직학회,Korean Academy Of Management,,학회
,12262676,주택연구,Housing Studies,등재,사회과학 > 경제학 > 분야별경제 > 부동산경제,1992,연4회,"한국어,영어",한국주택학회,Korean Association For Housing Policy Studies,,학회
,12263206,현대문법연구,Studies in Modern Grammar,등재,인문학 > 영어와문학,1992,연4회,"한국어,영어",현대문법학회,The Society Of Modern Grammar,,학회
,12299146,자원환경경제연구,Environmental and Resource Economics Review,등재,사회과학 > 경제학,1992,연4회,"한국어,영어",한국환경경제학회,Korea Environmental Economics Association,,학회
20935609,1225505X,의사학,Korean Journal of Medical History,등재,인문학 > 역사학,1992,연3회,"한국어,영어",대한의사학회,The Korean Society For The History Of Medicine,,학회
,12260851,한국생활과학회지,Korean Journal of Human Ecology,등재,자연과학 > 생활과학,1992,연6회,"한국어,영어",한국생활과학회,Korean Association of Human Ecology,,학회
,12297518,한국행정사학지,Journal of Association for Korean Public Administration History ,등재,사회과학 > 행정학 > 행정학일반 > 행정사,1992,연3회,한국어,한국행정사학회,Association For Korean Public Administration History,,학회
,12297992,한국실내디자인학회 논문집,KOREAN INSTITUTE OF INTERIOR DESIGN JOURNAL,등재,예술체육학 > 디자인,1992,연6회,"한국어,한국어",한국실내디자인학회,Korean Institute Of Interior Design,,학회
,12257184,환경영향평가,Journal of Environmental Impact Assessment,등재,공학 > 환경공학,1992,연6회,"한국어,한국어",한국환경영향평가학회,Korean Society Of Environmental Impact Assessment,,학회
,12290440,미술교육논총,Art Education Research Review,등재,예술체육학 > 미술,1992,연4회,"한국어,한국어",한국미술교육학회,,,학회
22874380,12258326,자원리싸이클링,Journal of The Korean Institute of Resources Recycling,등재,공학 > 자원공학,1992,연6회,"한국어,한국어",한국자원리싸이클링학회,,,학회
,12263397,현대영미드라마,Journal of Modern English Drama,등재,인문학 > 영어와문학 > 영문학 > 현대영미희곡,1992,연3회,"한국어,영어",한국현대영미드라마학회,,,학회
22884653,12258482,정신간호학회지,Journal of Korean Academy of Psychiatric and Mental Health Nursing,등재,의약학 > 간호학 > 정신간호,1992,연4회,"한국어,영어",정신간호학회,,,학회
,12255904,한국시뮬레이션학회 논문지,JOURNAL OF THE KOREA SOCIETY FOR SIMULATION,등재,공학 > 기타공학,1992,연4회,"한국어,영어",한국시뮬레이션학회,The Korea Society For Simulation,,학회
,12291714,역사연구,"YEOKSA YEONGU, The Journal of History ",등재,인문학 > 역사학 > 한국사,1992,연2회,"한국어,영어",역사학연구소,The Institute For History Studies,,학회
,15988333,영재교육연구,Journal of Gifted/Talented Education,등재,사회과학 > 교육학,1992,연4회,"한국어,영어",한국영재학회,The Korean Society For The Gifted,,학회
,12290629,비교경제연구,The Comparative Economic Review,등재,사회과학 > 경제학,1992,연2회,"한국어,영어",한국비교경제학회,The Korea Association For Comparative Economics,,학회
27338770,12298476,정보시스템연구,The Journal of Information Systems,등재,사회과학 > 경영학,1992,연4회,"한국어,영어",한국정보시스템학회,The Korea Association Of Information Systems(Kais),,학회
27339328,12262633,산업조직연구,The Korean Journal of Industrial Organization,등재,사회과학 > 경제학,1992,연4회,한국어,한국산업조직학회,,,학회
,12293822,국제거래법연구,Korean Forum on International Trade and Business Law,등재,사회과학 > 법학,1992,연2회,"한국어,영어",국제거래법학회,Korea International Trade Law Association,,학회
22877428,17387248,한국식품저장유통학회지,,등재,농수해양학 > 식품과학,1992,연7회,한국어,한국식품저장유통학회,The Korean Society of Food Preservation,,학회
26716968,15985598,이탈리아어문학,Lettere Italiane,등재후보,복합학 > 인지과학,1992,연3회,"한국어,이태리어",한국이탈리아어문학회,Associazione Coreana Di Letteratura E Linguistica Italiana,,학회
27139778,12297135,독일어문화권연구,Zeitschrift fur deutschsprachige Kultur & Literatur,등재,인문학 > 기타인문학,1992,연1회,"한국어,독일어",독일어문화권연구소,Institut fur deutschsprachige Kultur und Literatur,서울대학교,대학부설연구소
24660264,24660256,동유럽발칸연구,,등재,복합학 > 학제간연구,1992,연4회,"한국어,영어",동유럽발칸연구소,East European and Balkan Institute,한국외국어대학교(글로벌캠퍼스),대학부설연구소
27137767,12268925,南冥學硏究,,등재,인문학 > 철학,1992,연4회,한국어,경남문화연구원,Institute of Gyeongnam Culture,경상대학교,대학부설연구소
27137732,12268178,서강인문논총,,등재,인문학 > 기타인문학,1992,연3회,"한국어,한국어",인문과학연구소,Humanities Research Institute Sogang University,서강대학교,대학부설연구소
26716356,26716755,움직임의 철학 : 한국체육철학회지,"Philosophy of Movement : Journal of the Korean Society for the Philosophy of Sport, Dance & Martial Arts",등재,예술체육학 > 체육,1992,연4회,"한국어,영어",한국체육철학회,"Korean Society for the Philosophy of Sport, Dance & Martial Arts",,학회
,15980596,사회과학연구,,등재,사회과학 > 정치외교학,1992,연2회,"한국어,영어",사회과학연구소,Institute of Social Sciences   SOGANG UNIVERSITY,서강대학교,대학부설연구소
27140261,12291056,러시아연구,,등재,인문학 > 러시아어와문학,1992,연2회,"한국어,영어",러시아연구소,Institute for Russian and East European Studies,서울대학교,대학부설연구소
2714125X,12294241,정부학연구,Journal of Governmental Studies(JGS),등재,사회과학 > 행정학,1992,연3회,"한국어,영어",정부학연구소,Institute of Governmental Studies,고려대학교,대학부설연구소
,12267317,국제.지역연구,,등재,사회과학 > 정치외교학,1992,연4회,"한국어,영어",국제학연구소,Institute of International Affairs,서울대학교,대학부설연구소
27138844,12296899,동남아시아연구,The Southeast Asian Review,등재,사회과학 > 지역학,1992,연4회,"한국어,영어",한국동남아학회,,,학회
2672104X,24661872,특수교육논총,Journal of Special Education,등재,사회과학 > 교육학 > 분야교육 > 특수교육,1992,연3회,한국어,특수교육연구소,Special Education Research Institution,단국대학교,대학부설연구소
,12292923,피해자학연구,Korean Journal of Victimology,등재,사회과학 > 법학 > 공법 > 형사정책,1992,연3회,"한국어,영어",한국피해자학회,Korean Association Of Victimology,,학회
,19753225,음악이론연구,Journal of Music and Theory,등재,예술체육학 > 음악학 > 서양음악이론/분석,1992,연2회,"한국어,영어",서양음악연구소,Western Music Research Institute,서울대학교,대학부설연구소
,12296902,International Journal of Korean Unification Studies,International Journal of Korean Unification Studies,등재후보,사회과학 > 정치외교학 > 국제정치 > 외교/안보/통일,1992,연2회,"영어,영어",통일연구원,Korea Institute for National Unification,,일반기관
22879781,12255459,보존과학회지,Journal of Conservation Science,등재,자연과학 > 자연과학일반,1992,연6회,"한국어,영어",한국문화재보존과학회,The Korean Society Of Conservation Science For Cultural Properties,,학회
2287819X,12293571,한국유기농업학회지,Korea Journal of Organic Agriculture,등재,농수해양학 > 농학 > 기타농학,1992,연4회,"한국어,영어",한국유기농업학회,Korea Association Of Organic Agriculture,,학회
,1228954X,언론과 사회,,등재,사회과학 > 신문방송학,1993,연4회,"한국어,한국어",사단법인 언론과 사회,,,학회
27339114,1229358X,한국사회체육학회지,Journal of Sport and Leisure Studies,등재,예술체육학 > 체육,1993,연4회,"한국어,영어",한국사회체육학회,,,학회
,15980545,한국한시연구,Journal of Cino-Korean Poetry,등재,인문학 > 한국어와문학,1993,연1회,"한국어,영어",한국한시학회,Association Of Cino-Korean Poetry,,학회
,12290238,미국사연구,The Korean Journal of American History,등재,인문학 > 역사학,1993,연2회,"한국어,영어",한국미국사학회,The Korean Society Of American History,,학회
,24661759,한국시가문화연구,The Studies in Korean Poetry and Culture,등재,인문학 > 한국어와문학,1993,연2회,"한국어,한국어",한국시가문화학회,The Society of Korean Poetry and Culture,,학회
,12290203,텍스트언어학,,등재,인문학 > 언어학,1993,연2회,"한국어,한국어",한국텍스트언어학회,The Textlinguistic Society Of Korea,,학회
,12254568,"Structural Engineering and Mechanics, An Int＇l Journal","Structural Engineering and Mechanics, An Int＇l Journal",등재,공학 > 토목공학,1993,연12회이상,영어,국제구조공학회,International Association of Structural Engineering And Mechanics,,학회
26714450,12260134,대한작업치료학회지,Korean Journal of Occupational Therapy,등재,의약학 > 작업치료학,1993,연4회,"한국어,영어",대한작업치료학회,Korean Society Of Occupational Therapy ,,학회
27339289,12296988,청소년학연구,Korean Journal of Youth Studies,등재,사회과학 > 기타사회과학,1993,연12회,한국어,한국청소년학회,Korea Youth Research Association,,학회
,12260525,한국사회정책,Korea Social Policy Review,등재,사회과학 > 사회학 > 의료/복지/사회정책,1993,연4회,"한국어,영어",한국사회정책학회,Korean Association of Social Policy,,학회
,12267910,동양고전연구,,등재,인문학 > 기타인문학,1993,연4회,"한국어,한국어",동양고전학회,The Society Of The Eastern Classic ,,학회
20054483,19769148,Biomolecules & Therapeutics,Biomolecules & Therapeutics,등재,의약학 > 약학,1993,연6회,한국어,한국응용약물학회,The Korean Society Of Applied Pharmacology,,학회
,12264822,사회언어학,The Sociolinguistic Journal of Korea,등재,인문학 > 언어학,1993,연4회,"한국어,영어",한국사회언어학회,The Sociolinguistic Society Of Korea,,학회
26717387,26717379,비서·사무경영연구,Journal of Secretarial Studies,등재,사회과학 > 경영학,1993,연4회,"한국어,한국어",한국비서학회,Korean Association Of Secretarial Studies,,학회
,12290106,독일언어문학,Zeitschrift fr Deutsche Sprache und Literatur,등재,인문학 > 독일어와문학,1993,연4회,"한국어,독일어",한국독일언어문학회,Koreanische Gesellschaft fuer Deutsche Sprache Und Literatur,,학회
27340597,15989291,進路敎育硏究,The Journal of Career Education Research,등재,사회과학 > 교육학 > 분야교육 > 진로교육,1993,연4회,"한국어,한국어",한국진로교육학회,,,학회
,12255912,T. S. 엘리엇연구,Journal of the T. S. Eliot Society of Korea,등재,인문학 > 영어와문학,1993,연3회,"한국어,영어",한국T.S.엘리엇학회,The T. S. Eliot Society Of Korea,,학회
,12291560,독일어문학,Deutsche Sprach- und Literaturwissenschaft,등재,인문학 > 독일어와문학,1993,연4회,"한국어,독일어",한국독일어문학회,,,학회
,12297097,몽골학,Mongolian Studies,등재,인문학 > 기타동양어문학,1993,연4회,"한국어,영어",한국몽골학회,TKAFMS,,학회
,12261432,청소년상담연구,The Korea Journal of Youth Counseling,등재,사회과학 > 심리과학 > 상담심리/심리치료,1993,연2회,"한국어,영어",한국청소년상담복지개발원,Korea Youth Counseling & Welfare Institute,,학회
24661791,12259705,한국항공운항학회지,Journal of the Korean Society for Aeronautical Science and Flight operation,등재,공학 > 항공우주공학 > 항공운항관리,1993,연4회,"한국어,한국어",한국항공운항학회,The Korean Society for Aviation and Aeronautics,,학회
25865641,1226511X,한국지리환경교육학회지,The Journal of The Korean Association of Geographic and Environmental Education,등재,사회과학 > 지리학,1993,연4회,"한국어,영어",한국지리환경교육학회,The Korean Association Of Geographic And Environmental Education,,학회
26716283,26716283,언어학,The Linguistic Association of Korea Journal,등재,인문학 > 언어학,1993,연4회,"한국어,영어",대한언어학회,The Linguistic Association of Korea,,학회
27139271,23841516,가족과 가족치료,Family and Family Therapy,등재,사회과학 > 기타사회과학,1993,연4회,"한국어,영어",한국가족치료학회,,,학회
,12299790,인도연구,Journal of Indian Studies,등재,사회과학 > 지역학 > 서남아시아,1993,연2회,"한국어,영어",한국인도학회,The Korean Society for Indian Studies,,학회
,1226704X,지역사회연구,Journal of Regional Studies,등재,사회과학 > 국제/지역개발,1993,연4회,"한국어,영어",한국지역사회학회,Korean Association Of Regional Studies,,학회
,19766467,한국근현대미술사학(구 한국근대미술사학),Journal of Korean Modern & Contemporary Art History,등재,예술체육학 > 미술,1993,연2회,"한국어,영어",한국근현대미술사학회(구 한국근대미술사학회),Association of Korean Modern & Contemporary Art History,,학회
25083015,12256498,유기물자원화,Jornal of Korea Organic Resource Recycling Association,등재,공학 > 환경공학 > 폐기물공학 > 유기성폐기물처리,1993,연4회,"한국어,영어",유기성자원학회,Korea Organic Resource Recycling Associationl(Korra),,학회
,12293830,현대소설연구,The Journal of Korean Fiction Research,등재,인문학 > 한국어와문학,1993,연4회,"한국어,한국어",한국현대소설학회,The Society Of Korean Fiction,,학회
,1229327X,회계저널,Korean Accounting Journal,등재,사회과학 > 회계학,1993,연6회,"한국어,영어",한국회계학회,Korean Accounting Association,,학회
22341668,1225665X,스트레스 硏究,stress,등재,의약학 > 가정의학 > 스트레스의학 > 스트레스생리학,1993,연4회,"한국어,영어",대한스트레스학회,The Korean Society of Stress Medicine,,학회
,12264008,한국발육발달학회지,The Korean Journal of Growth and Development,등재,예술체육학 > 체육 > 기타체육,1993,연4회,"한국어,영어",한국발육발달학회,Korean Society Of Growth And Development,,학회
,12256471,정신신체의학,,등재,의약학 > 정신과학 > 정신신체의학/자문조정정신의학,1993,연2회,한국어,한국정신신체의학회,,,학회
27140601,1598835X,환경정책,Journal of Environmental Policy and Administration,등재,사회과학 > 정책학,1993,연4회,"한국어,한국어",한국환경정책학회,Korea Environmental Policy And Administration Society,,학회
,12267880,국제법평론,Korea International Law Review,등재,사회과학 > 법학 > 공법 > 국제/해양법,1993,연3회,"한국어,영어",국제법평론회,Korea International Law Review,,학회
23836334,12260401,복식문화연구,The Research Journal of the Costume Culture,등재,자연과학 > 생활과학,1993,연6회,"한국어,영어",복식문화학회,The Costume Culture Association,,학회
,12294837,서양고대사연구,The Journal of Classical Studies,등재,인문학 > 역사학,1993,연3회,"한국어,한국어",한국서양고대역사문화학회,THE KOREAN ASSOCIATION FOR THE WESTERN ANCIENT HISTORY AND CULTURE,,학회
,12256005,형사판례연구,Korean Journal of Criminal Case Studies,등재,사회과학 > 법학 > 공법 > 형사정책,1993,연1회,"한국어,한국어",한국형사판례연구회,Korean Association of Criminal Case Studies,,학회
,12293687,한일관계사연구,The Korea-Japan Historical Review,등재,인문학 > 역사학,1993,연4회,"한국어,영어",한일관계사학회,The Korea-Japan Historical Society,,학회
,12258172,산림경제연구,Korean Jounal of Forest Economics,등재후보,농수해양학 > 임학 > 산림경영/경제 > 산림정책/통계,1993,연2회,"한국어,영어",한국산림경제학회,Korean Forest Economics Society,,학회
22876693,15982955,대한공간정보학회지,journal of  Korean Society for Geospatial Information Science,등재,공학 > 토목공학,1993,연4회,"한국어,영어",대한공간정보학회,Korea Spatial Information Society (KSIS),,학회
,17385563,재활심리연구,The Korean Journal of Rehabilitation Psychology,등재,사회과학 > 심리과학,1993,연4회,"한국어,영어",한국재활심리학회,Korean Association For Rehabilitation Psychology,,학회
,12259306,한국약용작물학회지,KOREAN JOURNAL OF MEDICINAL CROP SCIENCE,우수등재,농수해양학 > 농학 > 기타농학,1993,연6회,"한국어,영어",한국약용작물학회,,,학회
,19768605,한국수학논문집,Korean Journal of Mathematics,등재,자연과학 > 수학,1993,연4회,"영어,한국어",강원경기수학회,The Kangweon-Kyungki Mathematical Society,,학회
27137384,20927428,연민학지,THE YON MIN HAK CHI ,등재후보,인문학 > 기타인문학,1993,연2회,"한국어,영어",연민학회,Yon Min Classical Literature Association,,학회
22890076,12257192,한국수처리학회지,Joural of Korean Society of Water Science and Technology,등재,공학 > 토목공학,1993,연6회,"한국어,영어",한국수처리학회,Korean Society of Water Science and Technology,,학회
,12291994,호남고고학보,,등재,인문학 > 역사학,1993,연3회,"한국어,한국어",호남고고학회,The Honam Archaeological Society,,학회
27138631,12257354,수면정신생리,Sleep Medicine and Psychophysiology,등재,의약학 > 정신과학,1993,연2회,"한국어,영어",대한수면의학회,Korean Academy of Sleep Medicine,,학회
27339831,12265063,한국특수체육학회지,Journal of adapted physical activity and exercise,등재,예술체육학 > 체육 > 특수/장애인체육,1993,연4회,"한국어,영어",한국특수체육학회,Korean Society Of Adapted Physical Activity And Exercise,,학회
26717778,12261920,한국스포츠사회학회지,Korean Society for the Sociology of Sport,등재,예술체육학 > 체육,1993,연4회,"한국어,한국어",한국스포츠사회학회,Korean Society For The Sociology Of Sport,,학회
26354373,17380502,한중언어문화연구,The Journal of Study on Language and Culture of Korea and China,등재,인문학 > 중국어와문학,1993,연4회,"한국어,중국어",한국중국언어문화연구회,Korean Society of Study on Chinese Languge and Culture,,학회
,1976846X,생명연구,Studies on Life and Culture,등재,인문학 > 철학 > 서양철학,1993,연4회,"한국어,영어",생명문화연구소,Research Institute For Life And Culture Sogang University,서강대학교,대학부설연구소
20927673,15985032,Macromolecular Research,Macromolecular Research,등재,공학 > 고분자공학,1993,연12회,영어,한국고분자학회,The Polymer Society Of Korea,,학회
23835427,22890882,Translational and Clinical Pharmacology,Translational and Clinical Pharmacology,등재,의약학 > 약리학,1993,연4회,"한국어,영어",대한임상약리학회,The Korean Society For Clinical Pharmacology And Therapeutics,,학회
,22889795,한국사진지리학회지,Journal of the Association of Korean Photo-Geographers,등재,사회과학 > 지리학 > 기타지리학,1993,연4회,"한국어,한국어",한국사진지리학회,The Association Of Korean Photo-Geographers,,학회
,15981347,기술혁신연구,JOURNAL OF TECHNOLOGY INNOVATION,등재,복합학 > 기술정책,1993,연4회,"한국어,한국어",기술경영경제학회,The Korean Society For Technology Management & Economics,,학회
25867296,25867210,Journal of Cardiovascular Imaging,Journal of Cardiovascular Imaging,등재,의약학 > 내과학,1993,연4회,"한국어,영어",한국심초음파학회,Korean Society Of Echocardiography,,학회
22340149,12256382,한국자동차공학회 논문집,Transactions of KSAE,등재,공학 > 자동차공학,1993,연12회,"한국어,영어",한국자동차공학회,The Korean Society Of Automotive Engineers,,학회
20101333,20101325,International Journal of Air-Conditioning and Refrigeration,International Journal of Air-Conditioning and Refrigeration,등재,공학 > 기계공학 > 기타기계공학,1993,연4회,"영어,영어",대한설비공학회,The Society Of Air-Conditioning And Refrigerating Engineers Of Korea,,학회
,12298379,열린교육연구,The Journal of Yeolin Education,등재,사회과학 > 교육학,1993,연6회,"한국어,영어",한국열린교육학회,The Korea Association of Yeolin Education,,학회
,12266159,안암법학,Anam Law Review,등재후보,사회과학 > 법학 > 법학일반,1993,연2회,한국어,안암법학회,Anam Law Association,,학회
27136647,1229988X,선물연구,Journal of Derivatives and Quantitative Studies,등재,사회과학 > 경영학,1993,연4회,"한국어,영어",한국파생상품학회,Korea Derivatives Association,,학회
2671616X,12268690,음성음운형태론연구,"Studies in Phonetics, Phonology, and Morphology",등재,인문학 > 언어학,1993,연3회,"한국어,영어",한국음운론학회,The Phonology-Morphology Circle of Korea,,학회
27339335,25864076,심리유형과 인간발달,Psychological Type & Human Development,등재후보,사회과학 > 심리과학 > 성격심리,1993,연2회,"한국어,영어",한국심리유형학회,Korea Academy Of Psychological Type,,학회
,19750129,한국사회복지조사연구,,등재,사회과학 > 사회복지학 > 사회복지학일반 > 사회복지조사/분석,1993,연4회,"한국어,영어",사회복지연구소,center for social welfare research yonsei university,연세대학교,대학부설연구소
,17387590,가정간호학회지,Journal of Korean Academic Society of Home Health Care Nursing,등재,의약학 > 간호학,1993,연3회,"한국어,영어",한국가정간호학회,The Korean Academic Society Of Home Care Nursing,,학회
,12295035,유학연구,Studies in Confucianism,등재,인문학 > 철학,1993,연4회,한국어,유학연구소,Confucianism Research Instutute,충남대학교,대학부설연구소
22334580,22335250,Clinical Pediatric Hematology-Oncology,Clinical Pediatric Hematology-Oncology,등재,의약학 > 소아과학,1994,연2회,"한국어,영어",대한소아혈액종양학회,The Korean Society of Pediatric Hematology-Oncology,,학회
27336700,15983722,기업법연구,Business Law  Review,등재,사회과학 > 법학,1994,연4회,"한국어,한국어",한국기업법학회,,,학회
,12297232,현대영미소설,Studies in Modern Fiction,등재,인문학 > 영어와문학,1994,연3회,"한국어,영어",한국현대영미소설학회,The Korean Association of Modern Fiction in English,,학회
,15981363,漢字漢文敎育,,등재,인문학 > 한국어와문학 > 한문학 > 한문교육,1994,연2회,"한국어,중국어",한국한자한문교육학회,The Korea Association For Han-character and classical written language Education,,학회
,15983498,정보화정책,Informatization Policy,등재,사회과학 > 정책학,1994,연4회,"한국어,한국어",한국정보화진흥원,NIA,,일반기관
,12260630,한국스포츠교육학회지,Korean Association of Sport Pedagogy,등재,예술체육학 > 체육,1994,연4회,"한국어,한국어",한국스포츠교육학회,Korean Association Of Sport Pedagogy,,학회
25866893,12259179,한국조류학회지,Korean Journal of Ornithology,등재,자연과학 > 생물학 > 생태학 > 동물생태,1994,연2회,"한국어,영어",한국조류학회II,The Ornithological Society Of Korea,,학회
,1226895X,유럽연구,The Journal of Contemporary European Studies,등재,사회과학 > 지역학,1994,연4회,"한국어,영어",한국유럽학회,The Korean Society Of Contemporary European Studies,,학회
,12260207,한국포장학회지,Journal of Korea Society of Packaging Science & Technology,등재후보,자연과학 > 자연과학일반 > 기타자연과학일반,1994,연3회,"한국어,영어",한국포장학회,Korea Society Of Packaging Science & Technology,,학회
22876081,12260657,순수 및 응용수학,The Pure and Applied Mathematics,등재,자연과학 > 수학,1994,연4회,"영어,한국어",한국수학교육학회,,,학회
,12277258,교육시설,-,등재,공학 > 건축공학,1994,연6회,"한국어,영어",한국교육시설학회,,,학회
27137775,1229019X,구비문학연구,Journal of Korean Oral Literature,등재,인문학 > 한국어와문학,1994,연4회,"한국어,한국어",한국구비문학회,The Society Of Korean Oral Literature,,학회
,17383188,대중서사연구,Journal of Popular Narrative,등재,복합학 > 학제간연구,1994,연4회,"한국어,한국어",대중서사학회,The Association of Popular Narrative,,학회
,17386144,한국방위산업학회지,Journal of the Korea Association of Defense Industry Studies,등재후보,사회과학 > 군사학 > 기타군사학,1994,연2회,"한국어,영어",한국방위산업학회,Korea Association of Defense Industry Studies,,학회
,12295205,비교사법,The Journal of Comparative Private Law,등재,사회과학 > 법학,1994,연4회,"한국어,한국어",한국비교사법학회,The Korean Association Of Comparative Private Law,,학회
,12269263,유통연구,Journal of Channel and Retailing,등재,사회과학 > 경영학,1994,연4회,한국어,한국유통학회,,,학회
22878173,12257591,한국분말야금학회지,JOURAL OF KOREAN POWER METALLURGY INSTIT,등재,공학 > 금속공학,1994,연6회,"한국어,영어",한국분말야금학회,Korean Powder Metallurgy Institute,,학회
27340732,12266795,한국영유아보육학,The Korea Association of Child Care and Education,등재,사회과학 > 사회복지학,1994,연6회,한국어,한국영유아보육학회,The Korea Association Of Child And Education,,학회
20930887,20930879,Journal of Neurogastroenterology and Motility (JNM),Journal of Neurogastroenterology and Motility (JNM),등재,의약학 > 내과학,1994,연4회,영어,대한소화기 기능성질환운동학회,The Korean Society of Neurogastroenterology and Motility,,학회
,12293172,기호학 연구,Semiotic Inquiry,등재,인문학 > 언어학,1994,연4회,"한국어,프랑스어",한국기호학회,,,학회
,12269360,마이크로전자 및 패키징학회지,Jornal of the Microelectronics and Packaging Society,등재,공학 > 재료공학,1994,연4회,"한국어,영어",한국마이크로전자및패키징학회,The Microelectronics And Packaging Society,,학회
,12267856,교육정치학연구,The Politics of Education,등재,사회과학 > 교육학 > 교육행정/경영학,1994,연4회,"한국어,한국어",한국교육정치학회,Korean Society Of The Politics Of Education,,학회
2287982X,12258962,한국전문물리치료학회지,Physical Therapy Korea,등재,의약학 > 물리치료학,1994,연4회,"한국어,영어",한국전문물리치료학회,Korean Research Society of Physical Therapy,,학회
,12264474,인간발달연구,The Korean Journal of  Human Development,등재,사회과학 > 기타사회과학,1994,연4회,"한국어,영어",한국인간발달학회,,,학회
20934386,20934378,대한척추외과학회지,Journal of Korean Society of Spine Surgery,등재,의약학 > 정형외과학,1994,연4회,"한국어,영어",대한척추외과학회,Korean Society Of Spine Surgery,,학회
27139530,12298662,민속학연구,Korean Journal of Folk Studies,등재,인문학 > 역사학,1994,연2회,"한국어,영어",국립민속박물관,National Folk Museum of Korea,,학회
,1228503X,AURA,AURA,등재,예술체육학 > 기타예술체육,1994,연2회,"한국어,한국어",한국사진학회,The Society Of Korean Photography,,학회
,12293644,근대영미소설,British and American Fiction,등재,인문학 > 영어와문학,1994,연3회,"한국어,영어",한국근대영미소설학회,The Korean Society of British and American Fiction,,학회
,12295981,정보통신정책연구,International  Telecommunications Policy Review,등재,사회과학 > 사회과학일반,1994,연4회,"한국어,한국어",정보통신정책학회,Korea Association For Telecommunications Policies,,학회
,12258970,한국중세사연구,The Journal of Korean Medieval History,등재,인문학 > 역사학,1994,연4회,"한국어,영어",한국중세사학회,The Korean Medieval History Society,,학회
25081209,15986284,Journal of Information Technology Applications & Management,Journal of Information Technology Applications & Management,등재,사회과학 > 경영학,1994,연6회,"한국어,영어",한국데이터전략학회,Korea Data Strategy Society,,학회
26721031,1226735X,중국어문학지,中國語文學誌,등재,인문학 > 중국어와문학,1994,연4회,"한국어,중국어",중국어문학회,The Journal Of Chinese Language & Literature,,학회
27340082,12269123,한국어학,Korean Linguistics,등재,인문학 > 한국어와문학,1994,연4회,"한국어,영어",한국어학회,The Association For Korean Linguistics,,학회
,12278203,한국근현대사연구,JOURNAL OF KOREAN MODERN AND CONTEMPORARY HISTORY,등재,인문학 > 역사학,1994,연4회,"한국어,한국어",한국근현대사학회,,,학회
23844361,12291498,Journal of Rhinology,Journal of Rhinology,등재,의약학 > 이비인후과학,1994,연2회,"한국어,영어",대한비과학회,,,학회
,12260096,신아세아,NEW ASIA,등재,사회과학 > 정치외교학,1994,연4회,"한국어,영어",신아시아연구소,New Asia Research Institute,,학회
,12297860,중국고중세사연구,Historical Studies of Ancient and Medieval China,등재,인문학 > 역사학,1994,연4회,"한국어,중국어",중국고중세사학회,Historical Studies Of Ancient And Medieval China,,학회
,12259012,기본간호학회지,The Journal of Fundamentals of Nursing,우수등재,의약학 > 간호학,1994,연4회,"한국어,영어",기본간호학회,Korean Academy of Fundamentals of Nursing,,학회
,15987663,사회복지정책,Social Welfare Policy,등재,사회과학 > 사회복지학,1994,연4회,"한국어,한국어",한국사회복지정책학회,Korea Association Of Socail Welfare Policy,,학회
,15980774,문화사학,munhwasahak,등재,인문학 > 역사학 > 역사일반 > 문화사(역사학),1994,연2회,"한국어,영어",한국문화사학회,Hankuk Munhwa Sa Hak Hoe,,학회
22348417,27341194,Journal of Applied Mathematics and Informatics,Journal of Applied Mathematics and Informatics,등재,자연과학 > 수학,1994,연6회,"영어,한국어",한국전산응용수학회,Korean Society for Computational and Applied Mathematics  ,,학회
,1229957X,기업경영연구,Korean Corporation Management Review,등재,사회과학 > 경영학,1994,연6회,한국어,한국기업경영학회,Korean Corporation Management Association,,학회
,12252522,언어과학,Journal of Language Sciences,등재,인문학 > 언어학,1994,연4회,"한국어,영어",한국언어과학회,The Korean Association Of Language Sciences,,학회
22879803,22879412,Neonatal medicine,Neonatal medicine,등재,의약학 > 소아과학 > 신생아학,1994,연4회,"한국어,영어",대한신생아학회,THE KOREAN SOCIETY OF NEONATOLOGY,,학회
27339564,12293040,정신건강과 사회복지,Mental Health & Social Work,등재,사회과학 > 사회복지학,1994,연4회,"한국어,영어",한국정신건강사회복지학회,Korea Academy Of Mental Health Social Work,,학회
,22877843,Communications for Statistical Applications and Methods,Communications for Statistical Applications and Methods,등재,자연과학 > 통계학,1994,연6회,한국어,한국통계학회,The Korean Statistical Society,,학회
23841087,23841079,Pediatric Infection and Vaccine,Pediatric Infection and Vaccine,등재,의약학 > 소아과학 > 소아감염,1994,연3회,"한국어,영어",대한소아감염학회,The Korean Society of Pediatric Infectious Diseases,,학회
22334718,2093940X,대한류마티스학회지,Journal of Rheumatic Diseases,등재,의약학 > 내과학,1994,연4회,"영어,영어",대한류마티스학회,Korean College of Rheumatology,,학회
,12292834,상품문화디자인학연구,Journal of Cultural Product & Design,등재,예술체육학 > 디자인 > 디자인일반,1994,연4회,"한국어,영어",한국상품문화디자인학회,Korea Institute of Cultural Product & Design,,학회
,19759398,근관절건강학회지,The Journal of Muscle and Joint Health,등재,의약학 > 간호학,1994,연3회,"한국어,영어",대한근관절건강학회,Korean  Society of  Muscle and  Joint Health,,학회
,12264296,한국지형학회지,Journal of The Korean Geomorphological Association,등재,사회과학 > 지리학,1994,연4회,"한국어,한국어",한국지형학회,The Geomorphological Association Of Korea,,학회
22877029,22876375,대한골대사학회지,Journal of Bone Metabolism,등재,의약학 > 정형외과학,1994,연4회,"영어,영어",대한골대사학회,The Korean Society of Bone Metabolism,,학회
,12256722,영남법학,,등재,사회과학 > 법학 > 법학일반,1994,연2회,"한국어,영어",법학연구소,,영남대학교,대학부설연구소
,12256838,사회과교육연구,Research in Social Studies Education,등재,사회과학 > 교육학 > 교과교육학 > 사회교육학,1994,연4회,"한국어,한국어",한국사회교과교육학회,The Korean Association For The Social Studies Education,,학회
,12264792,연세경영연구,Yonsei Business Review,등재,사회과학 > 경영학 > 기타경영학,1994,연3회,한국어,경영연구소,Yonsei Business Research Institute,연세대학교,대학부설연구소
,1225746x,서울학연구 ,,등재후보,인문학 > 기타인문학,1994,연4회,"한국어,영어",서울학연구소,"The Institute of Seoul Studies, The University of Seoul",서울시립대학교,대학부설연구소
,17384028,교통연구,Journal of Transport Research,등재,사회과학 > 국제/지역개발 > 지역개발 > 교통/물류,1994,연4회,"한국어,영어",한국교통연구원,The Korea Transport Institute,,학회
27340767,12266787,미술치료연구,Korean Journal of Art Therapy,등재,사회과학 > 심리과학,1994,연6회,"한국어,영어",한국미술치료학회,Korean Art Therapy Association,,학회
23843705,19763107,농촌지도와 개발,Journal of Agricultural Extension & Community Development,등재,농수해양학 > 농학 > 농학일반 > 농업교육,1994,연4회,"한국어,영어",한국농촌지도학회,Korean Association of Agricultural Extension,,학회
,12268550,JIAS,,등재,사회과학 > 정치외교학,1994,연2회,영어,국제학연구소,Institute of International Affairs,서울대학교,대학부설연구소
,12261289,한국생활환경학회지,The Korean Society of Living Environmental System,등재,복합학 > 학제간연구,1994,연6회,"한국어,영어",한국생활환경학회,The Korean Society Of Living Environmental System,,학회
,17382963,치안정책연구,The Journal of Police Policies,등재,사회과학 > 행정학 > 분야별행정 > 경찰행정,1994,연4회,한국어,치안정책연구소,Police Science Institute,경찰대학,대학부설연구소
,17383234,한국경제학보(구 연세경제연구),The Korean Journal of Economics,등재,사회과학 > 경제학 > 경제학일반 > 계량경제/경제통계/비교경제,1994,연2회,"한국어,영어",경제연구소,"Economic Institute, Yonsei University",연세대학교,대학부설연구소
,15989054,한국교육학연구,The Korea Educational Review,등재,사회과학 > 교육학,1994,연4회,한국어,안암교육학회,The Anam Society For The Study Of Education,,학회
,15999319,전략연구,STRATEGIC STUDIES,등재,사회과학 > 정치외교학,1994,연3회,"한국어,영어",(사) 한국전략문제연구소,Korea Research Institute for Strategy,,일반기관
,17388236,율곡학연구,JOURNAL OF YULGOK-STUDIES,등재,인문학 > 기타인문학,1994,연3회,"한국어,영어",(사)율곡학회,Yulgok Society,,학회
26716747,12263508,서울국제법연구,Seoul International Law Journal,등재,사회과학 > 법학 > 법학일반 > 기초법,1994,연2회,"한국어,한국어",서울국제법연구원,Seoul International Law Academy,,일반기관
26715171,12258539,아태연구,Journal of Asia-Pacific Studies,등재,사회과학 > 사회과학일반,1994,연4회,"한국어,영어",국제지역연구원,Institute of Global Affairs,경희대학교(국제캠퍼스),대학부설연구소
26719088,15980685,비교문화연구,Cross-Cultural Studies,등재,인문학 > 문학,1994,연4회,"한국어,영어",비교문화연구소,Center for Cross Culture Studies,경희대학교(국제캠퍼스),대학부설연구소
26715376,22888861,인문사회과학연구,,등재후보,사회과학 > 사회과학일반,1994,연2회,한국어,인문사회과학연구소,Semyung University Institute for Humanities and Social Sciences ,세명대학교,대학부설연구소
27141098,12278823,국어교육연구,Journal of Korean Language Education,등재후보,인문학 > 한국어와문학 > 국어교육,1994,연2회,"한국어,영어",국어교육연구소,KOREAN LANGUAGE EDUCATION RESEARCH INSTITUTE,서울대학교,대학부설연구소
,12260886,외법논집,HUFS Law Review,등재,사회과학 > 법학,1994,연4회,"한국어,영어",법학연구소,The HUFS Law Research Institute,한국외국어대학교,대학부설연구소
,15984230,인문사회과학연구,Studies in Humanities and Social Sciences,등재,복합학 > 학제간연구,1994,연4회,"한국어,영어",인문사회과학연구소,Institute of Humanities and Social Sciences,호남대학교,대학부설연구소
27136043,12292400,특수교육연구,Journal of Special Education,등재,사회과학 > 교육학 > 분야교육 > 특수교육,1994,연3회,"한국어,한국어",국립특수교육원,National Institute of Special Education,,일반기관
26716380,12261947,세무회계연구,Tax Accounting Research,등재,사회과학 > 회계학 > 세무회계,1994,연4회,"한국어,영어",한국세무회계학회,Kata(Korean Association Of Tax & Accounting),,학회
27134091,12265691,담화와 인지,Discourse and Cognition,등재,인문학 > 언어학,1995,연4회,"한국어,영어",담화·인지언어학회,The Discourse and Cognitive Linguistics Society of Korea,,학회
,12299537,국제경제연구,KUKJE KYUNGJE YONGU,등재,사회과학 > 경제학,1995,연4회,한국어,한국국제경제학회,The Korea International Economic Association,,학회
,12259519,美術史論壇,Art History Forum,등재,예술체육학 > 미술,1995,연2회,"한국어,영어",한국미술연구소,Center for Art Studies,,일반기관
23840277,,한국경제의 분석,Journal of Korean Economic Analysis,등재,사회과학 > 경제학,1995,연3회,"한국어,한국어",한국경제의 분석패널,Panel for Korean Economic Analysis,,학회
2383966X,12259861,대한영양사협회 학술지,Journal of THE KOREAN DIETETIC ASSOCIATION,등재,자연과학 > 생활과학,1995,연4회,"한국어,한국어",대한영양사협회,The Korean Dietetic Association,,일반기관
22873341,12293431,해양환경안전학회지,Journal of the Korean Society of Marine Environment & Safety,등재,농수해양학 > 수산학 > 수산생물학 > 해양생태,1995,연7회,"한국어,영어",해양환경안전학회,The Korean Society Of Marine Environment & Safety,,학회
1876794X,1226086X,Journal of Industrial and Engineering Chemistry,Journal of Industrial and Engineering Chemistry,등재,공학 > 화학공학,1995,연12회,"영어,영어",한국공업화학회,The Korean Society Of Industrial And Engineering Chemistry,,학회
23842253,,온지논총,,등재,인문학 > 기타인문학,1995,연4회,"한국어,한문",온지학회,The Society Of Onji Studies,,학회
22880690,15989712,Clean Technology,Clean Technology,등재,공학 > 화학공학,1995,연4회,"한국어,영어",한국청정기술학회,THE KOREAN SOCIETY OF CLEAN TECHNOLOGY,,학회
22884955,12259330,간호행정학회지,Journal of Korean Academy of Nursing Administration,우수등재,의약학 > 간호학,1995,연5회,"한국어,영어",간호행정학회,Korean Academy of Nursing Administration,,학회
,12297798,마케팅관리연구,Journal of Marketing Management Research,등재,사회과학 > 경영학,1995,연4회,"한국어,영어",한국마케팅관리학회,Korean Marketing Management Association,,학회
,12296716,브레히트와 현대연극,Bertolt Brecht und das moderne Theater,등재,인문학 > 독일어와문학,1995,연2회,"한국어,독일어",한국브레히트학회,,,학회
,12259640,한국차학회지,Journal of the Korean Tea Society,등재,사회과학 > 농업경제학 > 농업생산/경영,1995,연4회,"한국어,영어",한국차학회,Journal Of The Korea Tea ,,학회
,12287326,신약논단,Korean New Testament Studies,등재,인문학 > 기독교신학,1995,연4회,"한국어,영어",한국신약학회,The New Testament Society Of Korea,,학회
,17383994,퇴계학논총,THE TOEGYE HAK NONCHONG,등재,인문학 > 기타인문학,1995,연2회,"한국어,일본어",사단법인 퇴계학부산연구원,Busan Toegye Studies Institute,,학회
,22886478,대한폐경학회지,Journal of Menopausal Medicine,등재,의약학 > 산부인과학 > 일반부인과학,1995,연3회,"영어,영어",대한폐경학회,Korean Society Of Menopause,,학회
,12269689,영미문학페미니즘,Feminist Studies in English Literature,등재,인문학 > 영어와문학,1995,연3회,"한국어,영어",한국영미문학페미니즘학회,The Korean Society For Feminist Studies In English Literature,,학회
,20934440,현대유럽철학연구,Researches in Contemporary European Philosophy,등재,인문학 > 철학 > 서양철학,1995,연4회,한국어,한국하이데거학회,Heidegger-Gesellschaft In Korea,,학회
,12292621,대한암한의학회지,Journal of Korean Traditional Oncology,등재후보,의약학 > 한의학,1995,연1회,"한국어,영어",대한암한의학회,Korean Association of Traditional Oncology,,학회
20937814,12259578,한국간호교육학회지,The Journal of Korean Academic Society of Nursing Education,우수등재,의약학 > 간호학 > 간호학일반 > 간호교육,1995,연4회,"한국어,영어",한국간호교육학회,The Korean Academic Society Of Nursing Education,,학회
23841648,10886931,Global Business and Finance Review,Global Business and Finance Review,등재,사회과학 > 경영학 > 경영학일반,1995,연4회,영어,사람과세계경영학회,People&Global Business Association,,학회
26716623,12295418,대한구강악안면임플란트학회지,Implantology,등재,의약학 > 치의학 > 구강악안면외과학,1995,연4회,"한국어,영어",대한구강악안면임플란트학회,The Korean Academy of Oral & Maxillofacial Implantology,,학회
,15988287,중국근현대사연구,Korean Studies of Modern Chinese History,등재,인문학 > 역사학 > 동양사 > 중국현대사,1995,연4회,"한국어,한국어",중국근현대사학회,The Korean Association For Studies Of Modern Chinese History,,학회
26361183,15989453,영어학연구,English Language and Linguistics,등재,인문학 > 영어와문학,1995,연3회,"한국어,영어",한국영어학학회,The English Linguistics Society Of Korea,,학회
25087282,12263680,대한정형도수물리치료학회지 ,Korean Academy of Orthopedic Manipulative Physical Therapy,등재후보,의약학 > 물리치료학 > 임상물리치료 > 정형물리치료학,1995,연2회,"한국어,영어",대한정형도수물리치료학회,Korean Academy of Orthopedic Manipulative Physical Therapy,,학회
22884882,22884866,지능정보연구,Journal of Intelligence and Information Systems ,등재,공학 > 산업공학,1995,연4회,"한국어,영어",한국지능정보시스템학회,Korea Intelligent Information Systems Society ,,학회
,12263850,韓國古典硏究,The Research of the Korean Classic,등재,인문학 > 한국어와문학 > 국문학 > 고전산문,1995,연4회,"한국어,영어",한국고전연구학회,The Research Of The Korean Classic,,학회
27138550,12295264,일본역사연구,Journal of Japanese History,등재,인문학 > 역사학,1995,연3회,"한국어,한국어",일본사학회,The Korean Association For Japanese History,,학회
2713766X,17382629,孔子學,GONG JA HAK,등재,인문학 > 유교학 > 기타유교학,1995,연3회,"한국어,중국어",한국공자학회,Korean Society Of Confucian Studies,,학회
23836326,23836318,정보과학회 컴퓨팅의 실제 논문지,KIISE Transactions on Computing Practices,등재,공학 > 컴퓨터학,1995,연12회,"한국어,영어",한국정보과학회,,,학회
,12266825,세계헌법연구,World Constitutional Law Review,등재,사회과학 > 법학,1995,연3회,"한국어,영어",세계헌법학회한국학회,Korean Association of International Association of Constitutional Law ,,학회
,12299685,한국체육교육학회지,Korean Society For The Study Of Physical Education,등재,사회과학 > 교육학 > 교과교육학 > 체육교육학,1995,연4회,한국어,한국체육교육학회,Korean Society For The Study Of Physical Education,,학회
,12269301,일본어문학,"Journal of the society of Japanese Language and Literature, Japanology",등재,인문학 > 일본어와문학,1995,연4회,"한국어,일본어",일본어문학회,"Journal Of The Society Of Japanese Language And Literature, Japanology ",,학회
26721767,12296627,종교교육학연구,Korean Journal of Religious Education,등재,인문학 > 종교학,1995,연3회,"한국어,한국어",한국종교교육학회,,,학회
,17386306,국제사법연구,Korea Private International Law Journal,등재,사회과학 > 법학 > 사법 > 국제사법,1995,연1회,"한국어,한국어",한국국제사법학회,Korea Private International Law Association,,학회
,12293148,경제발전연구,Journal of Korean Economic Development,등재,사회과학 > 경제학,1995,연4회,"한국어,영어",한국경제발전학회,,,학회
27338657,27338649,의료·복지 건축,JOURNAL OF THE KOREA INSTITUTE OF HEALTHCARE ARCHITECTURE,등재,공학 > 건축공학,1995,연4회,"한국어,영어",한국의료복지건축학회,Korea Institute Of Healthcare Architecture,,학회
,12262250,비교한국학 Comparative Korean Studies,Comparative Korean Studies,등재,인문학 > 기타인문학,1995,연3회,"한국어,영어",국제비교한국학회,The International Association Of Comparative Korean Studies,,학회
,1226461X,초등영어교육,Primary English Education,등재,인문학 > 영어와문학 > 영어교육,1995,연4회,"한국어,영어",한국초등영어교육학회,The Korea Association of Primary English Education,,학회
24661023,24660752,Culinary Science & Hospitality Research,Culinary Science & Hospitality Research,등재,사회과학 > 기타사회과학,1995,연12회,"한국어,영어",(사)한국조리학회,Culinary Society of Korea,,학회
,22340831,Archives of Aesthetic Plastic Surgery,Archives of Aesthetic Plastic Surgery,등재,의약학 > 성형외과학 > 미용/성형외과,1995,연4회,"한국어,영어",대한미용성형외과학회,The Korean Society For Aesthetic Plastic Surgery,,학회
22334335,19765622,제어.로봇.시스템학회 논문지,"Journal of Institute of Control, Robotics and Systems",등재,공학 > 제어계측공학,1995,연12회,"한국어,한국어",제어·로봇·시스템학회,"Institute of Control, Robotics and Systems",,학회
,12294500,한말연구,Korean Language Research,등재,인문학 > 한국어와문학,1995,연4회,"한국어,영어",한말연구학회,,,학회
27340511,15989372,칸트연구,Kant Studien,등재,인문학 > 철학,1995,연2회,"한국어,한국어",한국칸트학회,,,학회
,12264628,Foreign Languages Education,Foreign Languages Education,등재,인문학 > 언어학,1995,연4회,"한국어,영어",한국외국어교육학회,The Korea Association Of Foreign Languages Education,,학회
,15984796,조세법연구,Seoul Tax Law  Review,등재,사회과학 > 법학,1995,연3회,"한국어,한국어",한국세법학회,Tax Law Association,,학회
27338959,12293784,헌법학연구,Constitutional Law,등재,사회과학 > 법학 > 공법 > 헌법,1995,연4회,"한국어,영어",한국헌법학회,,,학회
,12261394,고구려발해연구,The KoguryoBalhae Yonku,등재,인문학 > 역사학 > 한국사 > 한국고대사,1995,연3회,"한국어,중국어",고구려발해학회,Institute of KoguryoBalhae,,학회
,12259454,생물치료정신의학,Journal of the Korean Society of Biological Therapies in Psychiatry,등재,의약학 > 정신과학,1995,연3회,"한국어,한국어",대한생물치료정신의학회,Korean Society Of Biological Therapies In Psychiatry,,학회
,12263907,Natural Product Sciences,Natural Product Sciences,등재,의약학 > 약학,1995,연4회,"영어,한국어",한국생약학회,The Korean Society Of Pharmacognosy,,학회
,17387302,보건경제와 정책연구,The Korean Journal of Health Economics and Policy,등재,사회과학 > 사회과학일반,1995,연4회,"한국어,영어",한국보건경제정책학회,The Korean Association of Health Economics and Policy,,학회
27139719,12291188,러시아어문학연구논집,Russian Language  and Literature                          ,등재,인문학 > 러시아어와문학,1995,연4회,"한국어,러시아어",한국러시아문학회,The Korean Association Of Rusists,,학회
22889604,12260517,한국화상학회지,Journal of Korean Society for Imaging Science and Technology,등재후보,공학 > 기타공학,1995,연4회,"한국어,영어",한국화상학회,Korean Society For Imaging Science And Technology,,학회
,1598785X,평생교육학연구,Journal of Lifelong Education,등재,사회과학 > 교육학,1995,연4회,"한국어,한국어",한국평생교육학회,,,학회
,12268658,실과교육연구,Journal of Korean Practical Arts Education,등재,사회과학 > 교육학,1995,연4회,"한국어,한국어",한국실과교육연구학회,The Society Of Korean Practical Arts Education,,학회
,22871640,여성건강간호학회지,Korean J Women Health Nurs,등재,의약학 > 간호학,1995,연4회,"한국어,영어",한국여성건강간호학회,Korean Society of Women Health Nursing,,학회
22887415,,대한의생명과학회지,Biomedical Science Letters,등재,자연과학 > 자연과학일반,1995,연4회,"한국어,영어",대한의생명과학회,The Korean Society For Biomedical Laboratory Sciences,,학회
,12290521,구약논단,Korean Journal of Old Testament Studies,등재,인문학 > 기독교신학,1995,연4회,"한국어,영어",한국구약학회,Korean Society of Old Testament Studies,,학회
27338614,12260789,의정연구,Korean Journal of Legislative Studies,등재,사회과학 > 정치외교학,1995,연3회,"한국어,영어",한국의회발전연구회,Korea Legislative Studies Institute,,학회
2287285X,22872728,Clinical and Molecular Hepatology,Clinical and Molecular Hepatology,등재,의약학 > 내과학 > 소화기내과,1995,연4회,영어,대한간학회,The korean Association for the Study of the Liver,,학회
26719835,26358611,회계와 정책연구,Review of Accounting and Policy Studies,등재,사회과학 > 회계학,1995,연4회,"한국어,영어",한국회계정책학회,Korean Association for Accounting and Policy,,학회
,15989364,니체연구,The Journal of Korean Nietzsche-Society,등재,인문학 > 철학,1995,연2회,"한국어,독일어",한국니체학회,,,학회
27339858,15989216,중세철학,Philosophia Medii Aevi,등재,인문학 > 철학,1995,연1회,"한국어,한국어",한국중세철학회,,,학회
22879129,22879110,Child Health Nursing Research,Child Health Nursing Research,등재,의약학 > 간호학,1995,연4회,"한국어,영어",한국아동간호학회,Korean Academy of Child Health Nursing,,학회
27139131,15989607,독서연구,Journal of Reading Research,등재,인문학 > 한국어와문학,1995,연4회,"한국어,한국어",한국독서학회,Korean Reading Association,,학회
,12258709,생물정신의학,Journal of Korean Society of Biological Psychiatry,등재,의약학 > 정신과학,1995,연2회,"한국어,한국어",대한생물정신의학회,The Korean Society Of Biological Psychiatry,,학회
,15984133,산업노동연구,Korean Journal of Labor Studies,등재,사회과학 > 사회과학일반,1995,연3회,"한국어,영어",한국산업노동학회,Korean Association of Labor Studies,,학회
,12294403,부동산학연구,Journal of the Korea Real Estate Analysts Association,등재,사회과학 > 경제학,1995,연4회,"한국어,영어",한국부동산분석학회,Korea Real Estate Analysts Association(Kreaa),,학회
27136310,12293083,미래유아교육학회지,Journal of Future Early Childhood Education,등재,사회과학 > 교육학,1995,연4회,"한국어,영어",미래유아교육학회,Association for Future Early Childhood Education,,학회
20054149,15989623,Metals and Materials International,,등재,공학 > 재료공학,1995,연6회,영어,대한금속·재료학회,The Korean Institute Of Metals And Meterials,,학회
,12262889,영어어문교육,English Language & Literature Teaching,등재,인문학 > 영어와문학,1995,연4회,"한국어,영어",한국영어어문교육학회,,,학회
,15986071,한국전산유체공학회지,Korean Society of Computatuonal Fluids Engineering,등재,공학 > 기계공학,1995,연4회,"한국어,영어",한국전산유체공학회,Korean Society Of Computational Fluids Engineering,,학회
,12294349,한국미용학회지,Jounal of The Korean Society of cosmetology,등재,예술체육학 > 미용 > 기타미용,1995,연6회,"한국어,영어",한국미용학회,Korean Beauty Society,,학회
,12258792,국가전략,National Strategy,등재,사회과학 > 정치외교학,1995,연4회,"한국어,한국어",세종연구소,The Sejong Institute,,학회
26716690,17381363,법학논총,The Legal Studies Institute of Chosun University,등재,사회과학 > 법학 > 법학일반 > 비교법학,1995,연3회,"한국어,영어",법학연구원,The Legal Studies Institute of Chosun Universiry,조선대학교,대학부설연구소
22889493,12258857,농촌계획,Journal of Korean Society of Rural Planning,등재,농수해양학 > 농학,1995,연4회,"한국어,영어",한국농촌계획학회,Korean Society Of Rural Planning,,학회
27338371,1226251X,토지공법연구,Public Land Law Review,등재,사회과학 > 법학,1995,연4회,"한국어,한국어",한국토지공법학회,Korean Public Land Law Association,,학회
2377004X,12259276,Asian Journal of Women's Studies ,,등재,사회과학 > 사회학,1995,연4회,영어,아시아여성학센터,Asian Center for Women's Studies ,이화여자대학교,대학부설연구소
27338401,12263656,한국조직신학논총,Korean Jounal of Systematic Theology,등재,인문학 > 기독교신학 > 조직신학,1995,연4회,"한국어,영어",한국조직신학회,Korean Society of Systematic Theology,,학회
25085107,25085093,한국생산제조학회지,Journal of the Korean Society of Manufacturing Technology Engineers,등재,공학 > 기계공학,1995,연6회,"한국어,영어",한국생산제조학회,The Korean Society of Manufacturing Technology Engineers,,학회
,12267570,경제분석,Economic Analysis,등재,사회과학 > 경제학,1995,연4회,"한국어,영어",한국은행,,,일반기관
25865714,1225925X,Asian Women,,등재,복합학 > 감성과학,1995,연4회,영어,아시아여성연구원,Research Institute of Asian Women ,숙명여자대학교,대학부설연구소
19763794,12258873,The Journal of Microbiology,Journal of Microbiology,등재,자연과학 > 생물학,1995,연12회,"한국어,영어",한국미생물학회,The Microbiological Society Of Korea,,학회
,15989283,교육문화연구,Journal of Education & Culture,등재,사회과학 > 교육학 > 기타교육학,1995,연6회,한국어,교육연구소,Education Reserch Institute,인하대학교,대학부설연구소
,12269816,Seoul Journal of Business,,등재,사회과학 > 경영학 > 기타경영학,1995,연2회,영어,경영연구소,"The Institute of management Research,  SNU ",서울대학교,대학부설연구소
20565909,26356325,Clinical Hypertension,Clinical Hypertension,등재후보,의약학 > 내과학 > 순환기내과,1995,연4회,영어,대한고혈압학회,The Korean Society of Hypertension,,학회
2093369X,20933681,Healthcare Informatics Research,Healthcare Informatics Research,등재,의약학 > 예방의학 > 의료관리 > 의료정보,1995,연4회,영어,대한의료정보학회,The Korean Society Of Medical Informatics,,학회
25861468,12267392,한국지역지리학회지,Journal of The Korean Association of Regional Geographers,등재,사회과학 > 지리학,1995,연4회,"한국어,영어",한국지역지리학회,The Korean Association Of Regional Geographers,,학회
,17382467,법과정책,Law & Policy Review,등재,사회과학 > 법학 > 기타법학,1995,연3회,"한국어,영어",법과정책연구원,The Institute of Law & Policy Jeju National University,제주대학교,대학부설연구소
,15988996,사회과학연구,,등재,사회과학 > 사회과학일반 > 기타사회과학일반,1995,연4회,"한국어,영어",사회과학연구원,The Research Institute of Social Science,동국대학교,대학부설연구소
27339483,15986055,산업재산권,Journal of Industrial Property,등재,사회과학 > 법학,1995,연4회,"한국어,한국어",한국지식재산학회,Korea Intellectual Property Society,,학회
26715872,20932987,인문과학연구,Journal of Humanities,등재,인문학 > 기타인문학,1995,연2회,한국어,인문과학연구소,The Research Institute for Humanities,덕성여자대학교,대학부설연구소
,15981452,동방학,,등재,인문학 > 기타인문학,1995,연2회,"한국어,한국어",동양고전연구소,INSTITUTE FOR EASTERN CLASSIC STUDIES,한서대학교,대학부설연구소
26715295,12264148,과학기술법연구,,등재,사회과학 > 법학 > 기타법학,1995,연4회,"한국어,영어",과학기술법연구원,Institute for Law of Science & Technology,한남대학교,대학부설연구소
27137325,17382173,순천향 인문과학논총 ,,등재,인문학 > 기타인문학,1995,연4회,"한국어,영어",인문학연구소,The Institute of Humanities at Soonchunhyang University,순천향대학교,대학부설연구소
27334678,20934270,한국지역사회복지학,Journal of community welfare,등재,사회과학 > 사회복지학 > 사회복지학일반 > 지역사회복지,1995,연4회,"한국어,영어",한국지역사회복지학회,Korea Association Of Community Welfare Studies ,,학회
27136477,12294896,고소설연구,The Research of Old Korean Novel,등재,인문학 > 한국어와문학,1995,연2회,"한국어,한국어",한국고소설학회,The Society Of The Korean Classical Novel,,학회
22873694,15989186,임상간호연구,Journal of Korean Clinical Nursing Research,등재,의약학 > 간호학,1995,연3회,"한국어,한국어",병원간호사회,Hospital Nurses Association,,학회
27339297,12260576,日本語文學,Korean Japanese of Japanese Language and Literature,등재,인문학 > 일본어와문학,1995,연4회,"일본어,한국어",한국일본어문학회,,,학회
2383529X,19757883,한국컴퓨터그래픽스학회논문지,Journal of the Korea Computer Graphics Society,등재,공학 > 컴퓨터학 > 컴퓨터그래픽스 > 컴퓨터그래픽스이론,1995,연4회,"한국어,영어",(사)한국컴퓨터그래픽스학회,Korea Computer Graphics Society,,학회
,19767900,종교와 문화,Religion and Culture,등재,인문학 > 종교학 > 기타종교학,1995,연2회,"한국어,영어",종교문제연구소,Center for Religious Studies,서울대학교,대학부설연구소
26717468,12298581,한국일본교육학연구,Korean Journal of the Japan Education,등재,사회과학 > 교육학 > 기타교육학,1996,연3회,"한국어,일본어",한국일본교육학회,,,학회
26719886,25085999,의료관련감염관리,Korean Journal of Healthcare-Associated Infection Control and Prevention,등재,의약학 > 임상병리학 > 임상미생물학 > 병원감염관리학,1996,연2회,"한국어,영어",대한의료관련감염관리학회,Korean Society for Healthcare-associated Infection Control,,학회
,12265705,조선시대사학보,THE CHOSON DYNASTY HISTORY ASSOCIATION,등재,인문학 > 역사학,1996,연4회,"한국어,한문",조선시대사학회,The Choson Dynasty History Association ,,학회
,12266019,구결연구,Kugyol Studies,등재,인문학 > 한국어와문학,1996,연2회,"한국어,한국어",구결학회,The Society for Kugyol Studies,,학회
,12290122,외국어로서의 독일어,Deutsch als Fremdsprache in Korea,등재,인문학 > 독일어와문학,1996,연2회,"한국어,독일어",한국독일어교육학회,Koreanische Gesellschaft Fuer Deutsch Als Fremdsprache,,학회
27338606,12264105,한국체육사학회지,"KOREAN KOURNAL OF HISTORY OF PHYSICAL EDUCATION, SPORT AND DANCE",등재,예술체육학 > 기타예술체육,1996,연4회,"한국어,영어",한국체육사학회,"Korean Society For History Of Phydical Education, Sport And Dance",,학회
,12269425,신앙과 학문,faith & scholarship,등재,복합학 > 학제간연구,1996,연4회,"한국어,영어",기독교학문연구회,Korea Association For Christian Scholarship,,학회
,12269859,언어학연구,Journal of Linguistic Studies,등재,인문학 > 언어학,1996,연3회,"한국어,영어",한국언어연구학회,The Korean Association of Language Studies,,학회
,12267120,국제통상연구,Journal of International Trade and Industry Studies,등재,사회과학 > 무역학,1996,연4회,"한국어,영어",한국국제통상학회,The Korea Association Of Trade And Indurstry Sudies,,학회
24662089,12260959,한국연소학회지,Journal of The Korean Society of Combustion,등재,공학 > 기계공학 > 에너지및동력공학 > 연소기기,1996,연4회,"한국어,영어",한국연소학회,The Korean Society Of Combustion,,학회
,12254363,동북아경제연구,The Journal of Northeast Asian Economic Studies,등재,사회과학 > 경제학,1996,연3회,"한국어,영어",한국동북아경제학회,The Northeast Asia Economic Association Of Korea,,학회
,12263761,안과밖:영미문학연구,In/Outside: English Studies in Korea,등재,인문학 > 영어와문학,1996,연2회,"한국어,한국어",영미문학연구회,Scholars For English Studies In Korea,,학회
,15984788,한국지방재정논집,The Korea Journal of Local Public Finance,등재,사회과학 > 경제학,1996,연3회,"한국어,영어",한국지방재정학회,Korean Association For Local Finance,,학회
22336656,12261750,Journal of Magnetics,Journal of Magnetics,등재,자연과학 > 자연과학일반,1996,연4회,영어,한국자기학회,The Korean Magnetics Society,,학회
,12297291,교육정보미디어연구,Journal of Korean Association for Educational Information and Media,등재,사회과학 > 교육학,1996,연4회,"한국어,한국어",한국교육정보미디어학회,Korea Association for Educational Information and Media,,학회
27137945,12296252,韓國史學報,The Journal for the Studies of Korean History,등재,인문학 > 역사학,1996,연4회,"한국어,한국어",고려사학회,The Society for the Studies of Korean History,,학회
,1598138X,현대영미시연구,Studies in Modern British and American Poetry,등재,인문학 > 영어와문학,1996,연2회,"한국어,영어",한국현대영미시학회,The Mordern British And American Poetry Society Of Korea,,학회
,12233451,Studies in English Education,Studies in English Education,등재,인문학 > 영어와문학 > 영어교육,1996,연4회,"한국어,영어",글로벌영어교육학회,Global English Teachers Association,,학회
,19761562,커뮤니케이션디자인학연구,Journal of Communication Design,등재,예술체육학 > 디자인 > 시각정보디자인 > 정보디자인,1996,연4회,"한국어,영어",(사)한국커뮤니케이션디자인협회 커뮤니케이션디자인학회,CDAK Society of Communication Design,,학회
,15982475,대한설비관리학회지,Journal of The Korean Institute of Plant Engineering,등재,공학 > 산업공학 > 품질관리및응용통계/신뢰성 > 설비보전,1996,연4회,한국어,대한설비관리학회,The Korean Institute Of Plant Engineering,,학회
24658278,12264709,대한의진균학회지,Journal of Mycology and Infection,등재,의약학 > 미생물학,1996,연4회,"한국어,영어",대한의진균학회,The Korean Society for Medical Mycology,,학회
22880917,,Communication Sciences and Disorders,Communication Sciences and Disorders,등재,사회과학 > 교육학,1996,연4회,"한국어,영어",한국언어청각임상학회,The Korean Academy Of Speech-Language Pathology And Audiology,,학회
,15989178,한국의료법학회지,Korean Journal of Medicine and Law,등재,사회과학 > 법학,1996,연2회,"한국어,한국어",한국의료법학회,,,학회
,26716321,산업기술연구논문지,Journal of Industrial Technology Research,등재후보,복합학 > 과학기술학,1996,연4회,"한국어,영어",산업기술교육훈련학회,Korean Society of Technical Education and Training,,학회
,19761058,한국초등체육학회지,The Korean Journal of Elementary Physical Education,등재,예술체육학 > 체육,1996,연4회,"한국어,영어",한국초등체육학회,The Korean Society of Elementary Physical Education,,학회
,12264199,역사문제연구,Critical Studies on Modern Korean History,등재,인문학 > 역사학,1996,연2회,"한국어,영어",역사문제연구소,,,일반기관
2713573X,20057776,한국경영공학회지,,등재,공학 > 산업공학,1996,연4회,"한국어,한국어",한국경영공학회,Korea Management Engineers Society,,학회
2508402X,25084003,한국CDE학회 논문집,Korean Journal of Computational Design and Engineering,등재,공학 > 기계공학,1996,연4회,"한국어,한국어",한국CDE학회,Society for Computational Design and Engineering,,학회
,15980383,한중인문학연구,Studies of Chinese & Korean Humanities,등재,인문학 > 한국어와문학,1996,연4회,"한국어,영어",한중인문학회,The Society Of  Korean & Chinese Humanities,,학회
22871624,12260983,대한지역사회영양학회지,Korean Journal of community Nutrition,등재,자연과학 > 생활과학,1996,연6회,한국어,대한지역사회영양학회,The Korean Society Of Community Nutrition,,학회
27138232,12295310,한국가족관계학회지,Journal of Family Relations,등재,사회과학 > 사회과학일반,1996,연4회,"한국어,한국어",한국가족관계학회,Korean Association Of Family Relations,,학회
,12266299,병원경영학회지,Korean Journal of Hospital Management,등재,사회과학 > 경영학 > 기타경영학,1996,연4회,"한국어,영어",한국병원경영학회,The Korean Society Of Hospital Administration,,학회
24658588,12268763,원예과학기술지,Horticultural Science & Technology,등재,농수해양학 > 농학 > 원예학,1996,연6회,"한국어,영어",한국원예학회,Korean Society For Horticultural Science,,학회
,12262323,슬라브어 연구,Issledovanija po slavjanskim jazykam,등재,인문학 > 러시아어와문학,1996,연2회,"한국어,러시아어",한국슬라브어학회,Korean Association Of Slavic Languages,,학회
,15989836,한민족문화연구,The Review of Korean Cultural Studies,등재,인문학 > 한국어와문학,1996,연4회,한국어,한민족문화학회,The Association for Korean Cultural Studies,,학회
,15983110,초등도덕교육,KOREAN ELEMENTARY MORAL EDUCATION SOCIETY,등재,사회과학 > 교육학 > 교과교육학 > 윤리교육학,1996,연4회,"한국어,영어",한국초등도덕교육학회,Korean Elementary Moral Education Society,,학회
,15989089,비평과이론,The Journal of Criticism and Theory,등재,인문학 > 영어와문학,1996,연3회,"한국어,영어",한국비평이론학회,The Criticism and Theory Society of Korea,,학회
22883657,22883649,대한암예방학회지,Journal of  Cancer Prevention,등재,의약학 > 예방의학,1996,연4회,"한국어,영어",대한암예방학회,Korean Society of Cancer Preveniton,,학회
27139581,1229070X,한국심리학회지: 건강,Korean Journal of Health Psychology,등재,사회과학 > 심리과학,1996,연6회,"한국어,영어",한국건강심리학회,Korean Health Psychological Association,,학회
,12293334,한국동북아논총,Journal of Northeast Asian Studies,등재,사회과학 > 사회과학일반,1996,연4회,"한국어,영어",한국동북아학회,The Korean Association of Northeast Asia Studies,,학회
27339653,12269557,International Journal of Early Childhood Education,International Journal of Early Childhood Education,등재,사회과학 > 교육학,1996,연2회,"영어,한국어",한국유아교육학회,The Korean Society For Early Childhood Education,,학회
,12262978,바다,JOURNAL OF THE KOREAN SOCIETY OF OCEANOGRAPHY,등재,자연과학 > 해양학,1996,연4회,"한국어,영어",한국해양학회,The Korean Society Of Oceangraphy,,학회
22878602,22871098,Preventive Nutrition and Food Science,Preventive Nutrition and Food Science,등재,농수해양학 > 식품과학,1996,연4회,"영어,영어",한국식품영양과학회,The Korean Society of Food Science and Nutrition,,학회
,12269514,EU학 연구,Korean Journal of EU Studies,등재,사회과학 > 경제학,1996,연3회,"한국어,영어",한국EU학회,Eusa-Korea,,학회
,12265012,한국안광학회지,Journal of Korean Ophthalmic Optics Society,등재,자연과학 > 물리학 > 광학및양자전자학 > 시각및의료광학,1996,연4회,"한국어,영어",한국안광학회,The Korean Ophthalmic Optics Society,,학회
,15981940,교육원리연구,The Journal of Educational Principles,등재,사회과학 > 교육학,1996,연2회,"한국어,한국어",한국교육원리학회,The Society For The Study Of Educational Principles,,학회
22878831,15986438,지하수토양환경,The Journal of Korean Society of Soil and Groundwater Environment,등재,공학 > 환경공학,1996,연4회,"한국어,영어",한국지하수토양환경학회,Korean Society Of Soil And Groundwater Environment,,학회
22879137,12267953,방송공학회 논문지,JOURNAL OF BROADCAST ENGINEERING,등재,공학 > 전자/정보통신공학,1996,연7회,"한국어,영어",한국방송미디어공학회,The Korean Institute of Broadcast and Media Engineers,,학회
23839945,1598849X,한국컴퓨터정보학회논문지,Journal of The Korea Society of Computer and Information,등재,공학 > 컴퓨터학,1996,연12회,"한국어,영어",한국컴퓨터정보학회,The Korean Society Of Computer And Information,,학회
25863533,25863290,Archives of Hand and Microsurgery ,Archives of Hand and Microsurgery,등재,의약학 > 의학일반,1996,연4회,"한국어,영어",대한수부외과학회,The Korean Society For Surgery Of The Hand,,학회
26715759,1229781X,기독교교육 논총,Journal of Christian Education in Korea,등재,인문학 > 기독교신학 > 기독교교육,1996,연4회,"한국어,영어",한국기독교교육학회,The Korean Society of Christian Religious Education,,학회
27140377,1229280x,비판사회정책,Journal of Critical Social Welfare,등재,사회과학 > 사회복지학 > 기타사회복지학,1996,연4회,"한국어,영어",비판과 대안을 위한 사회복지학회,Critical Social Welfare Academy,,학회
,12266655,세계문학비교연구,The Comparative Study of World Literature,등재,인문학 > 문학,1996,연4회,"한국어,다수언어",세계문학비교학회,The Association Of Comparative Study Of World Literature,,학회
22886281,12292214,전력전자학회 논문지,The Transactions of the Korean Institute of Power Electronics,등재,공학 > 전기공학,1996,연6회,"한국어,영어",전력전자학회,The Korean Institute Of Power Electronics,,학회
,12293741,한국산업정보학회논문지,Journal of the Korea Society Industrial Information System,등재,공학 > 공학일반,1996,연6회,"한국어,영어",한국산업정보학회,Korea Industrial Information Systems Society,,학회
,22883908,한국전자거래학회지,The Journal of Society for e-Business Studies,우수등재,공학 > 컴퓨터학,1996,연4회,"한국어,한국어",한국전자거래학회,,,학회
,12262277,한국분무공학회지,Journal of ILASS-Korea,등재,공학 > 기계공학,1996,연4회,"한국어,영어",한국분무공학회,Institute for Liquid Atomization and Spray Systems-Korea,,학회
27334732,12296600,지역과 역사,CHIYEOK KWA YEOKSA,등재,인문학 > 역사학,1996,연2회,"한국어,한국어",부경역사연구소,The Pukyung Institute for Korean History,,일반기관
22880941,19763573,대한췌담도학회지,The Korean Journal of Pancreas and Biliary Tract,등재후보,의약학 > 내과학 > 소화기내과,1996,연4회,"한국어,영어",대한췌장담도학회,Korea PancreatoBiliary Association,,학회
,12263133,한국전자파학회 논문지,The Journal Of Korean Institute of Electromagnetic Engineering and Science,등재,공학 > 전기공학,1996,연12회,"한국어,영어",한국전자파학회,,,학회
,22346767,대구경북연구,Journal of Daegu Gyeongbuk Studies,등재,사회과학 > 지역학 > 지역학일반,1996,연3회,"한국어,영어",재단법인 대구경북연구원,Daegu Gyeongbuk Development Institute,,일반기관
,19753896,감사논집,,등재,사회과학 > 행정학 > 행정학일반,1996,연2회,"한국어,한국어",감사연구원,,,학회
,17380200,중앙아시아연구,CENTRAL ASIAN STUDIES,등재,인문학 > 역사학 > 동양사 > 중앙아시아사,1996,연2회,"한국어,영어",중앙아시아학회,The Korean Association For The Central Asian Studies,,학회
,12294160,Journal of Chitin and Chitosan,Journal of Chitin and Chitosan,등재,공학 > 고분자공학,1996,연4회,"영어,한국어",한국키틴키토산학회,Journal Of Chitin And Chitosan,,학회
,12294454,서양중세사연구,Journal of Western Medieval History,등재,인문학 > 역사학,1996,연2회,"한국어,영어",한국서양중세사학회,The Korean Society For Western Medieval History,,학회
,12268119,열린유아교육연구,The Journal of Korea Open Association for Early Childhood Education,등재,사회과학 > 교육학,1996,연6회,"한국어,한국어",한국열린유아교육학회,The Korea Open Association For Early Childhood Education,,학회
23317795,12294659,International Review of Public Administration,International Review of Public Administration,등재,사회과학 > 행정학,1996,연4회,영어,한국행정학회,The Korean Association For Public Administration,,학회
25088114,15981061,남아시아연구,Journal of South Asian Studies,등재,사회과학 > 지역학,1996,연4회,"한국어,영어",인도연구소,Institute of Indian Studies,한국외국어대학교,대학부설연구소
26718308,1226444X,외국문학연구,,등재,인문학 > 문학,1996,연4회,"한국어,영어",외국문학연구소,Institute of Foreign Literature,한국외국어대학교,대학부설연구소
,12267805,경제교육연구,Korean Journal of Economic Education,등재,사회과학 > 경제학 > 경제학일반 > 경제교육,1996,연3회,"한국어,영어",한국경제교육학회,Korea Economic Education Association,,학회
27136728,17380154,국제관계연구,Journal of International Politics,등재,사회과학 > 정치외교학,1996,연2회,"한국어,영어",일민국제관계연구원,ilmin International Relations Institute,고려대학교,대학부설연구소
2005968X,12261025,Environmental Engineering Research,,등재,공학 > 환경공학,1996,연6회,"영어,영어",대한환경공학회,Korean Society Of Environmental Engineers,,학회
,12264261,Journal of Economic Research (JER),Journal of Economic Research (JER),등재,사회과학 > 경제학,1996,연3회,한국어,경제연구소,Hanyang Economic Research Institute,한양대학교,대학부설연구소
25085344,,Journal of Universal Language ,,등재,인문학 > 언어학,1996,연2회,영어,언어연구소,Language Research Institute,세종대학교,대학부설연구소
27338908,12263605,日本文化學報,Journal of Japanese Culture,등재,인문학 > 일본어와문학,1996,연4회,"한국어,일본어",한국일본문화학회,The Japanese Culture Association Of Korea (Jcak),,학회
,12262005,법학논집,,등재,사회과학 > 법학 > 기타법학,1996,연4회,한국어,법학연구소,Ewha Legal Science Institute,이화여자대학교,대학부설연구소
27140288,12259489,금융연구,Journal of Money & Finance,등재,사회과학 > 경제학,1996,연4회,"한국어,영어",한국금융학회,Korea Money And Finance Association,,학회
22871292,12262242,Annals of Pediatirc Endocrinology & Metabolism ,Annals of Pediatirc Endocrinology & Metabolism ,등재,의약학 > 소아과학,1996,연4회,"한국어,영어",대한소아내분비학회,Korean Society Of Pediatric Endocrinology,,학회
,19750145,한국 시베리아연구,Korean journal of Siberian studies,등재,사회과학 > 지역학 > 동유럽 > 러시아,1996,연4회,"한국어,러시아어",한국-시베리아센터,Korean-Siberian Center,배재대학교,대학부설연구소
26718847,12295485,인문학연구,,등재,인문학 > 기타인문학,1996,연4회,"한국어,영어",인문학연구원,Kyunghee University Institutes of Humanities,경희대학교,대학부설연구소
,19759789,일감법학,Ilkam Law Review,등재,사회과학 > 법학 > 기타법학,1996,연3회,한국어,법학연구소,The Institute of Legal Studies Konkuk University,건국대학교,대학부설연구소
24660973,12291595,Nonlinear Functional Analysis and Applications,,등재,자연과학 > 수학 > 수학일반,1996,연4회,영어,기초과학연구소,The Basic Sciences Research Institute,경남대학교,대학부설연구소
27140091,12268275,통계연구,Journal of the Korean Official Statistics,등재,사회과학 > 경제학,1996,연4회,"한국어,영어",통계청,Statistics Korea,,일반기관
,15983501,한국문학이론과 비평,Korean Literary Theory and Criticism,등재,인문학 > 한국어와문학,1996,연4회,"한국어,한국어",한국문학이론과비평학회,The Association Of Korean Literary Theory And Criticism,,학회
,17386675,교육의 이론과 실천,영: Theory and Practice of Education / 독: Theorie und Praxis der Erziehung,등재,사회과학 > 교육학 > 교육학일반 > 교육철학/사상,1996,연3회,"한국어,독일어",한독교육학회, Koreanisch-Deutsche Gesellschaft Fuer Erziehungswissenschaft,,학회
,19759150,아시아문화연구,,등재,인문학 > 기타인문학,1996,연3회,한국어,아시아문화연구소,Asian Cultural Studies Research Institute,가천대학교,대학부설연구소
24661015,17385334,한림일본학 (구 한림일본학연구),THE HALLYM JOURNAL OF JAPANESE STUDIES ,등재,인문학 > 일본어와문학 > 일본문학 > 일본문화학,1996,연2회,"한국어,일본어",일본학연구소,Institute of Japanese Studies,한림대학교,대학부설연구소
22881638,12294713,한국가족복지학,Korean Journal of Family Welfare,등재,자연과학 > 생활과학 > 가족학 > 가족복지및정책,1996,연4회,"한국어,영어",한국아동가족복지학회,Korea Child & Family Welfare Association,,학회
19763816,12268372,Biotechnology and Bioprocess Engineering,,등재,공학 > 생물공학,1996,연6회,"영어,한국어",한국생물공학회,The Korean Society For Biotechnology And Bioengineering,,학회
,26355590,통일교육연구,Korean Journal of Reunification Education,등재후보,사회과학 > 교육학,1996,연2회,"한국어,영어",한국통일교육학회,Association for the Reunificational Education of Korea,,학회
25864777,22339205,한국디자인포럼,Journal of Korea Design Forum,등재,예술체육학 > 디자인,1996,연4회,"한국어,영어",한국디자인트렌드학회,Korea Society of Design Trend,,학회
26716313,15983439,대순사상논총,Journal of the Daesoon Academy of Sciences,등재,인문학 > 종교학 > 한국자생종교,1996,연2회,"한국어,영어",대순사상학술원,The Daesoon Academy of Sciences,대진대학교,대학부설연구소
,12293318,주관성 연구,Journal of Korean Society for the Scientific Study of Subjectivity,등재,사회과학 > 기타사회과학,1996,연4회,"한국어,영어",한국주관성연구학회,Korean Society For The Scientific Study Of Subjectivity,,학회
,12264571,중국사연구,CHUNGGUKSA YONGU; The Journal of Chinese Historical Rsearches,등재,인문학 > 역사학 > 동양사,1996,연6회,"한국어,중국어",중국사학회,,,학회
,12293601,The Korean Journal of Security Affairs,The Korean Journal of Security  Affairs,등재,사회과학 > 정치외교학 > 국제정치 > 외교/안보/통일,1996,연2회,"한국어,영어",국가안전보장문제연구소,Research Institute for National Security Affairs,국방대학교,대학부설연구소
27137376,20925239,국제학논총,JOURNAL OF INTERNATIONAL SYUDIES,등재후보,사회과학 > 지역학 > 지역학일반,1996,연2회,다수언어,국제학연구소,The Keimyung Institute for International Studies,계명대학교,대학부설연구소
25867156,12298514,한국스포츠산업경영학회지,,등재,예술체육학 > 체육,1996,연6회,"한국어,영어",한국스포츠산업경영학회,Korean Society For Sport Management,,학회
,12269026,한국항행학회논문지,The Journal of Korea Navigation Institute,등재,공학 > 항공우주공학,1997,연6회,"한국어,한국어",한국항행학회,,,학회
23840250,23840242,Childhood Kidney Diseases,Childhood Kidney diseases,등재후보,의약학 > 소아과학,1997,연2회,"한국어,영어",대한소아신장학회,The Korean Society Of Pediatric Nephrology,,학회
,12265578,한국시가연구,Korean Classical Poetry Studies,등재,인문학 > 한국어와문학,1997,연3회,"한국어,한국어",한국시가학회,Korean Classical Poetry Association,,학회
22341099,1226525X,한국지진공학회논문집,Jorunal of the Earthquake Engineering Society of Korea,등재,공학 > 토목공학,1997,연6회,"한국어,영어",한국지진공학회,,,학회
27338584,12269573,지방정부연구,The Korean Journal of Local Government Studies,등재,사회과학 > 행정학,1997,연4회,"한국어,영어",한국지방정부학회,,,학회
,12295809,유아교육학논집,Early Childhood Education Research & Review,등재,사회과학 > 교육학,1997,연6회,"한국어,영어",한국영유아교원교육학회,The Korean Society for Early Childhood Teacher Education,,학회
,15984869,국제경영리뷰,,등재,사회과학 > 경영학,1997,연4회,"한국어,영어",한국국제경영관리학회,Korean Academy Of International Business Management,,학회
,12266027,한국추진공학회지,Journal of the Korean Society of Propulsion Engineers,등재,공학 > 항공우주공학,1997,연6회,"한국어,영어",한국추진공학회,The Korean Society of Propulsion Engineers,,학회
,15985911,정보법학,Journal of Korea Infomation Law,등재,사회과학 > 법학,1997,연3회,"한국어,한국어",한국정보법학회,Korea Association For Info-Media Law(Kafil),,학회
27140318,17383447,선교신학,Theology of Mission,등재,인문학 > 기독교신학,1997,연4회,"한국어,영어",한국선교신학회,The Korean Society of Mission Studies,,학회
20585859,20585778,Annals of Hepato-Biliary-Pancreatic Surgery,Annals of Hepato-Biliary-Pancreatic Surgery,등재후보,의약학 > 일반외과학 > 소화기외과,1997,연4회,영어,한국간담췌외과학회,Korean association of hepato-biliary-pancreatic surgery,,학회
,19756852,문물연구,Journal of Cultural Relics,등재후보,인문학 > 역사학,1997,연2회,"한국어,영어",동아시아문물연구소,The Research Institute of Cultural Relics in East Asia,,일반기관
23841710,23841621,Journal of Audiology & Otology,,등재,의약학 > 이비인후과학 > 이과학,1997,연4회,영어,대한청각학회,Korean Audiological Society,,학회
2288243X,12267244,전기전자학회논문지,Journal of IKEEE,등재,공학 > 전자/정보통신공학,1997,연4회,"한국어,영어",한국전기전자학회,Institute of Korean Electrical and Electronics Engineers,,학회
27340171,12267198,한국어 의미학,Korean Semantics,등재,인문학 > 한국어와문학,1997,연4회,"한국어,영어",한국어의미학회,The Society Of Korean Semantics,,학회
,12266035,중독정신의학,Journal of Korean Academy of Addiction Psychiatry,등재,의약학 > 정신과학,1997,연2회,"한국어,영어",한국중독정신의학회,Korean Academy of Addiction Psychiatry,,학회
,17381290,지역과 커뮤니케이션,Locality & Communication,등재,사회과학 > 신문방송학 > 신문방송학일반 > 인터넷신문/방송,1997,연4회,"한국어,영어",부산울산경남언론학회,,,학회
27340309,12297917,신학과 실천,Theology and Praxis,등재,인문학 > 기독교신학,1997,연5회,"한국어,다수언어",한국실천신학회,The Korean Society for Practical Theology,,학회
22888551,17383757,대한족부족관절학회지,journal of korean foot and ankle society,등재,의약학 > 정형외과학 > 족부,1997,연4회,"한국어,영어",대한족부족관절학회,korean foot and ankle society,,학회
26355914,12293229,한국초등수학교육학회지,Journal of Elementary Mathematics Education in Korea,등재,사회과학 > 교육학,1997,연4회,"한국어,영어",한국초등수학교육학회,The Korea Society of Elementary Mathematics Education,,학회
27340120,12290882,아랍어와 아랍문학,Arabic Language&Literature,등재,인문학 > 기타동양어문학,1997,연3회,"한국어,아랍어",한국아랍어아랍문학회,Korean Association Of Arabic Language & Literature,,학회
,1976944X,창의력교육연구,The Journal of Creativity Education,등재,사회과학 > 교육학 > 교육심리학,1997,연4회,"한국어,영어",한국창의력교육학회,Korean Society for Creativity Education,,학회
12263826,12263826,신경치료,Journal of Korea Society for Neurotherapy,등재,의약학 > 재활의학 > 신경/근골격재활 > 중추신경계재활,1997,연3회,"한국어,영어",대한신경치료학회,Korean Society for Neurotherapy,,학회
27139514,12267872,한국풍공학회지,Journal of the Wind Engineering Institute of Korea,등재,공학 > 토목공학 > 동력학 > 풍공학,1997,연4회,"한국어,영어",한국풍공학회,,,학회
,15982076,국문학연구,Journal of Korean Literature,등재,인문학 > 한국어와문학,1997,연2회,"한국어,한국어",국문학회,The Society Of Korean Literature,,학회
,12291633,보건과 사회과학,Health and Social Science,등재,사회과학 > 사회학,1997,연3회,"한국어,영어",한국보건사회학회,Korean Association  of Health and Medical Sociology,,학회
27334643,12291161,북한연구학회보,NORTH KOREAN STUDIES REVIEW,등재,사회과학 > 정치외교학,1997,연2회,"한국어,한국어",북한연구학회,The Korean Association Of North Korean Studies,,학회
22884165,22344772,한국정보통신학회논문지,Journal of the Korea Institute Of Information and Communication Engineering ,등재,공학 > 전자/정보통신공학,1997,연12회,"한국어,영어",한국정보통신학회,The Korea Institute of Information and Communication Engineering,,학회
,1229828X,Journal of Korea Trade,Journal of Korea Trade,등재,사회과학 > 무역학,1997,연4회,"영어,한국어",한국무역학회,Korea Trade Research Association,,학회
23841109,23841095,Investigative Magnetic Resonance Imaging,Investigative Magnetic Resonance Imaging,등재후보,의약학 > 방사선과학,1997,연4회,한국어,대한자기공명의과학회,Korean Society Of Magnetic Resonance In Medicine,,학회
27338428,12293245,정보교육학회논문지,JOURNAL OF The Korean Association of information Education,등재,사회과학 > 교육학 > 교과교육학 > 컴퓨터교육학,1997,연6회,"한국어,영어",한국정보교육학회,Korean Association Of Information Education,,학회
24658200,12297577,재활복지,Journal of Rehabilitation Research,등재,사회과학 > 사회과학일반,1997,연4회,"한국어,영어",한국장애인재활협회 부설 재활연구소  ,Rehabilitation Research Institute affiliated with RI Korea,,학회
,12295477,대한스포츠융합학회지,Journal of Converging Sport and Exercise Sciences,등재후보,예술체육학 > 체육 > 기타체육,1997,연2회,한국어,대한체육학회,Korean Society of Sport and Exercise Sciences,,학회
,17381606,한국응급구조학회지,The Korean Journal of Emergency Medical Services,등재,의약학 > 응급의학 > 구급의학 > 전문인명구조학,1997,연3회,"한국어,영어",사단법인 한국응급구조학회,The Korean Society of Emergency Medical Services,,학회
,22884289,발달장애연구,The Journal of the Korean Association on Developmental Disabilities,등재,사회과학 > 교육학 > 분야교육 > 특수교육,1997,연4회,"한국어,영어",한국발달장애학회,The Korean Association On Developmental Disabilities,,학회
,12291412,조형디자인연구,The Journal of the Korea Society of Art&Design,등재,예술체육학 > 미술 > 응용미술 > 공예,1997,연4회,"한국어,영어",사단법인 한국조형디자인협회,The Korea Association of Art&Design,,학회
,12292869,홍보학연구,Journal of Public Relations,등재,사회과학 > 신문방송학,1997,연6회,"한국어,영어",한국PR학회,Korean Academic Society For Public Relations,,학회
,12267627,한국문예비평연구,,등재,인문학 > 한국어와문학,1997,연4회,"한국어,한국어",한국현대문예비평학회,The Society Of Korean Modern Literrary Criticism,,학회
22879927,12266914,초등수학교육,Education of Primary School Mathematics,등재,사회과학 > 교육학 > 교과교육학 > 수학교육학,1997,연4회,한국어,한국수학교육학회,,,학회
22881247,12264768,산업식품공학,Food Engineering Progress,등재,농수해양학 > 식품과학,1997,연4회,"한국어,영어",한국산업식품공학회,Korean Society for Food Engineering,,학회
,1229697X,프랑스 문화 연구,ASSOCIATION CULTURELLE FRANC0-COREENNE,등재,인문학 > 프랑스어와문학 > 프랑스어학 > 프랑스문화학,1997,연4회,"한국어,프랑스어",한국프랑스문화학회,Association Culturelle Franco-Coreenne,,학회
,12267430,언어와 정보,LANGUAGE AND INFORMATION,등재,인문학 > 언어학,1997,연3회,"한국어,영어",한국언어정보학회,,,학회
,15982459,경영과 정보연구,Management & Information Systems Review,등재,사회과학 > 경영학,1997,연4회,"한국어,영어",대한경영정보학회,Daehan Academy Of Management Information Systems,,학회
,17387051,중국법연구,Chinese Law Review,등재,사회과학 > 법학 > 법학일반 > 비교법학,1997,연4회,"한국어,중국어",한중법학회,The Korea-China Society of Law,,학회
23838442,12261769,Journal of Genetic Medicine,Journal of Genetic Medicine,등재,의약학 > 의학일반,1997,연2회,한국어,대한의학유전학회,The Korean Society of Medical Genetics and Genomics ,,학회
,12266329,노인정신의학,Journal of Korean Geriatirc Psychiatry,등재,의약학 > 정신과학 > 정신행동과학 > 노인정신의학,1997,연2회,한국어,대한노인정신의학회,Korean Association For Geriatric Psychiatry,,학회
20933827,12264512,The Korean Journal of Physiology & Pharmacology,The Korean Journal of Physiology & Pharmacology,등재,의약학 > 약리학,1997,연6회,한국어,대한약리학회,The Korean Society Of Pharmacology,,학회
,1226654X,질서경제저널,Ordo Economics Journal,등재,사회과학 > 경제학 > 기타경제학,1997,연4회,"한국어,영어",한국질서경제학회,Korea Ordo Economics Association,,학회
,12266531,Journal of the Korean Magnetic Resonance Society,Journal of the Korean Magnetic Resonance Society,등재,자연과학 > 화학,1997,연4회,영어,한국자기공명학회,Korean Magnetic Resonance Society,,학회
,12264997,Korea Business Review,Korea Business Review,등재,사회과학 > 경영학 > 경영학일반 > 경영교육,1997,연4회,"한국어,한국어",한국경영학회,Korean Academic Society Of Business Administration,,학회
,12298107,멀티미디어 언어교육,Multimedia-Assisted Language Learning,등재,인문학 > 영어와문학,1997,연4회,"한국어,영어",한국멀티미디어언어교육학회,Korea Association of Multimedia-Assisted Language Learning,,학회
,12269433,Journal of the Korean Society for Industrial and Applied Mathematics,Journal of the Korean Society for Industrial and Applied Mathematics,우수등재,자연과학 > 수학,1997,연4회,"한국어,한국어",한국산업응용수학회,The Korean Society for Industrial and Applied Mathematics,,학회
27138437,27138429,동력시스템공학회지,Journal of Power System Engineering,등재,공학 > 기타공학,1997,연6회,"한국어,한국어",한국동력기계공학회,The Korean Society For Power System Engineering,,학회
,15987256,한국기독교와 역사,Christianity and History in Korea,등재,인문학 > 기독교신학 > 교회사,1997,연2회,"한국어,영어",한국기독교역사학회,The Society of the History of Christianity in Korea,,학회
,1738155X,연극교육연구,Journal of Korean Theatre Education,등재,예술체육학 > 연극 > 연극일반 > 연극교육,1997,연2회,"한국어,한국어",한국연극교육학회,Korean Theatre Education Association,,학회
22336834,,Physical Activity and Nutrition,Physical Activity and Nutrition,등재,예술체육학 > 체육 > 운동영양학,1997,연4회,"영어,영어",한국운동영양학회,Korean Society For Exercise Nutrition,,학회
,12295957,양명학,YANG-MING STUDIES,등재,인문학 > 철학,1997,연4회,"한국어,중국어",한국양명학회,The Korean Society Of Yang-Ming Studies,,학회
,12265519,한국산림휴양학회지,The Journal of Korean institute of Forest Recreation,등재,농수해양학 > 임학 > 산림생태/휴양,1997,연4회,"한국어,영어",한국산림휴양복지학회,Korean Institute of Forest Recreation and Welfare,,학회
27136922,12268402,한국가스학회지,Journal of The Korean Institute of Gas,등재,공학 > 자원공학,1997,연6회,"한국어,영어",한국가스학회,,,학회
2384440X,12264652,한국모자보건학회지,JOURNAL OF THE KOREAN SOCIETY OF MATERNAL AND CHILD HEALTH,등재,의약학 > 예방의학,1997,연4회,"한국어,한국어",한국모자보건학회,The Korean Society Of Maternal And Child Health,,학회
,1738009X,만화애니메이션연구,Cartoon & Animation Studies,등재,예술체육학 > 예술일반,1997,연4회,"한국어,영어",한국만화애니메이션학회,Korean Society of Cartoon and Animation Studies,,학회
22346856,20936966,Journal of Pharmacopuncture,Journal of Pharmacopuncture,등재,의약학 > 한의학,1997,연4회,영어,대한약침학회,Korean Pharmacopuncture Institute,,학회
,15989801,민사법의 이론과 실무,,등재,사회과학 > 법학 > 사법 > 민법,1997,연3회,"한국어,한국어",민사법의 이론과 실무학회,The Association of Theory and Practice of  Private Law,,학회
,19768745,산업디자인학연구,JOURNAL OF INDUSTRIAL DESIGN STUDIES,등재,예술체육학 > 디자인 > 산업디자인 > 제품/제품정보디자인,1997,연4회,"한국어,영어",한국인더스트리얼디자인학회,,,학회
,12292249,영미문학교육,The Journal of Teaching English Literature,등재,인문학 > 영어와문학,1997,연3회,"한국어,영어",한국영미문학교육학회,The Korean Society For Teaching English Literature,,학회
,12299294,홀리스틱융합교육연구,Journal of Holistic Convergence Education,등재,사회과학 > 교육학 > 교육학일반 > 교육철학/사상,1997,연4회,"한국어,한국어",한국홀리스틱융합교육학회,The Korean Society for Holistic Convergence Education ,,학회
,12265713,아동과 권리,Journal of Korean Council for Children & Rights,등재,사회과학 > 교육학,1997,연4회,"한국어,영어",한국아동권리학회,Korean Council For Children'S  Rights,,학회
22876979,22346937,한국구조물진단유지관리공학회 논문집,Journal of The Korea Institute for Structural Maintenance and Inspection,등재,공학 > 안전공학,1997,연6회,"한국어,영어",한국구조물진단유지관리공학회,The Korea Institute For Structural Maintenance and Inspection,,학회
27139360,12267066,대한예방한의학회지,Society of Preventive Korean Medicine,등재,의약학 > 한의학,1997,연3회,"한국어,영어",대한예방한의학회,Society of Preventive Korean Medicine,,학회
,12267597,한국부패학회보,Korean Corruption Studies Review,등재,사회과학 > 행정학,1997,연4회,"한국어,영어",한국부패학회,Korean Association For Corruption Studies,,학회
,12291099,한국개혁신학,Korea Reformed Theology,등재,인문학 > 기독교신학 > 기타기독교신학,1997,연4회,"한국어,영어",한국개혁신학회,Korea Reformed Theology Society,,학회
,17388295,현대미술학 논문집,Journal of Contemporary Art Studies,등재,예술체육학 > 예술일반,1997,연2회,"한국어,한국어",현대미술학회,Society Of Contemporary Art Science,,학회
2733970X,12268437,전략경영연구,Journal of Strategic Management,등재,사회과학 > 경영학,1997,연3회,"한국어,영어",한국전략경영학회,Korean Strategic Management Society,,학회
27339785,15985016,컴퓨터교육학회 논문지,The Journal of Korean Association of Computer Education,등재,사회과학 > 교육학,1997,연6회,"한국어,영어",한국컴퓨터교육학회,The Korean Association Of Computer Education,,학회
24659541,24659525,발생과 생식,DEVELOPMENT & REPRODUCTION,등재,자연과학 > 생물학,1997,연4회,"한국어,영어",한국발생생물학회,The Korea Society Of Developmental Biology,,학회
,15986497,한국디자인문화학회지,Journal of the Korean Society of Design Culture,등재,예술체육학 > 디자인,1997,연4회,"한국어,영어",한국디자인문화학회,The Korean Society Of Design Culture,,학회
27137619,15986403,한국가족복지학,Korean Journal of Family Social Work,등재,사회과학 > 사회복지학,1997,연4회,"한국어,한국어",한국가족사회복지학회,THE KOREAN ACADEMY OF FAMILY SOCIAL WORK,,학회
,12267678,놀이치료연구,THE JOURNAL OF PLAY THERAPY,등재,사회과학 > 심리과학 > 상담심리/심리치료,1997,연3회,"한국어,한국어",한국아동심리재활학회,,,학회
22881867,12293350,패션 비즈니스,Journal of Fashion Business,등재,자연과학 > 생활과학,1997,연6회,"한국어,영어",한국패션비즈니스학회,,,학회
23839155,12266302,경북간호과학지,Journal of Kyungpook Nursing Science,등재후보,의약학 > 간호학,1997,연2회,"한국어,영어",간호과학연구소,"The Institute of Nursing Science, Kyungpook National University",경북대학교,대학부설연구소
,22884599,외국학연구,The Journal of Foreign Studies,등재,인문학 > 기타인문학,1997,연4회,"한국어,영어",외국학연구소,FOREIGN STUDIES INSTITUTE,중앙대학교,대학부설연구소
26718448,12264938,동서간호학연구지,Journal of East-West Nursing Reseach,등재,의약학 > 간호학 > 기타간호학,1997,연2회,"한국어,영어",동서간호학연구소,"East-West Nursing Research Institute, Kyung Hee University",경희대학교,대학부설연구소
21512485,19768354,Animal Cells and Systems,Animal Cells and Systems,등재,자연과학 > 생물학,1997,연6회,"영어,영어",한국통합생물학회,The Korean Society for Integrative Biology,,학회
15987477,12264806,Geosciences Journal,Geosciences Journal,등재,자연과학 > 지질학,1997,연6회,영어,한국지질과학협의회,The Korea Association Of  Geoscience Societies,,학회
,15988554,통일연구,KOREAN UNIFICATION STUDIES,등재,사회과학 > 정치외교학 > 한국정치 > 북한정치/통일,1997,연2회,"한국어,영어",통일연구원,YONSEI INSTITUTE FOR NORTH KOREAN STUDIES,연세대학교,대학부설연구소
20936931,1598186X,International Neurourology Journal,International Neurourology Journal,등재,의약학 > 비뇨기과학 > 신경비뇨기과학,1997,연4회,"영어,영어",대한배뇨장애요실금학회,Korean Continence Society,,학회
24658448,1598737X,日本學硏究,The Journal of Japanese Studies,등재,인문학 > 일본어와문학,1997,연3회,"한국어,일본어",일본연구소,The Center for Japanese Studies,단국대학교,대학부설연구소
27139662,17380391,한국가족자원경영학회지,Journal of Family Resource Management,등재,복합학 > 학제간연구,1997,연4회,"한국어,영어",한국가족자원경영학회,,,학회
21616779,12265934,도시과학국제저널,International Journal of Urban Sciences,등재,복합학 > 학제간연구,1997,연4회,영어,도시과학연구원,Institute of Urban Sciences,서울시립대학교,대학부설연구소
,12265810,국제지역연구,Journal of International Area Studies,등재,사회과학 > 지역학,1997,연4회,"한국어,영어",국제지역연구센터,Center for International Area Studies,한국외국어대학교,대학부설연구소
,12266000,국제지역연구,International Area Studies Review,등재,사회과학 > 경제학,1997,연4회,"한국어,영어",국제지역학회,,,학회
27139093,1226847X,연세의사학,Yonsei Journal of Medical History,등재,인문학 > 역사학 > 기타역사학,1997,연2회,"한국어,영어",의학사연구소,Institute for History of Medicine,연세대학교,대학부설연구소
,17383056,행정법연구,Administrative Law Journal,등재,사회과학 > 법학,1997,연4회,"한국어,한국어",행정법이론실무학회,Korea Administrative Law And Practice Association(약칭 KALPA),,학회
26718324,19753217,교과교육학연구,Journal of Research in Curriculum Instruction,등재,사회과학 > 교육학 > 교과교육학,1997,연6회,"한국어,영어",교과교육연구소,Research Institute of Curriculum & Instruction,이화여자대학교,대학부설연구소
25084909,25084798,Annals of geriatric medicine and research,Annals of geriatric medicine and research,등재,의약학 > 가정의학 > 기타가정의학,1997,연4회,"영어,영어",대한노인병학회,The korean geriatrics society,,학회
25862480,12265926,성경원문연구,Journal of Biblical Text Research,등재,인문학 > 기독교신학,1997,연2회,"한국어,영어",(재)대한성서공회 성경원문연구소,The Institute for Biblical Text Research of the Korean Bible Society ,,일반기관
,2092528X,관광경영연구,Journal of Tourism Management Research,등재,사회과학 > 관광학 > 관광사업/레져사업,1997,연7회,"한국어,영어",관광경영학회,Tourism Management Research Organization,,학회
27138194,1229487X,문학교육학,,등재,인문학 > 한국어와문학,1997,연4회,"한국어,한국어",한국문학교육학회,The Korean Society Of Literary Education,,학회
25084259,19758251,언어학 연구,Studies in Linguistics,등재,인문학 > 언어학 > 기타언어학,1997,연4회,"한국어,영어",한국중원언어학회,The Joongwon Linguistic Society of Korea,,학회
27140644,26714299,시큐리티연구,Korean Security Journal,등재,사회과학 > 행정학 > 기타행정학,1997,연4회,"한국어,한국어",한국경호경비학회,Korean Security Science Association,,학회
,12290378,지명학,Journal of the Place Name Society of Korea,등재,인문학 > 한국어와문학,1997,연2회,"한국어,영어",한국지명학회,place name socity of korea,,학회
,12268240,Asian International Studies Review,,등재,사회과학 > 사회과학일반,1997,연2회,한국어,국제지역연구소,Institute for International and Area Studies,이화여자대학교,대학부설연구소
27138488,15985733,사이버커뮤니케이션학보,Journal of Cybercommunication Academic Society,등재,사회과학 > 사회과학일반,1997,연4회,"한국어,영어",사이버커뮤니케이션학회,Cybercommunication Academic Society,,학회
25081667,25081640,East Asian Economic Review,East Asian Economic Review,등재,사회과학 > 경제학,1997,연4회,영어,대외경제정책연구원,Korea Institute for International Economic Policy (KIEP),,일반기관
27136515,12298484,교육과학연구,,등재,사회과학 > 교육학,1997,연4회,한국어,교육과학연구소,"Educational Research Institute, College of Edcation, Ewha Womans University",이화여자대학교,대학부설연구소
27138372,19756321,통번역학연구,Interpreting and Translation Studies,등재,인문학 > 통역번역학,1997,연4회,"한국어,영어",통번역연구소,Interpreting and Translation Research Institute,한국외국어대학교,대학부설연구소
27135357,1598964X,한국비교정부학보,Korean Comparative Government Review,등재,사회과학 > 행정학,1997,연4회,"한국어,영어",한국비교정부학회,The Korean Association For Comparative Government,,학회
,12267031,International Area Studies Review,,등재,사회과학 > 지역학,1997,연4회,영어,국제지역연구센터,Center for International Area Studies,한국외국어대학교,대학부설연구소
27136329,12268135,영국연구,The Korean Journal of British Studies,등재,인문학 > 역사학,1997,연2회,"한국어,한국어",영국사학회,,,학회
27136345,12268100,중국어문논역총간,中國語文論譯叢刊,등재,인문학 > 중국어와문학,1997,연2회,"한국어,중국어",중국어문논역학회,"The Association Of Chinese Language, Literature And Translation In Korea",,학회
,12297690,이화음악논집,journal of Ewha Music Research Institute,등재,예술체육학 > 음악학 > 기타음악학,1997,연4회,"한국어,영어",음악연구소,Ewha Music Research Institute,이화여자대학교,대학부설연구소
19763808,12267988,KSCE Journal of Civil Engineering,KSCE Journal of Civil Engineering,등재,공학 > 토목공학,1997,연12회,영어,대한토목학회,,,학회
,17380189,북한법연구,STUDIES ON NORTH KOREAN LAW,등재후보,사회과학 > 법학 > 분야별법 > 통일관계법,1997,연2회,"한국어,한국어",통일과북한법학회,Korea Society of Unification & North Korean Law Studies,,학회
,19758987,사회과학연구논총 ,Ewha Journal of Social Sciences,등재,사회과학 > 사회과학일반,1997,연2회,"한국어,영어",이화사회과학원,Ewha Institute of Social Sciences(EISS),이화여자대학교,대학부설연구소
20557124,12264601,생체재료학회지,Biomaterials Research,등재,공학 > 의공학,1997,연4회,"영어,영어",한국생체재료학회,The Korean Society For Biomaterials,,학회
22345248,2234778X,Journal of Minimally Invasive Surgery,Journal of Minimally Invasive Surgery,등재후보,의약학 > 일반외과학 > 소화기외과 > 복강경,1998,연4회,영어,대한내시경복강경외과학회,Korean Society of Endoscopic & Laparoscopic Surgeons,,학회
2288081X,22880089,한국해양환경에너지학회지,,우수등재,농수해양학 > 수산학 > 기타수산학,1998,연4회,"한국어,영어",한국해양환경·에너지학회,The Korean Society for Marine Environment & Energy,,학회
,12292796,민족연구,Minjok Yeonku,등재,사회과학 > 기타사회과학,1998,연2회,"한국어,중국어",사단법인 한국민족연구원,Korea Research Center of Ethnology,,일반기관
,1598396X,기업교육과인재연구,Journal of Corporate Education and Talent Research,등재,사회과학 > 교육학,1998,연4회,"한국어,영어",한국기업교육학회,Korean society for learning and performance,,학회
2383613x,12268593,감성과학,Science of Emotion & Sensibility,등재,복합학 > 감성과학,1998,연4회,"한국어,영어",한국감성과학회,The Korean Society For Emotion & Sensibility,,학회
,12293911,교육인류학연구,The Journal of Anthropology of Education,등재,사회과학 > 교육학,1998,연4회,"한국어,영어",한국교육인류학회,The Korean Society For The Study Of Anthropology Of Education,,학회
,15983269,19세기 영어권 문학,Nineteenth Century Literature in English,등재,인문학 > 영어와문학,1998,연2회,"한국어,영어",19세기영어권문학회,The Korean Society Of Nineteenth Century Literature In English,,학회
,12293075,Andragogy Today: Interdisciplinary Journal of Adult & Continuing Education (IJACE),Andragogy Today: Interdisciplinary Journal of Adult & Continuing Education (IJACE),등재,사회과학 > 교육학 > 분야교육,1998,연4회,"한국어,영어",한국성인교육학회,The Adult & Continuing Education Of Korea,,학회
2671728X,12291544,교육과정평가연구,The Journal of Curriculum and Evaluation,등재,사회과학 > 교육학,1998,연4회,"한국어,영어",한국교육과정평가원,Korea Institute for Curriculum and Evaluation,,일반기관
24658286,,한국경제연구,Journal of Korean Economy Studies,등재,사회과학 > 경제학,1998,연4회,"한국어,한국어",한국경제연구학회,Association Of Korean Economic Studies,,학회
,12299286,지방사와 지방문화,Journal of Local History and Culture,등재,인문학 > 역사학,1998,연2회,"한국어,한국어",역사문화학회,Korean Society For Local History And Culture,,학회
27340600,12291838,외식경영연구,Journal of Foodservice Management,등재,사회과학 > 관광학,1998,연6회,"한국어,영어",한국외식경영학회,The Foodservice Management Society Of Korea,,학회
25862359,12290734,대한구순구개열학회지,Korean Journal of cleft lip and palate,등재후보,의약학 > 성형외과학 > 두개악안면성형외과 > 구순열/구개파열,1998,연2회,"한국어,영어",대한구순구개열학회,Korean Cleft Lip and Palate Association,,학회
,12290750,대동철학,Journal of the Daedong Philosophical Association,등재,인문학 > 철학,1998,연4회,"한국어,한국어",대동철학회,The Daedong Philosophical Association,,학회
27134350,12290890,한국학교수학회논문집,Journal of the Korean School Mathematics,등재,사회과학 > 교육학,1998,연4회,"한국어,영어",한국학교수학회,The Korean School Mathematics Society,,학회
,12268445,법철학연구,Korean Journal of Legal Philosophy,등재,사회과학 > 법학,1998,연3회,"한국어,영어",한국법철학회,Korean Association Of Legal Philosophy,,학회
,12266116,"Wind and Structures, An International Journal","Wind and Structures, An International Journal",등재,공학 > 토목공학,1998,연6회,"영어,영어",한국풍공학회,,,학회
,12267686,민사소송,CIVIL PROCEDURE,등재,사회과학 > 법학,1998,연3회,"한국어,한국어",한국민사소송법학회,Korean Association Of The Law Of Civil Procedure,,학회
2671938X,13458353,Journal of Pan-Pacific Association of Applied Linguistics,Journal of Pan-Pacific Association of Applied Linguistics,등재,인문학 > 언어학,1998,연2회,영어,범태평양 응용언어학회,Pan-Pacific association of Applied Linguistics,,학회
,15987493,논리연구,Korean Journal of Logic,등재,인문학 > 철학,1998,연3회,"한국어,영어",한국논리학회,Korean Association For Logic,,학회
26721139,26720175,환경분석과 독성보건,"JOURNAL OF ENVIRONMENTAL ANALYSIS, HEALTH AND TOXICOLOGY",등재,자연과학 > 화학 > 분석화학 > 환경분석화학,1998,연4회,"한국어,영어",한국환경분석학회,The Korean Society For Environmental Analysis,,학회
26719436,26719398,국제정치연구,THE JOURNAL OF INTERNATIONAL RELATIONS,등재,사회과학 > 정치외교학,1998,연4회,"한국어,영어",동아시아국제정치학회,The East Asian Association Of International Studies (Eaais),,학회
,1226900X,무용예술학연구,The Korean Journal of Dance Studies,등재,예술체육학 > 무용,1998,연4회,"한국어,영어",한국무용예술학회,The Korean Society for Dance Studies,,학회
27139115,12268968,한국경제지리학회지,Journal of the Economic Geographical Society of Korea,등재,사회과학 > 지리학,1998,연4회,"한국어,영어",한국경제지리학회,The Economic Geographical Society Of Korea,,학회
,12295973,가족과 문화,Family and Culture,등재,사회과학 > 사회과학일반,1998,연4회,"한국어,한국어",한국가족학회,The Korean Family Studies Association,,학회
,12292745,동서비교문학저널,The Journal of East-West Comparative Literature,등재,인문학 > 문학,1998,연4회,"한국어,영어",한국동서비교문학학회,The Korean Society Of East-West Comparative Literature,,학회
,12298255,정치·정보연구,THE JOURNAL OF POLITICAL SCIENCE & COMMUNICATION,등재,사회과학 > 정치외교학,1998,연3회,"한국어,한국어",한국정치정보학회,THE ASSOCIATION OF KOREAN POLITICAL SCIENCE AND COMMUNICATION,,학회
27335011,12293032,한국환경복원기술학회지,Journal of the Korea Society of Environmental Restoration Technology,등재,농수해양학 > 임학,1998,연6회,"한국어,영어",한국환경복원기술학회,The Korea Society of Environmental Restoration Technology,,학회
22876189,12291285,한국호스피스완화의료학회지,The Korean Journal of Hospice and Palliative Care,등재,의약학 > 방사선과학,1998,연4회,"한국어,영어",한국호스피스완화의료학회,Korean Society For Hospice And Palliative Care,,학회
27340201,15983757,한국언론정보학보,Korean Journal of Communication & Information,등재,사회과학 > 신문방송학,1998,연6회,"한국어,영어",한국언론정보학회,,,학회
,12269492,한국도시지리학회지,Journal of the Korean Urban Geographical Society,등재,사회과학 > 지리학,1998,연3회,"한국어,영어",한국도시지리학회,,,학회
20058276,19759479,Journal of Crop Science and Biotechnology,Journal of Crop Science and Biotechnology,등재,농수해양학 > 농학,1998,연5회,"영어,영어",한국작물학회,Korean Society Of Crop Science,,학회
27339351,12290076,The Review of Korean Studies,The Review of Korean Studies,등재,인문학 > 한국어와문학,1998,연2회,"영어,영어",한국학중앙연구원,The Academy of Korean Studies,한국학중앙연구원,대학부설연구소
22348840,22348646,"Pediatric Gastroenterology, Hepatology & Nutrition","Pediatric Gastroenterology, Hepatology & Nutrition",등재,의약학 > 소아과학,1998,연6회,영어,대한소아소화기영양학회,"The Korean Society of Pediatric Gastroenterology, Hepatology and Nutrition",,학회
,1975521X,漢文古典硏究,Journal of Korean Classical Chinese Literature,등재,인문학 > 한국어와문학,1998,연2회,"한국어,한국어",한국한문고전학회,The Classical Chinese Literature Association of Korea,,학회
22889000,12291935,전기화학회지,Journal of the Korean Electrochemical So,등재,자연과학 > 화학,1998,연4회,"한국어,영어",한국전기화학회,The Korean Electrochemical Society,,학회
,12269344,대한 견주관절 학회지,Clinics in Shoulder and Elbow,등재,의약학 > 정형외과학,1998,연4회,영어,대한견주관절학회,Korean Shoulder And Elbow Society,,학회
,12297771,멀티미디어학회논문지,JOURNAL OF KOREA MULTIMEDIA SOCIETY,등재,공학 > 전자/정보통신공학,1998,연12회,"한국어,영어",한국멀티미디어학회,,,학회
,12290386,소비문화연구,Journal of Consumption Culture,등재,사회과학 > 사회과학일반 > 기타사회과학일반,1998,연4회,"한국어,한국어",한국소비문화학회,,,학회
,12291846,정토학연구(淨土學硏究),Journal of The Pure Land Buddhism Studies,등재,인문학 > 불교학 > 정토학,1998,연2회,"한국어,영어",한국정토학회,The Korean Society Of Pure Land Buddhism,,학회
,1598754X,과학철학,KOREAN JOURNAL FOR THE PHILOSOPHY OF SCIENCE,등재,인문학 > 철학,1998,연3회,"한국어,영어",한국과학철학회,The Korean Society For The Philosophy Of Science,,학회
23840145,23840137,유통경영학회지,Journal of Distribution and Management Research,등재,사회과학 > 무역학,1998,연6회,"한국어,영어",한국유통경영학회,Korea Research Academy of Distribution and Management,,학회
26718123,15981649,노인복지연구,Korean Journal of Gerontological Social Welfare,등재,사회과학 > 사회복지학,1998,연4회,"한국어,한국어",한국노인복지학회 ,Korean Society of Gerontological Social Welfare,,학회
,1229134X,한국지역정보화학회지,JOURNAL OF KOREAN ASSOCIATION FOR REGIONAL INFORMATION SOCIETY,등재,사회과학 > 사회과학일반 > 사회과학정보,1998,연4회,"한국어,영어",한국지역정보화학회,The Korean Association For Regional Information Society,,학회
,1598821X,현대중국연구,The Journal of Modern China Studies,등재,사회과학 > 지역학 > 동아시아 > 중국,1998,연4회,"한국어,한국어",현대중국학회,Korean Association Of Contemporary Chinese Studies(Kaccs),,학회
22876952,12269719,한국지리정보학회지,Journal of the Korean Association of Geographic Information Studies,등재,공학 > 기타공학,1998,연4회,"한국어,영어",한국지리정보학회,,,학회
,15986713,문화경제연구,Review of Culture and Economy ,등재,복합학 > 학제간연구,1998,연3회,"한국어,영어",한국문화경제학회,Korea Association Of Cultural Economics ,,학회
27138666,15982912,기술혁신학회지,Journal of Korea Technology Innovation Society,등재,복합학 > 기술정책,1998,연6회,"한국어,영어",한국기술혁신학회,,,학회
,12268380,전문경영인연구,Journal of CEO and Management Studies,등재,사회과학 > 경영학 > 경영학일반 > 경영교육,1998,연4회,"한국어,영어",한국전문경영인학회,,,학회
,15989224,서양음악학,Journal of the Musicological Society of Korea,등재,예술체육학 > 음악학,1998,연2회,"한국어,영어",한국서양음악학회,The Musicological Society Of Korea,,학회
,1738818X,한국문화공간건축학회논문집,JOURNAL OF THE KOREAN INSTITUTE OF CULTURE ARCHITECTURE,등재,예술체육학 > 기타예술체육,1998,연4회,한국어,한국문화공간건축학회,,,학회
,12294314,노동법논총,The Journal of Labor Law,등재,사회과학 > 법학 > 분야별법 > 노동법,1998,연3회,"한국어,일본어",한국비교노동법학회,The Korea Society Of Comparative Labor Law,,학회
,12291234,사회사상과 문화,Jonrnal of Social Thoughts and Culture,등재,사회과학 > 사회학,1998,연4회,"한국어,한국어",동양사회사상학회,Association Of East Asian Social Thoughts,,학회
23840153,12290858,한국놀이치료학회지,Korean Journal of Play Therapy,등재,의약학 > 정신과학 > 정신치료학 > 놀이치료,1998,연4회,"한국어,영어",한국놀이치료학회,  Korean Association For Play Therapy,,학회
,19751567,학교사회복지,Journal of School Social Work,등재,사회과학 > 사회복지학,1998,연4회,"한국어,영어",한국학교사회복지학회,The Korean Society Of School Social Work,,학회
,15981967,청람어문교육,Journal of CheongRam Korean Language Education,등재,인문학 > 한국어와문학 > 국어교육,1998,연6회,"한국어,한국어",청람어문교육학회,Cheongram Korean Language Education Association,,학회
,15987868,아시아마케팅저널,Asia Marketing Journal ,등재,사회과학 > 경영학,1998,연4회,"한국어,영어",한국마케팅학회,Korean Marketing Association,,학회
,12293512,현대사진영상학회 논문집,The Society of Modern Photography & Video,등재,예술체육학 > 사진,1998,연3회,"한국어,한국어",현대사진영상학회,The Society Of Modern Photography & Video,,학회
22343598,20058284,한국의료윤리학회지,Korean Journal of Medical Ethics ,등재,의약학 > 의학일반,1998,연4회,한국어,한국의료윤리학회,The Korean Society For Medical Ethics,,학회
,15981118,담론201,Discourse 201,등재,사회과학 > 사회학,1998,연3회,"한국어,영어",한국사회역사학회,Korean Association Of Socio-Historical Studies,,학회
25087681,25087673,인간식물환경학회지,"Journal of People, Plants, and Environment",등재,자연과학 > 자연과학일반,1998,연6회,영어,인간식물환경학회,"Society For People, Plants, And Environment",,학회
22871543,,KNOM Review,KNOM Review,등재,공학 > 컴퓨터학 > 정보통신 > 통신망구조및관리,1998,연2회,"한국어,영어",한국통신학회,,,학회
22882235,17386225,한국철도학회논문집,JOURNAL OF THE KOREAN SOCIETY FOR RAILWAY,등재,공학 > 교통공학,1998,연12회,"한국어,영어",한국철도학회,The Korean Society For Railway,,학회
18767790,12268615,Journal of Asia-Pacific Entomology,Journal of Asia-Pacific Entomology,등재,농수해양학 > 농학 > 농생물 > 기타농생물,1998,연4회,"한국어,영어",한국응용곤충학회,Korean Society Of Applied Entomology,,학회
23839376,1229313X,한국사이코드라마학회지,The Korean Journal of Psychodrama,등재후보,의약학 > 정신과학 > 정신치료학,1998,연2회,"한국어,한국어",한국사이코드라마.소시오드라마학회,The Korean Association for Psychodrama & Sociodrama,,학회
15577600,1096620x,Journal of Medicinal Food,Journal of Medicinal Food,등재,농수해양학 > 식품과학 > 기능성식품,1998,연12회,"영어,영어",한국식품영양과학회,The Korean Society of Food Science and Nutrition,,학회
22886850,22880585,Annals of Clinical Microbiology,Annals of Clinical Microbiology,등재,의약학 > 임상병리학 > 임상미생물학 > 항균제내성학,1998,연4회,"한국어,영어",대한임상미생물학회,The Korean Society of Clinical Microbiology,,학회
,22879706,한국유체기계학회 논문집,The KSFM Journal of Fluid Machinery,등재,공학 > 기계공학,1998,연6회,"한국어,한국어",한국유체기계학회,Korean Society for Fluid Machinery,,학회
27339440,12291943,한국시학연구,The Korean Poetics Studies,등재,인문학 > 한국어와문학,1998,연4회,"한국어,영어",한국시학회,The Korean Poetics Studies Association,,학회
21639167,21639159,Journal of Global Scholars of Marketing Science(마케팅과학연구),全球科,등재,사회과학 > 경영학,1998,연4회,"영어,중국어",한국마케팅과학회,Korean Scholars of Marketing Science,,학회
,12293113,법학연구,Law Review,등재,사회과학 > 법학,1998,연4회,"한국어,한국어",한국법학회,Korean Law Association,,학회
,17381207,동서정신과학,THE KOREAN JOURNAL OF EAST WEST MIND SCIENCE,등재후보,인문학 > 철학 > 철학일반 > 동서비교철학,1998,연1회,"한국어,중국어",한국동서정신과학회,The Korean East West Mind Science Association,,학회
,15981223,한국화예디자인학 연구,Korea Society of Floral Art & Design,등재후보,예술체육학 > 기타예술체육,1998,연2회,"한국어,한국어",한국화예디자인학회,The Korean Society of Floral Art & Design,,학회
,15982823,세계 역사와 문화 연구,World History and Culture,등재,인문학 > 역사학,1998,연4회,"한국어,한국어",한국세계문화사학회,Korea Association of World History and Culture,,학회
,1738544X,생활과학연구논총,,등재후보,자연과학 > 생활과학,1998,연3회,"한국어,영어",생활과학연구소,Research Institute of Human Ecology,충북대학교,대학부설연구소
,1738088X,인문과학연구,,등재,인문학 > 기타인문학,1998,연3회,"한국어,영어",인문과학연구소,The Institute of Humanities,대구가톨릭대학교,대학부설연구소
,15983773,프랑스고전문학연구,Litterature Classique Francaise,등재,인문학 > 프랑스어와문학 > 프랑스문학 > 기타프랑스문학,1998,연1회,"한국어,프랑스어",한국프랑스고전문학회,Societe Coreenne de la Litterature Classique Francaise,,학회
,12292133,선교와신학,,등재,인문학 > 기독교신학,1998,연3회,"한국어,영어",세계선교연구원,Center for World Mission,장로회신학대학교,대학부설연구소
26716372,15988295,한복문화,Journal of Korean Traditional Costume,등재,예술체육학 > 의상,1998,연4회,"한국어,영어",한복문화학회,The Society of Korean Traditional Costume,,학회
,1226833x,한국산업융합학회논문집,Journal of The Korean Society of Industry Convergence,등재,공학 > 공학일반 > 기타공학일반,1998,연6회,"한국어,영어",한국산업융합학회,The Korean Society of Industry Convergence,,학회
21663394,12269328,Geosystem Engineering,,등재,공학 > 자원공학,1998,연6회,영어,한국자원공학회,The Korean Society of Mineral and Energy Resources Engineers,,학회
2384051X,12291064,지구물리와 물리탐사,Geophysics and Geophysical Exploration ,등재,공학 > 자원공학 > 물리탐사,1998,연4회,"한국어,영어",한국지구물리.물리탐사학회,Korea Society of Earth and Exploration Geophysicists,,학회
22341757,,Fisheries and Aquatic Sciences,,등재,농수해양학 > 수산학,1998,부정기,영어,한국수산과학회,The Korean Society of Fisheries and Aquatic Science,,학회
22347941,19760442,Journal of Applied Biological Chemistry,Journal of Applied Biological Chemistry,등재,농수해양학 > 농학 > 농화학,1998,연4회,"한국어,영어",한국응용생명화학회,The Korean Society For Applied Biological Chemistry,,학회
,1229036X,한국사회,,등재,사회과학 > 사회학,1998,연2회,한국어,한국사회연구소,"Institute of Social Research, Korea University",고려대학교,대학부설연구소
20929900,17386756,Journal of Breast Cancer,Journal of Breast Cancer,등재,의약학 > 일반외과학 > 종양외과/외과종양,1998,연6회,"영어,영어",한국유방암학회,,,학회
26715597,19757190,한국유아교육연구,Korean Journal of Early Childhood Education Research,등재,사회과학 > 교육학 > 분야교육 > 유아교육,1998,연4회,"한국어,영어",유아교육연구소,Research Institute for Early Childhood Education - Korea National University of Education,한국교원대학교,대학부설연구소
26718200,26714574,Journal of Asian Sociology,Journal of Asian Sociology,등재,사회과학 > 사회학,1998,연4회,영어,사회발전연구소,Institute for Social Development and Policy Research,서울대학교,대학부설연구소
,15207412,Acta Koreana,,등재,인문학 > 기타인문학,1998,연2회,영어,한국학연구원,Academia Koreana,계명대학교,대학부설연구소
26360640,15989127,한국군사과학기술학회지,Journal of the Korea Institute of Military Science and Technology,등재,공학 > 기타공학,1998,연6회,"한국어,한국어",한국군사과학기술학회,,,학회
27138283,17386454,공학교육연구,Journal of Engineering Education Research,등재,복합학 > 학제간연구,1998,연6회,"한국어,영어",한국공학교육학회,Korean Society for Engineering Education,,학회
,12291080,대각사상,Maha Bodhi Thought,등재,인문학 > 불교학,1998,연2회,"한국어,영어",대각사상연구원,Institute of Maha Bodhi Thought,,학회
,22884467,유아교육·보육복지연구,Journal of Early Childhood Education & Educare Welfare,등재,사회과학 > 사회과학일반 > 사회과학교육,1998,연4회,"한국어,영어",한국유아교육ㆍ보육복지학회,The Korea Association for Early Childhood Education & Educare Welfare,,학회
27136051,12294616,현대북한연구,Review of North Korean Studies ,등재,사회과학 > 정치외교학 > 한국정치 > 북한정치/통일,1998,연3회,"한국어,영어",심연북한연구소,The Simyeon Institute for North Korean Studies,북한대학원대학교,대학부설연구소
,15983668,헤세연구,Hesse-Forschung,등재,인문학 > 독일어와문학,1998,연2회,"한국어,독일어",한국헤세학회,,,학회
,17385741,박물관학보,Journal of Museum Studies,등재,인문학 > 역사학 > 고고학 > 박물관학,1998,연2회,"한국어,영어",한국박물관학회,The Korean Society of Museum Studies,,학회
,1229294X,재활간호학회지,The Korean Journal of Rehabilitation Nursing,등재,의약학 > 간호학 > 재활간호,1998,연2회,"한국어,영어",한국재활간호학회,Korean Academic Society Of Rehabiltaion Nursing,,학회
,20930585,보건과 복지,Health & Welfare,등재,사회과학 > 정책학 > 문화/사회/보건복지정책,1998,연4회,"한국어,영어",한국보건복지학회,The Korean Society Of Health And Welfare,,학회
,25865048,직업능력개발연구,Journal of Vocational Education & Training,등재,사회과학 > 교육학,1998,연3회,"한국어,영어",한국직업능력개발원,Korea Research Institute for Vocational Education & Training,,일반기관
,12295752,대한건축학회연합논문집,journal of the regional association of architectural institute of korea,등재,공학 > 건축공학,1999,연6회,"한국어,한국어",대한건축학회지회연합회,The Regional Association of Architectural Institute of Korea,,학회
,12299235,日本思想,Journal of Japanese Thought,등재,인문학 > 철학,1999,연2회,"한국어,일본어",한국일본사상사학회,Korean Association For Japanese Thought,,학회
2734018X,17387035,신종교연구,Journal of the Korean Academy of New Religions,등재,인문학 > 종교학,1999,연2회,"한국어,영어",한국신종교학회,The Korean Academy of New Religions,,학회
25086960,2508691X,Annals of Clinical Neurophysiology,Annals of Clinical Neurophysiology,등재,의약학 > 신경과학,1999,연2회,"영어,영어",대한임상신경생리학회,The Korean Society  for clinical Neurophysiology,,학회
27340414,15988163,소년보호연구,Korean Juvenile Protection Review,등재,사회과학 > 법학 > 공법 > 형사정책,1999,연2회,한국어,한국소년정책학회,,,학회
26714280,12295574,프랑스문화예술연구,Etudes de la Culture Francaise et de Arts en France,등재,인문학 > 프랑스어와문학 > 프랑스어학 > 프랑스문화학,1999,연4회,"한국어,프랑스어",프랑스문화예술학회,Association D'Etudes De La Culture Francaise Et Des Arts En France,,학회
20058349,20058349,GRI연구논총,,등재,사회과학 > 국제/지역개발 > 지역개발,1999,연4회,"한국어,영어",재단법인 경기연구원,Gyeonggi Research Institute,,일반기관
24662348,12294705,청소년복지연구,,등재,사회과학 > 사회복지학 > 청소년복지,1999,연4회,"한국어,한국어",한국청소년복지학회,,,학회
,19750927,동양예술,THE EASTERN ART,등재,예술체육학 > 미술 > 기타미술,1999,연4회,한국어,한국동양예술학회,KOREA SOCIETY FOR SCIENCE OF EASTERN ART,,학회
,17381614,한국무속학,Korean Shamanism,등재,인문학 > 역사학,1999,연2회,"한국어,영어",한국무속학회,,,학회
27340252,17385180,영상기술연구,journal of the moving image technology associon of korea,등재,예술체육학 > 예술일반,1999,연3회,한국어,한국영상제작기술학회,Moving Image Technology Association of Korea,,학회
,15989011,영주어문,The Journal of Yeongju Language & Literature,등재,인문학 > 한국어와문학 > 국문학 > 기타국문학,1999,연3회,한국어,영주어문학회,The Association of Yeongju Language & Literature,,학회
,12296457,대한시과학회지,The Korean Journal of Vision Science,등재,자연과학 > 자연과학일반 > 기타자연과학일반,1999,연4회,"한국어,영어",대한시과학회,The Korean Society Of Vision Science,,학회
2713881X,15989542,화법연구,Journal of Speech Communication,등재,인문학 > 한국어와문학,1999,연4회,"한국어,영어",한국화법학회,The Korean Association Of Speech Communication,,학회
22873139,22348565,Journal of Cerebrovascular and Endovascular Neurosurgery,Journal of Cerebrovascular and Endovascular Neurosurgery,등재후보,의약학 > 신경외과학 > 뇌신경외과,1999,연4회,"영어,영어",대한뇌혈관외과학회,The Korean Society of Cerebrovascuar Surgery,,학회
,1598091X,비교형사법연구,Korean Journal of Comparative Criminal Law,등재,사회과학 > 법학,1999,연4회,한국어,한국비교형사법학회,Korean Association Of Comparative Criminal Law,,학회
20937717,17383110,유통과학연구,Journal of Distribution Science,등재,사회과학 > 경제학 > 분야별경제 > 산업/서비스경제,1999,연12회,"영어,한국어",한국유통과학회,Korea Distribution Science Association,,학회
,12296031,한국습지학회지,Journal of Wetlands Researh,등재,자연과학 > 기타자연과학,1999,연4회,"한국어,영어",한국습지학회,Korean Wetlands Society,,학회
20936370,20925603,의학교육논단,Korean Medical Education Review,등재,의약학 > 의학일반 > 기타의학일반,1999,연3회,"한국어,영어",연세대학교 의과대학,Yonsei University College of Medicine,,학회
,12294918,일본문화연구,Japanese Cultural Studies,등재,인문학 > 일본어와문학,1999,연4회,"한국어,일본어",동아시아일본학회,The Association of Japanology in East Asia,,학회
23835699,12296538,임상노인의학회지,The Korean Journal of Clinical Geriatrics ,등재후보,의약학 > 가정의학 > 가족건강 > 노인의학/노인병,1999,연2회,"한국어,영어",대한임상노인의학회,The Korean Academy of Clinical Geriatrics,,학회
,15985776,Educational Technology International,Educational Technology International,등재,사회과학 > 교육학,1999,연2회,"영어,영어",한국교육공학회,Korean Society Of Educational Technology,,학회
,12296074,통역과 번역,Interpretation and Translation,등재,인문학 > 통역번역학,1999,연3회,"한국어,영어",한국통역번역학회,Korean Society of Interpretation and Translation Studies,,학회
,12297240,한국의상디자인학회지,Journal of the Korea Fashion & Costume Design Association,등재,예술체육학 > 의상,1999,연4회,"한국어,영어",한국의상디자인학회,Korea Fashion & Costume Design Association,,학회
,12292117,돈암어문학,DONAM OHMUNHAK,등재,인문학 > 한국어와문학 > 국문학 > 국문학사,1999,연2회,한국어,돈암어문학회,The Donam Language & Literature,,학회
25865552,25865595,아시아 운동학 학술지,The Asian Journal of Kinesiology,등재,예술체육학 > 체육 > 기타체육,1999,연4회,"한국어,영어",대한운동학회,Korean Acadaemy of Kinesiology,,학회
27338819,19762828,윤리경영연구,Korean Journal of Business Ethics,등재후보,사회과학 > 경영학 > 기업경영윤리,1999,연2회,"한국어,영어",한국윤리경영학회,The Korea Academy Of Business Ethics,,학회
,17382475,한국광고홍보학보,The Korean Journal of Advertising and Public Relations,등재,사회과학 > 신문방송학,1999,연4회,"한국어,한국어",한국광고홍보학회,,,학회
26715813,12294640,JOURNAL OF APEC STUDIES,JOURNAL OF APEC STUDIESS,등재후보,사회과학 > 경제학 > 권역경제,1999,연2회,"영어,영어",한국APEC학회,APEC Studies Association of Korea,,학회
27138143,12295078,Information Systems Review,Information Systems Review,등재,사회과학 > 경영학,1999,연4회,"한국어,영어",한국경영정보학회,Korea Society Of Management Information Systems ,,학회
,12294136,漢文學報,Han Mun Hak Bo,등재,인문학 > 한국어와문학 > 한문학,1999,연2회,"한국어,영어",우리한문학회,Woori Society Of Korean Literature In Classical Chinese,,학회
,17383560,한국지적정보학회지,,등재,,1999,연3회,"한국어,한국어",한국지적정보학회,The Korean Cadastre Information Association,,학회
26719134,12294225,한국체육측정평가학회지,The Korean Journal of Measurement and Evaluation in Physical Education and Sports Science,등재,예술체육학 > 체육 > 체육측정평가,1999,연4회,"한국어,영어",한국체육측정평가학회,Korean Society For Measurement And Evaluation In Physical Education And Sports Science,,학회
,12292915,가톨릭철학,The Catholic Philosophy,등재,인문학 > 철학,1999,연2회,"한국어,영어",한국가톨릭철학회,The Korean Associotion Of Philosophers,,학회
22873678,17387159,한국도로학회논문집,,등재,공학 > 토목공학,1999,연6회,"한국어,영어",한국도로학회,,,학회
,15987000,지역사회학(Korean Regional Sociology),Korean Regional Sociology,등재,사회과학 > 사회학,1999,연3회,"한국어,영어",지역사회학회,Korean Association of Regional Sociology,,학회
22876405,22876391,대한뇌졸중학회지,Korean Journal of Stroke,등재,의약학 > 신경과학,1999,연3회,"영어,영어",대한뇌졸중학회,The Korean Stroke Society,,학회
,1229702X,프랑스사 연구,HISTORY JOURNAL,등재,인문학 > 역사학,1999,연2회,"한국어,프랑스어",한국프랑스사학회,Soci&EacuteT&Eacute Cor&EacuteEnne DHistoire Fran&CcedilAise,,학회
20939280,15982254,The Plant Pathology Journal,The Plant Pathology Journal,등재,농수해양학 > 농학,1999,연6회,"한국어,영어",한국식물병리학회,The Korean Society Of Plant Pathology,,학회
,12292230,한국퍼실리티매니지먼트학회지,Journal of Korea Facility Management Asoociation,등재후보,사회과학 > 기타사회과학,1999,연2회,"한국어,영어",한국퍼실리티매니지먼트학회,Korea Facility Management Association,,학회
,12296597,코칭능력개발지,Journal of Coaching Development,등재,예술체육학 > 체육 > 기타체육,1999,연4회,"한국어,한국어",한국코칭능력개발원,Korea Coaching Development Center,,학회
,15980928,한국실학연구,Korean Silhak Review,등재,인문학 > 역사학,1999,연2회,"한국어,한국어",한국실학학회,,,학회
,12297682,대학과 선교,University and Christian Mission,등재,인문학 > 기독교신학 > 기타기독교신학,1999,연4회,"한국어,영어",한국대학선교학회,The Korean Association Of University Mission Studies,,학회
,12298387,기독교사회윤리,The Korean Journal of Chiristian Social Ethics,등재,인문학 > 기독교신학,1999,연3회,"한국어,영어",한국기독교사회윤리학회,The Society Of Korean Christian Social Ethics,,학회
,12294217,정치사상연구,The Korean Review of Political Thought,등재,사회과학 > 정치외교학,1999,연2회,"한국어,한국어",한국정치사상학회,Korean Society For Political Thought,,학회
,1598558X,중앙법학,CHUNG_ANG LAW REVIEW,등재,사회과학 > 법학,1999,연4회,한국어,중앙법학회,Chung-Ang Law Association,,학회
22876251,12293008,한국초전도.저온논문지,Progress in Superconductivity and Cryogenics,등재,공학 > 전기공학,1999,연4회,"한국어,영어",한국초전도.저온공학회,,,학회
,15981304,공법학연구,Public Law Journal,등재,사회과학 > 법학,1999,연4회,"한국어,영어",한국비교공법학회,Korean Comparative Public Law Association,,학회
26715384,12295469,대한정치학회보,Korean Journal of Political Science,등재,사회과학 > 사회과학일반 > 기타사회과학일반,1999,연4회,"한국어,영어",대한정치학회,Korean Political Science Society,,학회
27335925,12294632,여성문학연구,Feminism and Korean Literature,등재,인문학 > 한국어와문학,1999,연3회,"한국어,영어",한국여성문학학회,The Academic Socity Of Feminism And Korean Literature,,학회
,12296333,독어학,Dokohak(Zeitschrift der Koreanischen Gesellschaft fuer Deutsche Sprachwissenschaft),등재,인문학 > 독일어와문학,1999,연2회,"한국어,독일어",한국독어학회,Koreanische Gesellschaft Fuer Deutsche Sprachwissenschaft // Korean Society For German Linguistics,,학회
,15987604,통상정보연구,International Commerce and Information Review,등재,사회과학 > 무역학,1999,연4회,"한국어,한국어",한국통상정보학회,Korea Association for International Commerce and Information,,학회
,15982637,인적자원관리연구,Journal of Human Resource Management Research,등재,사회과학 > 경영학,1999,연5회,"한국어,영어",한국인적자원관리학회,Korean Academy Of Human Resource Management,,학회
,12297275,일본어학연구,The Japanese Language Association of Korea,등재,인문학 > 일본어와문학,1999,연4회,"한국어,일본어",한국일본어학회,The Japanese Language Association Of Korea,,학회
,12295930,음악과 문화,Music and Culture,등재,예술체육학 > 음악학,1999,연2회,"한국어,영어",세계음악학회,Korean Society For World Music,,학회
,12295086,HRD연구,The Korean Journal of Human Resource Development Quarterly,등재,사회과학 > 교육학 > 분야교육 > 평생교육,1999,연4회,"한국어,영어",한국인력개발학회,The Korean Society For Human Resource Development,,학회
2645888x,2645888x,형태론,Morphology,등재,인문학 > 언어학,1999,연2회,"한국어,영어",형태론,Morphology,,학회
27135667,1229859X,고객만족경영연구,The Academy of Customer Satisfaction Management,등재,사회과학 > 경영학,1999,연4회,"한국어,영어",한국고객만족경영학회,Korea Customer Satisfaction Management Association,,학회
,17387787,호서고고학,HOSEO KOKOHAK,등재,인문학 > 역사학 > 고고학 > 기타고고학,1999,연3회,"한국어,영어",호서고고학회,,,학회
27137716,12295191,박물관보존과학,Conservation Science in Museum,등재후보,자연과학 > 자연과학일반 > 문화재보존과학,1999,연2회,"한국어,영어",국립중앙박물관,National Museum of Korea,,학회
,12296066,대한근전도 전기진단의학회지,Jouranl of Korean Association of EMG Electrodiagnostic Medicine,등재,의약학 > 재활의학 > 전기진단학,1999,연2회,"한국어,영어",대한근전도전기진단의학회,Korean Association of EMG Electrodiagnostic Medicine,,학회
,17382831,재정정책논집,The Journal of Korean Public Policy,등재,사회과학 > 경제학,1999,연4회,"한국어,영어",한국재정정책학회,The Korean Association Of Public Policy,,학회
,12295426,응용경제,Korea Review of Applied Economics,등재,사회과학 > 경제학,1999,연4회,"한국어,영어",한국응용경제학회,,,학회
2671664X,15983919,국제회계연구,Korea International Accounting Review,등재,사회과학 > 사회과학일반 > 기타사회과학일반,1999,연6회,"한국어,영어",한국국제회계학회,Korea International Accounting Association,,학회
23838086,23841877,노인간호학회지,Journal of Korean Gerontological Nursing,등재,의약학 > 간호학,1999,연4회,"한국어,영어",한국노인간호학회,Korean Gerontological Nursing Society,,학회
,24662542,한국도서관·정보학회지,Journal of Korean Library and Information Science Society,등재,복합학 > 문헌정보학,1999,연4회,"한국어,영어",한국도서관·정보학회,Korean Library And Information Science Society,,학회
,12293067,Advanced Studies in Contemporary Mathematics,Advanced Studies in Contemporary Mathematics,등재,자연과학 > 수학,1999,연6회,"영어,독일어",장전수학회,Jangjeon Mathematical Society,,학회
23836423,23836415,Journal of korean biological nursing science,Journal of korean biological nursing science,등재,의약학 > 간호학,1999,연4회,"한국어,한국어",기초간호학회,Korean Society of Biological Nursing Science,,학회
22888365,12294322,학교수학,School Mathematics,등재,사회과학 > 교육학 > 교과교육학 > 수학교육학,1999,연4회,"한국어,영어",대한수학교육학회,The Korea Society Of Educational Studies In Mathematics,,학회
19765541,,Journal of Communications and Networks,Journal of Communications and Networks,등재,공학 > 전자/정보통신공학,1999,연6회,영어,한국통신학회,,,학회
,15981835,인적자원개발연구,Korean Journal of Human Resources Development,등재,사회과학 > 경영학 > 인사/조직관리 > 인적자원개발,1999,연4회,"한국어,영어",한국인적자원개발학회,Korean Association Of Human Resource Development,,학회
27338398,12298301,특수아동교육연구,The Journal of Special Children Education,등재,사회과학 > 교육학,1999,연4회,"한국어,한국어",한국특수아동학회,Kacsn: Korean Association Of The Children With Special Need,,학회
20937660,1226119X,The Korea-Australia Rheology Journal,The Korea-Australia Rheology Journal,등재,공학 > 공학일반,1999,연4회,영어,한국유변학회,The Korean Society Of Rheology,,학회
26715783,12297593,역사신학논총,Journal of Historical Theology,등재후보,인문학 > 기독교신학,1999,연2회,"한국어,영어",한국복음주의역사신학회,Korea Evangelical Historical-Theological Society,,학회
27340058,15985555,한국사회복지행정학,Journal of Korean social welfare administration,등재,사회과학 > 사회복지학,1999,연4회,"한국어,영어",한국사회복지행정학회,Academy Of Korean Social Welfare Administration,,학회
22881484,12296783,대한안전경영과학회지,Journal of Korea Safety Management & Science,등재후보,공학 > 안전공학,1999,연4회,"한국어,영어",대한안전경영과학회,,,학회
27339173,12292354,Journal of The Korean Data Analysis Society,Journal of The Korean Data Analysis Society,등재,자연과학 > 통계학,1999,연6회,"한국어,영어",한국자료분석학회,The Korean Data Analysis Society,,학회
22874747,22338292,한국터널지하공간학회 논문집,Journal of Korean Tunnelling and Underground Space Association,등재,공학 > 토목공학,1999,연6회,"한국어,영어",사단법인 한국터널지하공간학회,Korean Tunnelling and Underground Space Association,,학회
22875743,12292060,한국의류산업학회지,Fashion & Textile Research Journal,등재,자연과학 > 생활과학,1999,연6회,"한국어,영어",한국의류산업학회,The Society of Fashion and Textile Industry ,,학회
,12292532,한국농촌건축학회논문집,JOURNAL OF THE KOREAN INSTITUTE OF RURAL ARCHITECTURE,등재,공학 > 건축공학 > 기타건축공학,1999,연4회,"한국어,영어",한국농촌건축학회,,,학회
,12297542,지중해지역연구,Journal of Mediterranean Area Studies,등재,복합학 > 학제간연구,1999,연4회,한국어,지중해지역원,상동,부산외국어대학교,대학부설연구소
27337723,12299111,이베로아메리카,Journal of the Institute of Iberoamerican Studies,등재,복합학 > 학제간연구,1999,연2회,"한국어,스페인어",중남미지역원,Institute of Iberoamerican Studies,부산외국어대학교,대학부설연구소
,2288422X,제주대학교 교육과학연구,,등재,사회과학 > 교육학 > 교과교육학,1999,연2회,"한국어,영어",교육과학연구소,Educational Research Institute,제주대학교,대학부설연구소
,12298972,신학과철학,Theology and Philosophy,등재,인문학 > 가톨릭신학 > 기타가톨릭신학,1999,연2회,"한국어,영어",서강대학교 신학연구소,Sogang University  Institute for Theology,서강대학교,대학부설연구소
27338533,12293482,호텔관광연구,Journal of Hospitality and Tourism Studies,등재,사회과학 > 관광학 > 관광경영/경제 > 호텔/외식산업경영,1999,연4회,"한국어,영어",한국호텔관광학회,The Academy of Korea Hospitality & Tourism,,학회
,2005095X,종교문화연구,Journal of Religion and Culture,등재후보,인문학 > 종교학 > 기타종교학,1999,연2회,"한국어,영어",종교와문화연구소,Center for Religious and Cultural Studies,한신대학교,대학부설연구소
27334953,15985067,한국정책과학학회보,korean policy sciences review,등재,사회과학 > 정책학,1999,연4회,"한국어,영어",한국정책과학학회,Korean Association For Policy Sciences,,학회
26717786,22876995,대한조현병학회지,Korean Journal of Schizophrenia Research,등재,의약학 > 정신과학,1999,연2회,"한국어,영어",대한조현병학회,Korean Academy of Schizophrenia,,학회
,20928157,한국영상학회논문집,Journal of Korean Society of Media and Arts,등재,예술체육학 > 예술일반,1999,연6회,"한국어,영어",한국영상학회,The Korean Society Of Media & Arts ,,학회
27339300,12297750,藏書閣,JANGSEOGAK,등재,인문학 > 역사학,1999,연2회,"한국어,영어",한국학중앙연구원,The Academy of Korean Studies,한국학중앙연구원,대학부설연구소
27334368,20939965,씨네포럼,Cineforum,등재,예술체육학 > 영화,1999,연3회,"한국어,영어",영상미디어센터,,동국대학교,대학부설연구소
27137066,15987108,고전문학과 교육,The Classical Literature and Education,등재,인문학 > 문학 > 문학교육,1999,연3회,"한국어,한국어",한국고전문학교육학회,The Society Of Korean Classical Literature Education,,학회
,19755740,실천민속학 연구,,등재,인문학 > 역사학,1999,연2회,"한국어,영어",실천민속학회,The Society of Practice Folkloristics,,학회
22881859,12295671,한국농림기상학회지,Korean Journal of Agricultural and Forest Meteorology,등재,농수해양학 > 농학,1999,연4회,"한국어,영어",한국농림기상학회,,,학회
,1229893X,단군학연구,Journal of Dangun Studies,등재,인문학 > 역사학 > 기타역사학,1999,연2회,"한국어,한국어",단군학회,Dangun Studies Association,,학회
23835575,12296163,Architectural Research,Architectural Research,등재,공학 > 건축공학,1999,연4회,"영어,영어",대한건축학회,Architectural Institute Of Korea,,학회
,17381231,대한무도학회지,The Journal of Korean Alliance of Martial Arts.,등재,예술체육학 > 체육 > 무도학,1999,연4회,"한국어,영어",대한무도학회,Korean Alliance Of Martial Arts,,학회
,15986829,한국경찰학회보,The Korean Association of Police Science Review,등재,사회과학 > 행정학 > 분야별행정 > 경찰행정,1999,연6회,"한국어,영어",한국경찰학회,Korean Association Of Police Science,,학회
,12296910,법학연구,InHa Law Review,등재,사회과학 > 법학,1999,연4회,한국어,법학연구소,"The Institute for Legal Studies, INHA UNIVERSITY",인하대학교,대학부설연구소
,12296147,한국의사학회지,THE JOURNAL OF KOREAN MEDICAL HISTORY ,등재,의약학 > 한의학 > 기초한의학 > 의사학,1999,연2회,"한국어,중국어",한국의사학회,Korean Society Of The Medical History,,학회
26716070,1598916X,한국음악치료학회지,Korean Journal of Music Therapy,등재,예술체육학 > 음악학 > 음악심리학/치료학,1999,연2회,"한국어,영어",한국음악치료학회,Korean Music Therapy Association,,학회
,1229666X,현대정신분석,The Journal of Contemporary Psychoanalysis,등재,인문학 > 기타인문학,1999,연2회,"한국어,영어",한국현대정신분석학회,The Korean Society for Contemporary Psychoanalysis,,학회
,1598527X,스포츠엔터테인먼트와 법,The Journal of Sports and Entertainment Law,등재,사회과학 > 법학 > 기타법학,2000,연4회,"한국어,한국어",한국스포츠엔터테인먼트법학회,The Korean Association of Sports & Entertainment Law,,학회
1976555X,1229845X,Journal of Veterinary Science,Journal of Veterinary Science,등재,의약학 > 수의학,2000,연6회,"영어,영어",대한수의학회,The Korean Society Of Veterinary Science,,학회
,12298468,국제언어문학,International Language and Literature,등재,인문학 > 기타동양어문학,2000,연3회,"한국어,다수언어",국제언어문학회,The International Society of Language and Literature,,학회
25083805,1229604X,한국기계기술학회지,Journal of the Korean Society of Mechanical Technology,등재,공학 > 기계공학,2000,연6회,"한국어,영어",한국기계기술학회,Korean Society of Mechanical Technology,,학회
,19757697,한국학교·지역보건교육학회지,The Journal of Korean Society for School & Community Health Education,등재,사회과학 > 교육학 > 기타교육학,2000,연4회,"한국어,영어",한국학교·지역보건교육학회,The Korean Society for School & Community Health Education,,학회
22884688,19754701,한국산학기술학회논문지,Journal of Korea Academia-Industrial cooperation Society,등재,공학 > 공학일반,2000,연12회,"한국어,영어",한국산학기술학회,The Korea Academia-Industrial cooperation Society,,학회
20932480,12299626,International Journal of Aeronautical and Space Sciences,International Journal of Aeronautical and Space Sciences,등재,공학 > 항공우주공학,2000,연4회,"영어,한국어",한국항공우주학회,The Korean Society For Aeronautical And Space Sciences,,학회
,12298085,한국시스템다이내믹스연구,Korean System Dynamics Review,등재,복합학 > 학제간연구,2000,연4회,"한국어,영어",한국시스템다이내믹스학회,Korean System Dynamics Society,,학회
,17387094,재무와 회계정보저널,Journal of Finance and Accounting Information,등재,사회과학 > 회계학 > 재무회계,2000,연4회,"한국어,영어",한국회계정보학회,Korea Accounting Information Association,,학회
25084097,15981851,동악미술사학,Dongak Art History,등재,예술체육학 > 기타예술체육,2000,연2회,"한국어,영어",동악미술사학회,Association of Dongak Art History,,학회
12298417,12298417,질적연구,Journal of Qualitative Research,등재,복합학 > 학제간연구,2000,연2회,"한국어,영어",질적연구학회,The Academy of Qualitative Research,,학회
,12299219,조사연구,,등재,사회과학 > 사회학,2000,연4회,한국어,한국조사연구학회,The Korean Association For Survey Research,,학회
27136477,12299316,한국고전여성문학연구,Korean Classical Woman Literature Studies,등재,인문학 > 한국어와문학,2000,연2회,"한국어,한국어",한국고전여성문학회,The Society Of Korean Classical Woman Literature,,학회
,12298646,스칸디나비아 연구,Journal of the Scandinavian Society of Korea,등재,사회과학 > 지역학 > 북유럽 > 스웨덴,2000,연1회,"한국어,영어",한국 스칸디나비아학회,The Scandinavian Society of Korea,,학회
,19760744,Journal of korean Culture,Journal of korean Culture,등재,인문학 > 한국어와문학 > 국문학 > 현대시(국문학),2000,연4회,"한국어,영어",한국어문학국제학술포럼,The International Academic Forum of Korean Language and Literature,,학회
,12299480,융합신호처리학회 논문지,The Journal of Korea Institute of Convergence Signal Processing,등재후보,공학 > 전자/정보통신공학 > 신호처리,2000,연4회,"한국어,영어",한국융합신호처리학회,The Korea Institute of Convergence Signal Processing,,학회
27339270,17383323,세무와회계저널,journal of taxation and accounting,등재,사회과학 > 회계학,2000,연6회,"한국어,한국어",한국세무학회,,,학회
,15990168,사회연구,Korean Journal of Social Issues,등재후보,복합학 > 학제간연구,2000,연2회,"한국어,영어",한국사회조사연구소,Korea Social Research Center,,일반기관
27338843,15989275,철학적 분석,Philosophical Analysis,등재,인문학 > 철학,2000,연2회,"한국어,한국어",한국분석철학회,The Korean Society Of Analytic Philosophy,,학회
,12299553,지식경영연구,Knowledge Management Review,등재,사회과학 > 경영학,2000,연4회,"한국어,영어",한국지식경영학회,The Knowledge Management Society of Korea,,학회
,12297488,韓國史學史學報,The Korean Journal of History of Historiography,등재,인문학 > 역사학,2000,연2회,"한국어,한국어",한국사학사학회,The Korean Society of History of Historiography,,학회
,17387418,금융안정연구,Financial Stability Studies,등재,사회과학 > 경제학,2000,연2회,"한국어,영어",예금보험공사,Korea Deposit Insurance Corporation,,일반기관
,15990281,교육비평,Education Review,등재후보,사회과학 > 교육학,2000,연2회,"한국어,영어",교육비평,Education Review,,일반기관
,12299243,접착 및 계면,Adhesion and lnterface,등재,공학 > 고분자공학 > 고분자재료,2000,연4회,"한국어,영어",한국접착및계면학회,"The Society Of Adhesion And Interface, Korea (Saik)",,학회
20058330,12296929,Korean Journal of Radiology,Korean Journal of Radiology,등재,의약학 > 방사선과학,2000,연12회,영어,대한영상의학회,The Korean Society of Radiology,,학회
22054602,22347593,International Journal of Precision Engineering and Manufacturing,International Journal of Precision Engineering and Manufacturing,등재,공학 > 기계공학,2000,연12회,"영어,영어",한국정밀공학회,Korean Society for Precision Engineering,,학회
20927592,12297607,Transactions on Electrical and Electronic Materials,Transactions on Electrical and Electronic Materials,등재,공학 > 전기공학,2000,연6회,"영어,한국어",한국전기전자재료학회,The Korean Institute of Electrical and Electronic Material Engineers,,학회
27136949,12297836,한국무용과학회지,Official Journal of the Koeran Society of Dance Science,등재,예술체육학 > 무용 > 기타무용,2000,연4회,"한국어,영어",한국무용과학회,The Korean Society Of Dance Science,,학회
,15982068,상담학연구,Korea Journal of Counseling,등재,사회과학 > 교육학,2000,연6회,"한국어,한국어",한국상담학회,Korean Counseling Association (KCA),,학회
,12298131,한국근대문학연구,Journal of Modern Korean Literature,등재,인문학 > 한국어와문학,2000,연2회,"한국어,한국어",한국근대문학회,,,학회
27138690,15981150,서비스경영학회지,Journal of Korea Service Management Society,등재,사회과학 > 경영학,2000,연5회,"한국어,영어",한국서비스경영학회,The Korea Service Management Society,,학회
,12298867,상업교육연구,The Journal of Business Education,등재,사회과학 > 교육학,2000,연6회,"한국어,한국어",한국상업교육학회,The Korean Research Association For The Business Education ,,학회
,12298794,한국구석기학보,Journal of Korean Palaeolithic Society,등재,인문학 > 역사학,2000,연2회,"한국어,영어",한국구석기학회,The Korean Palaeolithic Society,,학회
,12299847,문학과 영상,The Journal of Literature and Film,등재,인문학 > 문학 > 영상문학,2000,연3회,"한국어,영어",문학과영상학회,The Korean Association Of Literature and Film,,학회
20929323,12298093,Mycobiology,Mycobiology,등재,자연과학 > 생물학 > 미생물학 > 균학,2000,연6회,"영어,영어",한국균학회,The Korean Society of Mycology,,학회
,12297445,관세학회지,The Journal of Korea Research Society for Customs,등재,사회과학 > 무역학,2000,연4회,"한국어,영어",한국관세학회,Korea Research Society For Customs,,학회
,1229747X,미술과 교육,Journal of Research in Art Education,등재,예술체육학 > 미술 > 미술일반 > 미술이론,2000,연4회,"한국어,영어",한국국제미술교육학회,Korean Society for Education through Art (KoSEA),,학회
,15983277,어린이문학교육연구,Journal of Children＇s Literature and Education,등재,사회과학 > 교육학,2000,연4회,한국어,한국어린이문학교육학회,Korean Society of Children's Literature & Education,,학회
,25087800,정보사회와 미디어,Information Society & Media,등재,사회과학 > 사회학 > 정보/과학기술사회학,2000,연3회,"한국어,영어",한국정보사회학회,The Korean Association For Information Society,,학회
22334998,19764251,Carbon Letters,Carbon Letters,등재,자연과학 > 자연과학일반 > 기타자연과학일반,2000,연6회,"영어,한국어",한국탄소학회,Korean Carbon Society,,학회
,12298298,동아시아고대학,DONG ASIA KODAEHAK(The East Asian Ancient Studies),등재,인문학 > 기타인문학,2000,연4회,"한국어,영어",동아시아고대학회,The Association Of East Asian Ancient Studies,,학회
22873376,22873368,Korean Journal of Acupuncture,Korean Journal of Acupuncture,등재,의약학 > 한의학,2000,연4회,"한국어,영어",경락경혈학회,Society for Meridian & Acupoint,,학회
,12299251,입법학연구,Journal of Legislation Studies,등재,사회과학 > 법학,2000,연2회,"한국어,영어",한국입법학회,Korean Society of legislation Studies,,학회
,15980324,생명윤리,Journal of the Korea Bioethics Association,등재,복합학 > 학제간연구,2000,연2회,"한국어,한국어",한국생명윤리학회,The Korean Bioethics Association,,학회
,15980316,Journal of Information Display,,등재,공학 > 전기공학,2000,연4회,영어,한국정보디스플레이학회,,,학회
,15980170,인터넷정보학회논문지,Journal of Internet Computing and Services,등재,공학 > 컴퓨터학,2000,연6회,"한국어,한국어",한국인터넷정보학회,Korean Society For Internet Information,,학회
,15983579,International Journal of Industrial Entomology,International Journal of Industrial Entomology,등재,농수해양학 > 농학 > 농학일반 > 농학/농업정보,2000,연4회,"영어,영어",한국잠사학회,Korean Society Of Sericultural Science,,학회
24661716,12299936,e-비즈니스연구,The e-Business Studies,등재,사회과학 > 무역학,2000,연7회,"한국어,영어",국제e-비즈니스학회,Global E-Business Association,,학회
,12299456,일본근대학연구,The Japanese Modern Association of Korea,등재,인문학 > 일본어와문학 > 일본문학 > 일본문화학,2000,연4회,"한국어,일본어",한국일본근대학회,The Japanese Modern Association Of Korea,,학회
,17387124,서울도시연구,Seoul Studies,등재,사회과학 > 국제/지역개발,2000,연4회,"한국어,영어",서울연구원,The Seoul Institute,,일반기관
,20927096,선진상사법률연구,Advanced Commercial Law Review,등재,사회과학 > 법학 > 사법 > 상사법,2000,연4회,한국어,법무부,Ministry of Justice,,학회
,12296775,한국인체미용예술학회지,The Korean Society Of Beauty And Art,등재,예술체육학 > 미용,2000,연4회,"한국어,영어",한국인체미용예술학회,The Korean Society of Beauty and Art,,학회
,20935811,무역보험연구,Journal of International Trade and Insurance,등재,사회과학 > 무역학 > 무역보험및서비스무역,2000,연6회,"한국어,영어",한국무역보험학회,The Korean Academy for Trade Credit Insurance,,학회
,12298778,한국심리학회지: 소비자·광고,The Korean Journal of Consumer and Advertising Psychology,등재,사회과학 > 심리과학,2000,연4회,"한국어,한국어",한국소비자·광고심리학회,Korean Society For Consumer And Advertising Psychology,,학회
,15981088,영상문화,korean association for visual culture,등재,복합학 > 학제간연구,2000,연2회,"한국어,한국어",한국영상문화학회,Korean  Association For Visual Culture,,학회
,15987264,Proceedings of the Jangjeon Mathematical Society(장전수학회 논문집),Proceedings of the Jangjeon Mathematical Society,등재,자연과학 > 수학,2000,연3회,"영어,한국어",장전수학회,Jangjeon Mathematical Society,,학회
24659703,20056095,한국건설관리학회 논문집,Korean Journal of Construction Engineering and Management,등재,공학 > 건축공학,2000,연6회,"한국어,영어",한국건설관리학회,,,학회
25866141,15980782,현대영어교육,Modern English Education,등재,인문학 > 영어와문학 > 영어교육,2000,연4회,"영어,한국어",현대영어교육학회,The Modern English Education Society,,학회
,12299871,Journal of Christian Education & Information Technology,Journal of Christian Education & Information Technology,등재,인문학 > 기독교신학,2000,연2회,"영어,독일어",한국기독교교육정보학회,Korea Society For Christian Education & Information Technology,,학회
,12298360,기독교교육정보,Christian Education and Information Technology,등재,인문학 > 기독교신학,2000,연4회,"한국어,한국어",한국기독교교육정보학회,Korea Society For Christian Education & Information Technology,,학회
,15981576,한국언어문화,Journal of Korean Language and Culture,등재,인문학 > 한국어와문학,2000,연3회,"한국어,한국어",한국언어문화학회,The Society Of Korean Language & Culture,,학회
27334112,15980960,한국지방자치연구,KOREAN LOCAL GOVERNMENT REVIEW,등재,사회과학 > 행정학 > 기타행정학,2000,연4회,"한국어,한국어",대한지방자치학회,National Association of Korean Local Government Studies,,학회
27139611,12295175,겨레어문학,Journal of Korean National Language and Literature,등재,인문학 > 한국어와문학,2000,연2회,"한국어,한국어",겨레어문학회,,,학회
27340090,1598060X,특수교육저널:이론과 실천,Journal of Special Education: Theory and Practice,등재,사회과학 > 교육학,2000,연4회,"한국어,영어",한국특수교육문제연구소,Research Institute of the Korea Special Education,대구대학교,대학부설연구소
,12298069,의료법학,THE KOREAN SOCIETY OF LAW AND MEDICINE,등재,사회과학 > 법학,2000,연3회,"한국어,영어",대한의료법학회,The Korean Society Of Law And Medicine,,학회
,15988635,기초조형학연구,Journal of Basic Design & Art,등재,예술체육학 > 예술일반,2000,연6회,"한국어,영어",한국기초조형학회,Korean Society Of Basic Design & Art,,학회
27133505,15987566,동학학보,The Korea Journal of Donghak Studies,등재,인문학 > 역사학,2000,연4회,"한국어,한국어",동학학회,The Donghak Society,,학회
,15980448,증권법연구,The Korean Journal of Securities Law,등재,사회과학 > 법학,2000,연3회,"한국어,영어",한국증권법학회,Korea Securities Law Association,,학회
,19765614,복음과 실천신학,Journal of Evangelical Practical  Theology,등재,인문학 > 기독교신학 > 실천신학,2000,연4회,한국어,한국복음주의실천신학회,Korean Society Of Evangelical Practical Theology,,학회
,12297704,부동산정책연구,Journal of Real Estate Policy Research,등재후보,사회과학 > 기타사회과학,2000,연3회,"한국어,영어",한국부동산정책학회,Korea Real Estate Policy Association,,학회
27336492,15981002,영상영어교육(STEM Journal),STEM Journal,등재,인문학 > 영어와문학,2000,연4회,"한국어,영어",영상영어교육학회,The Society For Teaching English Through Media,,학회
,1229800x,전기학회 논문지 P권,THE TRANSACTIONS OF THE KOREAN INSTITUTE OF ELECTRICAL ENGINEERS : P,등재,공학 > 전기공학,2000,연4회,"한국어,영어",대한전기학회,,,학회
,15982297,알코올과 건강행동연구,Alcohol and Health Behavior Research,등재,사회과학 > 기타사회과학,2000,연2회,"한국어,영어",알코올과 건강행동학회,Korean Society of Alchol Science and Health Behavior ,,학회
26717018,17387701,열린정신 인문학 연구,Wonkwang Journal of Humanities,등재,인문학 > 기타인문학,2000,연3회,"한국어,영어",인문학연구소,Institute of Research in Humanities,원광대학교,대학부설연구소
26716992,20051778,자폐성장애연구,Journal of the Korean Association for Persons with Autism,등재,사회과학 > 교육학 > 분야교육 > 특수교육,2000,연3회,"한국어,영어",한국자폐학회,Korean Association For Persons With Autism,,학회
,12297585,명지법학,Myongji Law Review,등재후보,사회과학 > 법학 > 법학일반,2000,연2회,"한국어,영어",법학연구소,Institute of Legal Myungji Uiversity,명지대학교(서울캠퍼스),대학부설연구소
,12296740,인간연구,,등재,인문학 > 철학,2000,연3회,한국어,인간학연구소,Institute of Anthropology,가톨릭대학교,대학부설연구소
2672152X,12299162,Journal of Ceramic Processing Research,,등재,공학 > 재료공학,2000,연6회,영어,세라믹연구소,Ceramic Research Institute ,한양대학교,대학부설연구소
26717891,12297941,기록학연구,The Korean Journal of Archival Studies,등재,복합학 > 문헌정보학,2000,연4회,한국어,한국기록학회,Korean Society Of Archival Studies,,학회
27137848,17382785,한국기독교상담학회지,Korean Journal of Christian Counseling,등재,인문학 > 기독교신학 > 목회상담학,2000,연4회,"한국어,영어",한국기독교상담심리학회,Korean Association of Christian Counseling & Psychology,,학회
,15988856,다산학,Journal of TASAN Studies,등재,인문학 > 유교학,2000,연2회,"한국어,영어",재단법인다산학술문화재단,Tasan Cultural Foundation,,일반기관
27340066,17382823,서예학연구,THE STUDY OF CALLIGRAPHY,등재,예술체육학 > 미술 > 응용미술 > 서예,2000,연2회,한국어,한국서예학회,,,학회
,15983129,경영경제연구,Journal of Management & Economics,등재,사회과학 > 경영학,2000,연4회,"한국어,영어",경영경제연구소,management & economic research institute,충남대학교,대학부설연구소
26357437,12298425,한국환경기술학회지,Journal of the Korean Society for Environmental Technology,등재,공학 > 환경공학 > 기타환경공학,2000,연6회,"한국어,영어",한국환경기술학회,Korean Society for Environmental Technology,,학회
,15983285,비교법연구,The Journal of Comparative Law,등재,사회과학 > 법학 > 법학일반,2000,연3회,"한국어,영어",비교법문화연구소,The Institute of Comparative Law and Legal Culture,동국대학교,대학부설연구소
,1229795X,번역학연구,The Journal of Translation Studies,등재,인문학 > 통역번역학,2000,연5회,"한국어,영어",한국번역학회,The Korean Association for Translation Studies,,학회
2508139X,25081357,Journal of Biomedical and Translational Research,Journal of Biomedical and Translational Research,등재,의약학 > 수의학,2000,연4회,"한국어,영어",동물의학연구소,Research Institute of Veterinary Medicine,충북대학교,대학부설연구소
,12299197,Fibers and Polymers,Fibers and Polymers,등재,공학 > 섬유공학,2000,연12회,"영어,영어",한국섬유공학회,The Korean Fiber Society,,학회
,12299448,아시아교육연구,Asian Journal of Education,등재,사회과학 > 교육학,2000,연4회,"한국어,영어",교육연구소,Education Research Institute,서울대학교,대학부설연구소
19763832,12299138,International Journal of Automotive Technology,International Journal of Automotive Technology,등재,공학 > 자동차공학,2000,연6회,"영어,영어",한국자동차공학회,The Korean Society Of Automotive Engineers,,학회
26717832,17382319,EU연구,Journal of European Union Studies,등재,사회과학 > 지역학,2000,연3회,"한국어,영어",EU연구소,Institute for European Union Studies,한국외국어대학교,대학부설연구소
,1599953X,방송과 커뮤니케이션,Broadcasting & Communacation,등재,사회과학 > 신문방송학,2000,연4회,"한국어,영어",한국방송학회,Korean Association for Broadcasting & Telecommunication Studies,,학회
27339084,20055331,베트남연구,The Vietnamese Studies Review,등재,인문학 > 기타동양어문학 > 베트남어문학,2000,연2회,"한국어,베트남어",한국베트남학회,Korean Association Of Vietnamese Studies,,학회
,15983633,중동문제연구,Journal of Middle Eastern Affairs,등재,사회과학 > 지역학,2000,연4회,"한국어,영어",중동문제연구소,The Institute of Middle East,명지대학교(서울캠퍼스),대학부설연구소
27136485,17381541,일러스트레이션 포럼,Illustration Forum,등재,예술체육학 > 디자인,2000,연4회,"한국어,영어",한국일러스트레이션학회,The Korean Society of Illustration,,학회
,15980642,불교학연구,Korea Journal of Buddhist Studies,우수등재,인문학 > 불교학,2000,연4회,"한국어,영어",불교학연구회,Korean Association of Buddhist Studies,,학회
25085921,15982041,International Journal of Korean History,,등재,인문학 > 역사학 > 역사일반 > 기타역사일반,2000,연2회,영어,한국사연구소,Center for Korean History,고려대학교,대학부설연구소
27136817,15981886,언어와 정보 사회,Language & Information Society,등재,인문학 > 언어학 > 기타언어학,2000,연3회,"한국어,영어",언어정보연구소,Reasarch Institute for Language and Information,서강대학교,대학부설연구소
,15982327,Journal of Cognitive Science,,등재후보,복합학 > 인지과학 > 인지과학이론,2000,연4회,영어,인지과학연구소,Institute of Cognitive Science,서울대학교,대학부설연구소
27136671,15980650,도시설계,Journal of The Urban Design Insitute of Korea,등재,사회과학 > 국제/지역개발 > 지역개발 > 도시개발/계획,2000,연6회,"한국어,영어",한국도시설계학회,Urban Design,,학회
,15980588,禪學(선학),Journal of Seon Studies,등재,인문학 > 불교학 > 응용불교학,2000,연3회,"한국어,영어",한국선학회,The Korean Society for Seon Studies,,학회
2287738X,15982009,디지털콘텐츠학회논문지,Journal of Digital Contents Society,등재,공학 > 컴퓨터학,2000,연12회,"한국어,영어",한국디지털콘텐츠학회,Digital Contents Society,,학회
,15981029,정부행정,Journal of Government Administration,등재후보,사회과학 > 행정학 > 행정학일반,2000,연1회,"한국어,영어",정부혁신연구소,The Myongji Institute of Government Reform,명지대학교(서울캠퍼스),대학부설연구소
1876407X,15981037,Asia Pacific Education Review,,등재,사회과학 > 교육학,2000,연4회,영어,교육연구소,Education Research Institute,서울대학교,대학부설연구소
27141233,15980820,한국지반환경공학회 논문집,JOURNAL of THE KOREAN GEOENVIRONMENTAL SOCIETY,등재,공학 > 토목공학,2000,연12회,"한국어,영어",한국지반환경공학회,The Korean Geo-Environmental Society,,학회
,15985768,통일전략,Unification Stratrgy,등재,사회과학 > 정치외교학 > 한국정치 > 북한정치/통일,2001,연4회,"한국어,한국어",한국통일전략학회,Korean Association Of Unification Strategy,,학회
,17386519,사회와 철학,Social Philosophy,등재,인문학 > 철학 > 철학일반,2001,연2회,"한국어,영어",한국사회와철학연구회,,,학회
23839317,23839309,Journal of Dental Anesthesia and Pain Medicine,Journal of Dental Anesthesia and Pain Medicine,등재,의약학 > 치의학 > 치과마취학,2001,연6회,영어,대한치과마취과학회,Korean Dental Society Of Anesthesiology,,학회
,15984087,정책개발연구,Journal of Policy Development,등재후보,사회과학 > 정책학 > 기타정책학,2001,연2회,"한국어,영어",한국정책개발학회,The Korean Association for Policy Development,,학회
22887490,22339051,International Journal of Costume and Fashion,International Journal of Costume and Fashion,등재,자연과학 > 생활과학,2001,연2회,"영어,영어",한국복식학회,,,학회
27334481,1976667X,인지행동치료,Cognitive Behavior Therapy in Korea,등재,사회과학 > 심리과학 > 임상심리,2001,연4회,한국어,한국인지행동치료학회,Korean Association Of Cognitive Behavioral Therapy,,학회
27139832,17389291,과학기술학연구,Journal of Science & Technology Studies,등재,복합학 > 과학기술학 > 과학기술사회학,2001,연3회,"한국어,영어",한국과학기술학회,Korean Association Of Science And Technology Studies,,학회
27339025,15988414,韓日民族問題硏究,The Journal of Korean-Japanese National Studies,등재,복합학 > 학제간연구,2001,연2회,"한국어,영어",한일민족문제학회,The Association Of Korean-Japanese National Studies,,학회
,1598625X,역사와경계,History & the Boundaries,등재,인문학 > 역사학,2001,연4회,"한국어,한국어",부산경남사학회,,,학회
,15987558,보호관찰,Korean Journal of Probation,등재,사회과학 > 법학 > 법학일반 > 법정책학,2001,연2회,"한국어,한국어",한국보호관찰학회,Korean Association of Probation and Parole Services,,학회
,17383331, Korean Journal of Helicobacter Upper Gastrointestinal Research ,,등재,의약학 > 내과학 > 소화기내과,2001,연4회,"한국어,영어",대한상부위장관ㆍ헬리코박터학회, Korean College of Helicobacter and Upper Gastrointestinal Research ,,학회
,19750013,한국여성철학,Korean Feminist Philosophy,등재,인문학 > 철학 > 철학일반 > 여성철학,2001,연2회,"한국어,영어",한국여성철학회,Korean Association Of Feminist Philosophers,,학회
23835001,22888128,Journal of  Liver Cancer,Journal of  Liver Cancer,등재,의약학 > 의학일반,2001,연2회,"한국어,영어",대한간암학회,The Korean Liver Cancer Association,,학회
26717263,26717255,Journal of Electromagnetic Engineering and Science,Journal of Electromagnetic Engineering and Science,등재,공학 > 전자/정보통신공학,2001,연4회,"한국어,영어",한국전자파학회,,,학회
,15980936,문화산업연구,Journal of Cultural Industry Studies,등재,사회과학 > 경영학 > 분야별경영 > 문화예술경영,2001,연4회,"한국어,영어",한국문화산업학회,Korea Society of Culture Industry,,학회
,15986160,한국지도학회지,Journal of the Korean Cartographic Association,등재,사회과학 > 지리학 > 지리학일반 > 지도학,2001,연3회,"한국어,영어",한국지도학회,The Korean Cartographic Association,,학회
22882294,22871705,한국치위생학회지,Journal of Korean society of Dental Hygiene,등재,의약학 > 치의학,2001,연6회,"한국어,영어",한국치위생학회,Korean Society of Dental Hygiene,,학회
26717042,26717034,교육녹색환경연구,The Journal of Sustainable Design and Educational Environment Research,등재,공학 > 건축공학 > 건축계획/설계,2001,연4회,한국어,(사)한국교육녹색환경연구원,Korea Institute of Sustainable Design and Educational Environment,,학회
,15986128,지방자치법연구,Local Government Law Journal,등재,사회과학 > 법학,2001,연4회,"한국어,한국어",한국지방자치법학회,Korean Local Government Law Assosition,,학회
,15981657,JOURNAL OF SEMICONDUCTOR TECHNOLOGY AND SCIENCE,JOURNAL OF SEMICONDUCTOR TECHNOLOGY AND SCIENCE,등재,공학 > 전기공학,2001,연6회,"한국어,영어",대한전자공학회,The Institute of Electronics and Information Engineers,,학회
,24660914,이상리뷰,YISang Review,등재후보,인문학 > 한국어와문학 > 국문학,2001,연1회,"한국어,영어",이상문학회,The Society of YiSang,,학회
2093744X,15982645,International Journal of Fuzzy Logic and Intelligent systems,International Journal of Fuzzy Logic and Intelligent systems,등재,공학 > 전기공학,2001,연4회,"영어,영어",한국지능시스템학회,Korean Institute of Intelligent Systems,,학회
,1598172X,경영컨설팅연구,Korean Management Consulting Review,등재,사회과학 > 경영학,2001,연4회,"한국어,영어",한국경영컨설팅학회,The Korean Society Of Management Consulting,,학회
22890246,22890238,한국인터넷방송통신학회 논문지,"The Journal of The Institute of Internet, Broadcasting and Communication",등재,공학 > 컴퓨터학 > 정보통신 > 정보통신시스템및응용,2001,연6회,"한국어,영어",한국인터넷방송통신학회,"The Institute of Internet, Broadcasting and Communication",,학회
25086723,15984877,한국콘텐츠학회 논문지,The Journal of the Korea Contents Association,등재,복합학 > 학제간연구,2001,연12회,"한국어,영어",한국콘텐츠학회,The Korea Contents Association,,학회
,15984184,독일연구 - 역사·사회·문화,"Korean Journal of German Studies - History, Society, Culture",등재,인문학 > 역사학,2001,연3회,"한국어,독일어",한국독일사학회,The Korean Society For German History,,학회
,15983692,동북아 문화연구,Journal of North-east Asian Cultures,등재,복합학 > 학제간연구,2001,연4회,"한국어,일본어",동북아시아문화학회,The Association of North-East Asian Cultures,,학회
22881522,19769334,한방비만학회지,Journal of Korean Medicine for Obesity Research,등재,의약학 > 한의학,2001,연2회,"한국어,영어",한방비만학회,The Society of Korean Medicine for Obesity Research,,학회
,15982653,언론과학연구,Journal of Communication Science,등재,사회과학 > 신문방송학,2001,연4회,"한국어,한국어",한국지역언론학회,Korean Regional Communication Research Association,,학회
2733418X,15983714,경찰학연구,The Journal of Police Science,등재,사회과학 > 법학,2001,연4회,"한국어,영어",경찰대학,Korea National Police University,경찰대학,대학부설연구소
,20051239,목회와상담,The Journal of Pastoral Care and Counseling,등재,인문학 > 기독교신학 > 목회상담학,2001,연2회,"한국어,영어",한국목회상담학회,The Korean Society for Pastoral Care and Counseling,,학회
,15982130,인문언어,Lingua Humanitatis,등재,인문학 > 기타인문학,2001,연2회,"영어,한국어",국제언어인문학회,International Association For Humanistic Studies In Language,,학회
20937776,22872434,Asian Oncology Nursing,Asian Oncology Nursing,등재,의약학 > 간호학,2001,연4회,"한국어,영어",대한종양간호학회,Korean Oncology Nursing Society,,학회
27339645,22871845,조세연구,,등재,사회과학 > 법학 > 분야별법 > 조세/세법,2001,연4회,"한국어,영어",한국조세연구포럼,Korea Tax Research Forum,,학회
2671776X,15982106,학습자중심교과교육연구,The Journal of Learner-Centered Curriculum and Instruction,등재,사회과학 > 교육학 > 교과교육학,2001,연12회이상,"한국어,영어",학습자중심교과교육학회,Korean Association For Learner-Centered Curriculum And Instruction,,학회
,17384354,무역통상학회지,Journal of Korea Research Association of International Commerce,등재,사회과학 > 무역학,2001,연6회,"한국어,영어",한국무역통상학회,Korea Research Association of International Commerce,,학회
,24662259,국가안보와 전략,National Security and Strategy,등재,사회과학 > 정치외교학,2001,연4회,"한국어,한국어",국가안보전략연구원,Institute for National Security Strategy,,학회
,15983749,한국패션디자인학회지,Journal of Fashion Design,등재,예술체육학 > 의상,2001,연4회,"한국어,영어",한국패션디자인학회,The Korean Society of Fashion Design,,학회
,19754477,한국무용학회지,Korean Journal of Dance,등재,예술체육학 > 기타예술체육,2001,연4회,"한국어,영어",한국무용학회,THE KOREAN SOCIETY OF DANCE STUDIES,,학회
,17388805,한국예술치료학회지,Korean Journal of Arts Therapy,등재,사회과학 > 심리과학 > 응용심리 > 디자인/예술심리,2001,연2회,"한국어,영어",한국예술치료학회,The Institute of Korean Arts Therapy (IKAT),,학회
,15981983,인터넷전자상거래연구,The Journal of Internet Electronic Commerce Research,등재,사회과학 > 경영학,2001,연6회,"한국어,영어",한국인터넷전자상거래학회,Korea Internet Electronic Commerce Association,,학회
15986233,12299367,"Steel and Composite Structures, An International Journal","Steel and Composite Structures, An International Journal",등재,공학 > 토목공학 > 구조공학,2001,연6회,영어,국제구조공학회,International Association of Structural Engineering And Mechanics,,학회
27141004,15986322,한국경찰연구,Korean Police Studies Review,등재,사회과학 > 행정학 > 분야별행정 > 경찰행정,2001,연4회,"한국어,영어",한국경찰연구학회,Korean Police Studies Association,,학회
22878211,15984540,한국게임학회 논문지,Journal of Korea Game Society,등재,복합학 > 학제간연구,2001,연6회,"한국어,영어",한국게임학회,Korea Game Society,,학회
20935676,22342141,Korean Journal of Health Promotion,Korean Journal of Health Promotion ,등재,자연과학 > 기타자연과학,2001,연4회,"한국어,영어",대한임상건강증진학회,Korean Society For Health Promotion And Disease Prevention,,학회
,15983870,예술경영연구,Korean association of arts management,등재,복합학 > 학제간연구,2001,연4회,"한국어,영어",한국예술경영학회,Korean Association Of Arts Management,,학회
26716674,15983072,ECO,ECO,등재,사회과학 > 사회학 > 환경사회학,2001,연2회,"한국어,영어",한국환경사회학회,The Korean Association For Environmental Sociology,,학회
26356066,15984397,한국보육학회지,Korean Journal of Child Education and Care,등재,사회과학 > 사회복지학 > 영유아복지,2001,연4회,한국어,한국보육학회,The Korean Socity For Child Education And Care,,학회
26717247,15981487,한국기록관리학회지,Journal of Korean Society of Archives and Records Management,등재,복합학 > 문헌정보학 > 기록관리/보존,2001,연4회,"한국어,영어",한국기록관리학회,Korean Society of Archives and Records Management,,학회
,1598270X,노동정책연구,Quarterly Journal of Labor Policy,등재,사회과학 > 사회과학일반,2001,연4회,"한국어,영어",한국노동연구원,Korea Labor Institute,,학회
27334279,23835214,무용역사기록학,The Journal of SDDH,등재,예술체육학 > 무용,2001,연4회,"한국어,영어",무용역사기록학회,The Society for Dance Documentation & History,,학회
15671739,15671739,Current Applied Physics,,등재,자연과학 > 물리학,2001,연12회,"영어,영어",한국물리학회,The Korean Physical Society,,학회
20926685,15982629,Immune Network,Immune Network,우수등재,의약학 > 면역학 > 기타면역학,2001,연6회,"영어,영어",대한면역학회,The Korean Association of Immunologists,,학회
,1976197X,영미문학연구,Journal of English Studies in Korea,등재,인문학 > 영어와문학,2001,연2회,"한국어,영어",영미문학연구회,Scholars For English Studies In Korea,,학회
,15985210,법과정책연구,Journal of Law and Politics research,등재,사회과학 > 법학,2001,연4회,한국어,한국법정책학회,Korean Association Of Law And Politics ,,학회
22889698,2288968X,KIEAE Journal,KIEAE Journal,등재,공학 > 건축공학,2001,연6회,"한국어,영어",한국생태환경건축학회,KOREA INSTITUTE OF ECOLOGICAL ARCHITECTURE AND ENVIRONMENT,,학회
,1598978X,관리회계연구,Korean Journal of Management Accounting Research,등재,사회과학 > 회계학,2001,연3회,"한국어,한국어",한국관리회계학회,Management Accounting Association of Korea,,학회
27338320,17389895,신뢰성 응용연구,Journal of Applied Reliability ,등재,공학 > 산업공학 > 품질관리및응용통계/신뢰성 > 신뢰성이론,2001,연4회,"한국어,영어",한국신뢰성학회,The Korean Reliability Society,,학회
26716453,15980839,한국기술교육학회지,THE KOREAN JOURNAL OF TECHNOLOGY EDUCATION,등재,사회과학 > 교육학,2001,연3회,"한국어,한국어",한국기술교육학회,Korean Technology Education Association,,학회
22346643,15982408,Journal of East Asian Studies,Journal of East Asian Studies,등재,사회과학 > 지역학,2001,연3회,영어,동아시아연구원,East Asia institute,,학회
27338983,17380545,윤리교육연구,Journal of Ethics Education Studies,등재,사회과학 > 교육학 > 교과교육학 > 윤리교육학,2001,연4회,"한국어,영어",한국윤리교육학회,The Korean Ethics Education Association,,학회
,1598267X,Journal of Confucian Philosophy and Culture,Journal of Confucian Philosophy and Culture,등재,인문학 > 유교학,2001,연2회,"영어,영어",유교문화연구소,Institute of Confucian Philosophy and Culture ,성균관대학교,대학부설연구소
,20938780,인문사회과학연구,Institute for Humanities and Social Sciences,등재,인문학 > 기타인문학,2001,연4회,한국어,인문사회과학연구소,"Institute for Humanities and Social Sciences, Pukyong National University",부경대학교,대학부설연구소
,15981681,Journal of Korean Law,,등재,사회과학 > 법학 > 법학일반,2001,연2회,영어,아시아태평양법연구소,Asia Pacific Law Institute,서울대학교,대학부설연구소
20935641,2093582X,Journal of Gastric Cancer,Journal of Gastric Cancer,등재,의약학 > 일반외과학 > 소화기외과 > 위/장,2001,연4회,"영어,영어",대한위암학회,Korean Gastric Cancer Association,,학회
20930429,15982467,Journal of Bacteriology and Virology,Journal of Bacteriology and Virology,등재,자연과학 > 생물학,2001,연4회,"한국어,영어",대한미생물학회,The Korean  Society For Microbiology,,학회
26624060,26624052,Oriental Pharmacy and Experimental Medicine,,등재,의약학 > 한의학 > 기초한의학,2001,연4회,영어,융합한의과학연구소,The Institute of Oriental Medicine,경희대학교,대학부설연구소
,20931700,동화와 번역,Children’s Literature and Translation,등재,인문학 > 문학 > 아동문학,2001,연2회,"한국어,영어",동화와번역연구소,Children's Literature and Translation Research Institure,건국대학교 GLOCAL(글로컬)캠퍼스,대학부설연구소
,15984311,일본어교육연구,The  Korea  Journal  Japanese  Education,등재,인문학 > 일본어와문학 > 일본어교육,2001,연4회,"한국어,일본어",한국일어교육학회,,,학회
,19757387,한국신석기연구,Journal of the Korean Neolithic Society,등재,인문학 > 역사학,2001,연2회,한국어,한국신석기학회,The Korean Neolithic Society,,학회
,15982114,민주주의와 인권,,등재후보,사회과학 > 사회과학일반 > 기타사회과학일반,2001,연4회,"한국어,영어",5.18연구소,May 18 Research Institute ,전남대학교,대학부설연구소
20934718,15982092,Journal of Power Electronics,Journal of Power Electronics,등재,공학 > 전기공학 > 전력전자,2001,연6회,"영어,영어",전력전자학회,The Korean Institute Of Power Electronics,,학회
22335706,15982033,한국건축시공학회지,Journal of the Korea Institute of Building Construction,등재,공학 > 건축공학,2001,연6회,"한국어,영어",한국건축시공학회,,,학회
22337679,15984478,치위생과학회지,Journal of Dental Hygiene Science,등재,의약학 > 치의학,2001,연4회,"영어,영어",한국치위생과학회,The Korean Society of Dental Hygiene Science,,학회
,1598253X,한국도시환경학회지,Journal of the Korean Society of Urban Environment,등재,공학 > 환경공학 > 수질공학 > 하수도,2001,연4회,"한국어,영어",한국도시환경학회, The Korean Society Of Urban Environment,,학회
22876723,17382424,한국방재학회논문집,Journal of The Korean Society of Hazard Mitigation,등재,공학 > 기타공학,2001,연6회,"한국어,영어",한국방재학회,Korean Society Of Hazard Mitigation,,학회
20936311,15982351,International Journal of STEEL STRUCTURES,International Journal of STEEL STRUCTURES,등재,공학 > 토목공학,2001,연6회,영어,한국강구조학회,Korean Society Of Steel Construction,,학회
,15984303,유아특수교육연구,Korean Journal of Early Childhood Special Education,등재,사회과학 > 교육학,2001,연4회,"한국어,영어",한국유아특수교육학회,Korean Journal Of Early Childhood Special Education,,학회
27138070,17387760,영남학,,등재,인문학 > 기타인문학,2001,연4회,"한국어,영어",영남문화연구원,Institute of Youngnam Culture,경북대학교,대학부설연구소
,15982661,Sungkyun Journal of East Asian Studies,,등재,복합학 > 학제간연구,2001,연2회,영어,동아시아학술원,The Academy of East Asian Studies,성균관대학교,대학부설연구소
23838272,15985504,농업생명과학연구,Journal of Agriculture & Life Science,등재,자연과학 > 자연과학일반 > 기타자연과학일반,2001,연6회,"한국어,영어",농업생명과학연구원,"Institute of Agriculture & Life Science, Gyeongsang National University",경상대학교,대학부설연구소
22877401,15984095,한국공간구조학회지,JOURNAL OF THE KOREAN ASSOCIATION FOR AND SPATIAL STRUCTURES,등재,공학 > 건축공학 > 건축구조 > 셈및공간구조,2001,연4회,"한국어,영어",한국공간구조학회,Korean Association for Spatial Structures,,학회
27140016,1598382X,한국SCM학회지,Journal of the Korean Society of Supply Chain Management,등재,공학 > 산업공학,2001,연2회,"한국어,영어",한국SCM학회,,,학회
27338789,15984192,페미니즘연구,Issues in Feminism,등재,복합학 > 여성학 > 기타여성학,2001,연2회,"한국어,영어",한국여성연구소,Korean Womens Studies Institute,,일반기관
27338452,15984176,한국문화연구,The Korean Cultural Studies,등재,인문학 > 기타인문학,2001,연2회,한국어,한국문화연구원,Korea Culture Research Institute,이화여자대학교,대학부설연구소
25867474,15981398,영어학,Korean Journal of English Language and Linguistics,우수등재,인문학 > 영어와문학,2001,연4회,"한국어,영어",한국영어학회,The Korean Association for the Study of English Language and Linguistics,,학회
25087460,15987329,융합보안 논문지,Journal of convergence security,등재,공학 > 공학일반 > 기타공학일반,2001,연5회,"한국어,영어",한국융합보안학회,Korea Convergence Security Association,,학회
20935501,20928882,Research in Vestibular Science,Research in Vestibular Science,등재,의약학 > 신경과학 > 신경안과/이과학,2002,연4회,"한국어,영어",대한평형의학회,The Korean Balance Society,,학회
,17390540,종교문화비평,The Critical Review of Religion and Culture,등재,인문학 > 종교학,2002,연2회,"한국어,영어",종교문화비평학회,,,학회
27339882,15986500,사회와 이론,Society and Theory,등재,사회과학 > 사회학 > 기타사회학,2002,연2회,"한국어,한국어",한국이론사회학회,Korean Society for Social Theory,,학회
,26716194,조형미디어학,A Treatise on The Plastic Media,등재,예술체육학 > 미술 > 기타미술,2002,연4회,"한국어,영어",한국일러스아트학회,Society Of Korea Illusart,,학회
27138402,15997057,에너지경제연구,Korea Energy Economic Review,등재,사회과학 > 경제학,2002,연2회,"한국어,영어",재단법인 에너지경제연구원,Korea Energy Economics Institute,,일반기관
,17382777,MICE관광연구,JOURNAL OF MICE & TOURISM RESEARCH,등재,사회과학 > 관광학 > 컨벤션/이벤트산업,2002,연4회,"한국어,영어",한국마이스관광학회,Korea MICE Tourism Society,,학회
,1474905X,Photochemical & Photobiological Sciences,Photochemical & Photobiological Sciences,등재,자연과학 > 물리학 > 광학및양자전자학 > 광과학,2002,연12회,"한국어,영어",한국광과학회,Korean Society Of Photoscience,,학회
2671650X,15988252,음악교육공학,Journal of Music Education Science,등재,예술체육학 > 음악학,2002,연4회,"한국어,영어",한국음악교육공학회,The Korean Society of Music Education Technology,,학회
,17380286,어린이미디어연구,Journal of Children’s Media & Education,등재,사회과학 > 교육학 > 분야교육 > 유아교육,2002,연4회,"한국어,영어",한국어린이미디어학회,Korean Association for Children’s Media & Education,,학회
26716178,1598513X,영어교과교육,Journal of the Korea English Education Society,등재,인문학 > 영어와문학 > 영어교육,2002,연4회,"한국어,영어",한국영어교과교육학회,The Korea English Education Society,,학회
,15986675,아시아연구,The Journal of Asian Studies,등재,사회과학 > 지역학,2002,연4회,"한국어,영어",한국아시아학회,The Korean Association Of Asian Studies(Kaas),,학회
,17380510,생태유아교육연구,The Journal of Eco Early Childhood Education & Care,등재,사회과학 > 교육학 > 분야교육 > 유아교육,2002,연4회,"한국어,영어",한국생태유아교육학회,The Korean Society For Eco Early Childhood Education & Care,,학회
27140067,15988503,중국문화연구,The Journal of Chinese Cultural Studies ,등재,인문학 > 중국어와문학 > 중문학 > 중국문화학,2002,연4회,"한국어,중국어",중국문화연구학회,The Society For Chinese Cultural Studies,,학회
,15989852,고고학,Archaeology: Journal of the Jungbu Archaeological Society,등재,인문학 > 역사학 > 고고학,2002,연3회,"한국어,영어",중부고고학회,The Jungbu Archaeological Society,,학회
23840757,17381495,Dementia and Neurocognitive Disorders(대한치매학회지),Dementia and Neurocognitive Disorders,등재,의약학 > 신경과학,2002,연4회,"한국어,영어",대한치매학회,Korean Dementia Association,,학회
,19758448,신약연구,Korean Evangelical New Testament Sudies,등재,인문학 > 기독교신학 > 신약학,2002,연4회,"한국어,영어",한국복음주의신약학회,Korean Evangelical Society of New Testament Studies,,학회
,15987817,한국정책연구,The Journal of Korean Policy Studies,등재,사회과학 > 행정학 > 기타행정학,2002,연4회,"한국어,한국어",경인행정학회,The Kyong-In Society For Public Administration(Kispa),,학회
22880771,15986721,한국기계가공학회지,Journal of the Korean Society of Manufacturing Process Engineers,등재,공학 > 기계공학,2002,연12회,"한국어,영어",한국기계가공학회,The Korean Society Of Manufacturing Process Engineers,,학회
26715562,1598771X,감정평가학논집,,등재,사회과학 > 국제/지역개발 > 기타국제/지역개발,2002,연3회,"한국어,한국어",한국감정평가학회,Korea Appraisal Society,,학회
,1599712x,기억과 전망,Memory & Vision,등재,사회과학 > 사회학,2002,연2회,"한국어,영어",한국민주주의연구소,Institute for Korean Democracy,,학회
23841729,17380774,한국ITS학회 논문지,The Journal of The Korea Institute of Intelligent Transportation Systems,등재,공학 > 전자/정보통신공학 > 기타전자/정보통신공학,2002,연6회,"한국어,영어",한국ITS학회,The Korea Institute Of Intelligent Transport Systems,,학회
,15987914,International Journal of Buddhist Thought and Culture,International Journal of Buddhist Thought and Culture,등재,인문학 > 불교학,2002,연2회,"영어,영어",불교학술원,,동국대학교,대학부설연구소
,19763891,한국인사행정학회보,Korean Public Personnel Administration Review,등재,사회과학 > 행정학,2002,연4회,"한국어,영어",한국인사행정학회,Korean Society For Public Personnel Administration ,,학회
,15989585,일본언어문화,Journal of japanese Language and Culture,등재,인문학 > 일본어와문학 > 일본어학 > 기타일본어학,2002,연4회,"한국어,일본어",한국일본언어문화학회,Japanese Language & Culture Association of Korea,,학회
2288923X,22889167,실내환경 및 냄새 학회지,Journal of Odor and Indoor Environment,등재,공학 > 환경공학 > 기타환경공학,2002,연4회,"한국어,영어",한국냄새환경학회,Korean Society Of Odor Research And Engineering,,학회
22879528,25082876,한국지반신소재학회 논문집,Journal of the Korean Geosynthetics Society,등재,공학 > 토목공학,2002,연4회,"한국어,영어",한국지반신소재학회,Korean Geosynthetics society,,학회
,15986888,동아인문학,DONGAINMUNHAK,등재,인문학 > 기타인문학,2002,연4회,"한국어,중국어",동아인문학회,The Scociety For Humanities Studies In East Asia,,학회
26721821,20055587,예술과 미디어,The Korean Journal of Art and Media,등재,예술체육학 > 예술일반 > 기타예술일반,2002,연2회,"한국어,영어",예술과미디어학회,The Korean Society of Art and Media,,학회
,19761996,언론과 법,"Journal of Media Law, Ethics and Policy",등재,사회과학 > 신문방송학 > 신문방송학일반 > 언론/미디어법제,2002,연3회,"한국어,한국어",(사)한국언론법학회,"Korean Society For Media Law, Ethics And Policy Research",,학회
,15985008,한국정당학회보,Korean Party Studies Review,등재,사회과학 > 정치외교학 > 비교정치 > 정치권력/정치과정,2002,연4회,한국어,한국정당학회,The Korean Association Of Party Studies,,학회
,15985903,교육방법연구,The Korean Journal of Educational Methodology Studies,등재,사회과학 > 교육학,2002,연4회,한국어,한국교육방법학회,The Korean Journal Of Educational  Methodology Studies,,학회
,22874089,디자인융복합연구(구.인포디자인이슈),Design Convergence Study,등재,예술체육학 > 디자인,2002,연6회,"한국어,영어",디자인융복합학회(구.한국인포디자인학회),Society of Design Convergence,,학회
,17388988,환경철학,Environmental Philosophy,등재,인문학 > 철학 > 철학일반 > 과학/자연철학,2002,연2회,"한국어,영어",한국환경철학회,The Korean Society For The Study Of Environmental Philosophy,,학회
,20053231,초등상담연구,The Korean Journal of Elementary Counseling,등재,사회과학 > 교육학,2002,연4회,한국어,한국초등상담교육학회,Korean Elementary Counselor Education Association,,학회
,26356309,한국소통학보 ,"Journal of Speech, Media and Communication Research",등재,사회과학 > 신문방송학 > 커뮤니케이션학 > 휴먼커뮤니케이션,2002,연4회,"한국어,영어",한국소통학회,Korean Speech & Communication Association,,학회
,15988082,국학연구,Korean Studies,등재,인문학 > 기타인문학,2002,연3회,"한국어,영어",한국국학진흥원,The Korean Studies Institute ,,학회
,17382270,반도체디스플레이기술학회지,Journal of the Semiconductor & Display Technology,등재,공학 > 전기공학 > 반도체 > 반도체공정,2002,연4회,"한국어,영어",한국반도체디스플레이기술학회,The Korean Society of Semiconductor & Display  Technology,,학회
,15997324,미술사와 시각문화,Art History and Visual Culture,등재,예술체육학 > 미술,2002,연2회,"한국어,영어",미술사와 시각문화학회,Art History and Visual Culture Association,,학회
,1738866X,한국민간경비학회보,Journal of The Korean Society of Private Security,등재,사회과학 > 행정학 > 분야별행정 > 경찰행정,2002,연4회,"한국어,한국어",한국민간경비학회,The Korean Society of Private Security,,학회
27141136,15989232,가톨릭신학,The Catholic Theology,등재,인문학 > 가톨릭신학,2002,연2회,"한국어,영어",한국가톨릭신학학회,CATHOLIC THEOLOGICAL ASSOCIATION OF KOREA,,학회
,15984605,Journal of Integrated Design Research,Journal of Integrated Design Research,등재,예술체육학 > 디자인 > 기타디자인,2002,연4회,한국어,디자인연구소,Design Institute of Inje University,인제대학교,대학부설연구소
27141195,19754949,영재와 영재교육,The Journal of the Korean Society for Gifted and Talented,등재,사회과학 > 교육학 > 분야교육 > 영재교육,2002,연4회,"한국어,한국어",한국영재교육학회,The Korean Society for Gifted and Talented,,학회
,15984990,일본연구,,등재,인문학 > 일본어와문학,2002,연2회,"한국어,일본어",글로벌일본연구원,Global Institute for Japanese Studies,고려대학교,대학부설연구소
,20927681,시민과 세계,,등재후보,사회과학 > 사회과학일반,2002,연2회,한국어,참여연대,People's Solidarity for Participatory Democracy,,일반기관
,15985954,한국동양정치사상사연구,The Review of Korean and Asian Political Thoughts,등재,사회과학 > 정치외교학 > 정치사상 > 동양정치사상,2002,연2회,"한국어,일본어",한국동양정치사상사학회,The Association For Korean And Asian Political Thoughts,,학회
22346473,15987248,Industrial Engineering & Management Systems,Industrial Engineering & Management Systems An International Journal,등재,공학 > 산업공학,2002,연4회,"한국어,한국어",대한산업공학회,Korean Institute Of Industrial Engineers,,학회
,15989267,한국문예창작,The Journal of Literary Creative Writing,등재,인문학 > 문학,2002,연3회,한국어,한국문예창작학회,The Society Of Korean Literary Creative Writing,,학회
15986896,15986896,전산회계연구,Korean Computers and Accounting Review,등재,사회과학 > 회계학 > 회계정보시스템,2002,연2회,"한국어,영어",한국전산회계학회,Korean Association Of Computers And Accounting(Kaoca),,학회
,17384508,조직신학연구,Studies in Systematic Theology,등재후보,인문학 > 기독교신학 > 조직신학,2002,연3회,"한국어,영어",한국복음주의조직신학회,Systematic Theology Division of Korea Evangelical Theological Society,,학회
,15987043,특수교육,Special Education Research,등재,사회과학 > 교육학 > 분야교육 > 특수교육,2002,연4회,"한국어,영어",특수교육연구소,Special Education Research Institute,이화여자대학교,대학부설연구소
,19754256,한국IT서비스학회지,Journal of Information Technology Services,등재,사회과학 > 경영학 > 경영학일반 > 경영과학,2002,연6회,"한국어,영어",한국IT서비스학회,Korea Society Of IT Services,,학회
27137082,20934130,사회복지실천과 연구,Social Work Practice & Research,등재,사회과학 > 사회복지학,2002,연3회,한국어,사회복지연구소,,이화여자대학교,대학부설연구소
27140563,15997650,문학과환경,Literature and Environment,등재,인문학 > 문학,2002,연4회,"한국어,영어",문학과환경학회,ASLE-KOREA,,학회
22885528,19766513,한국컴퓨터게임학회논문지,Journal of The Korean Society for Computer Game,등재,공학 > 공학일반 > 기타공학일반,2002,연4회,"영어,한국어",(사)한국컴퓨터게임학회,Korean Society For Computer Game,,학회
27137252,1738124X,金融工學硏究,Korean Journal of Financial Engineering,등재,사회과학 > 경영학,2002,연4회,"한국어,영어",한국금융공학회,Korean Association of Financial Engineering,,학회
27138860,17380936,인천학연구,The Journal of Incheon Studies,등재,인문학 > 기타인문학,2002,연2회,"한국어,영어",인천학연구원,INCHEON UNIVERSITY,인천대학교,대학부설연구소
26719584,17380979,人文學硏究,Study of Humanities,등재,인문학 > 기타인문학,2002,연2회,한국어,인문학연구소, Humanities Research Institute,인천대학교,대학부설연구소
26720124,26358875,산업융합연구,Journal of Industrial Convergence,등재후보,복합학 > 학제간연구,2003,연6회,"한국어,영어",대한산업경영학회,Dae Han Society of Industrial Management,,학회
,15988376,한국체육정책학회지,Korean Society of Sport Policy,등재,예술체육학 > 체육 > 체육일반 > 체육사,2003,연4회,"한국어,영어",한국체육정책학회,Korean Society  Of Sport Policy(Kssp),,학회
27136442,27136434,디지털융복합연구,Journal of Digital Convergence,등재,복합학 > 과학기술학 > 기타과학기술학,2003,연12회,"한국어,영어",한국디지털정책학회,The Society of Digital Policy & Management,,학회
,17380456,한중사회과학연구,Korean-Chinese Social Science Studies,등재,사회과학 > 지역학,2003,연4회,"한국어,중국어",한중사회과학학회,Korea-China Social Science Association,,학회
26715546,15988694,한국사전학,Journal of Korealex,등재,인문학 > 사전학,2003,연2회,"한국어,영어",한국사전학회,The Korean Association For Lexicography (Korealex),,학회
1225004X,20058640,한국심리치료학회지,,등재,사회과학 > 심리과학 > 상담심리/심리치료,2003,연2회,"한국어,영어",한국심리치료학회,Korean Association of Psychotherapy,,학회
2671972X,17381223,통번역교육연구,The Journal of Interpretation and Translation Education,등재,인문학 > 통역번역학 > 통역번역,2003,연3회,"한국어,영어",한국통번역교육학회,The Korean Association Of Interpretation And Translation Education,,학회
22335633,15988341,대한비뇨기종양학술지,The Korean Journal of Urological Oncology,등재,의약학 > 비뇨기과학 > 비뇨생식기종양,2003,연3회,"한국어,영어",대한비뇨기종양학회,The Korean Urological Oncology Society,,학회
20054092,15986446,"International Journal of Control, Automation, and Systems","International Journal of Control, Automation, and Systems",등재,공학 > 제어계측공학,2003,연12회,"영어,영어",제어·로봇·시스템학회,"Institute of Control, Robotics and Systems",,학회
,17381576,한국항공경영학회지,Journal of the Aviation Management Society of Korea,등재,사회과학 > 경영학,2003,연6회,"한국어,한국어",한국항공경영학회,Aviation Management Society Of Korea,,학회
,1738768X,개혁논총,Korea Reformed Journal,등재후보,인문학 > 기독교신학,2003,연4회,"한국어,영어",개혁신학회,The Society of Reformed Theology,,학회
,12266183,농약과학회지,THE KOREAN JOURNAL OF PESTICIDE SCIENCE,등재,농수해양학 > 농학,2003,연4회,"한국어,영어",한국농약과학회,The Korean Society Of Pesticide Science,,학회
,17383250,한국스포츠학회,The Korean Journal of Sport,등재,예술체육학 > 체육 > 기타체육,2003,연2회,"한국어,영어",한국스포츠학회,Korea Sport Society,,학회
,17380170,청소년시설환경,YOUTH FACILITIES AND ENVIRONMENT,등재,복합학 > 학제간연구,2003,연4회,"한국어,영어",한국청소년시설환경학회,Korea Institute of Youth Facility & Environment,,학회
25867628,1738351X,교육종합연구,The Journal of Educational Research,등재후보,사회과학 > 교육학,2003,연4회,"한국어,한국어",교육종합연구원,The Educational Research Institute,,학회
,19754469,인문콘텐츠,Humanities Contents,우수등재,인문학 > 기타인문학,2003,연4회,"한국어,한국어",인문콘텐츠학회,Korea Humanities Content Society,,학회
22888853,17380294,한국버섯학회지,Journal of Mushrooms,등재,농수해양학 > 농학 > 농생물 > 균류학,2003,연4회,"한국어,영어",한국버섯학회,The Korean Society Of Mushroom Science,,학회
,15988813,로고스경영연구,Logos Management Review,등재,사회과학 > 경영학 > 기타경영학,2003,연4회,"한국어,영어",한국로고스경영학회,The Korean Association Of Logos Management,,학회
,15989208,해양비즈니스,Journal of Maritime Business,등재,사회과학 > 경영학 > 분야별경영 > 수산해운해양경영,2003,연3회,"한국어,영어",한국해양비즈니스학회,Korea Association Of Maritime Business,,학회
22885072,2233470X,The Korean Journal of International Studies,,등재,사회과학 > 정치외교학,2003,연3회,영어,한국국제정치학회,The Korean Association Of International Studies,,학회
,15987760,호텔리조트연구,Journal of Hotel & Resort,등재,사회과학 > 관광학,2003,연6회,"한국어,영어",한국호텔리조트학회,Korea Hotel & Resort Association,,학회
,17381320,대한임상독성학회지,Journal of the Korean society of clinical toxicology,등재,의약학 > 응급의학 > 구급의학 > 독극물학,2003,연2회,"한국어,영어",대한임상독성학회,Korean Society of Clinical Toxicology,,학회
22882790,22880291,한국자원공학회지,Journal of the Korean Society of Mineral and Energy Resources Engineers,우수등재,공학 > 자원공학,2003,연6회,"한국어,영어",한국자원공학회,The Korean Society of Mineral and Energy Resources Engineers,,학회
22881956,15989100,Intestinal research,,등재,의약학 > 내과학,2003,연4회,영어,대한장연구학회,Korean Association for the Study of Intestinal Disease ,,학회
,17381002,한국지역경제연구,JOURNAL OF KOREA REGIONAL ECONOMICS,등재,사회과학 > 경제학 > 권역경제 > 지역경제,2003,연3회,"한국어,영어",한국지역경제학회,THE KOREA REGIONAL ECONOMIC ASSOCIATION,,학회
,1598981X,공연문화연구,The Research of Performance Art and Culture,등재,예술체육학 > 예술일반 > 기타예술일반,2003,연2회,"한국어,한국어",한국공연문화학회,The Society of Korean Performance Art and Culture,,학회
,17381789,미술이론과 현장,The Journal of Art Theory & Practice,등재,예술체육학 > 미술,2003,연2회,"한국어,영어",한국미술이론학회,The Korean Society of  Art Theories,,학회
27141209,20059949,국제경제법연구,Korean Journal of International Economic Law,등재,사회과학 > 법학 > 공법 > 국제경제법,2003,연3회,"한국어,영어",(사)한국국제경제법학회,Korean Society of International Economic Law,,학회
,22338179,여가학연구,Journal of Leisure Studies,등재,복합학 > 학제간연구,2003,연4회,"한국어,영어",여가문화학회,Society For Leisure And Culture Studies,,학회
,17390745,복음과 상담,Journal of Counseling and Gospel ,등재,인문학 > 기독교신학 > 목회상담학,2003,연2회,한국어,한국복음주의상담학회,Korean Evangelical Counseling Society,,학회
,17380227,불교미술사학,BULKYOMISULSAHAK,등재,예술체육학 > 미술 > 미술일반 > 미술사,2003,연2회,"한국어,영어",불교미술사학회,Bulkyomisulsahak,,학회
,17385172,한국지방공기업학회보,The Korean Journal of Local Public Enterprises,등재후보,사회과학 > 사회과학일반,2003,연3회,"한국어,일본어",한국지방공기업학회,,,학회
,15988732,한일군사문화연구,Journal of Korean-Japanese Military and Culture,등재,사회과학 > 군사학 > 기타군사학,2003,연2회,"한국어,일본어",한일군사문화학회,,,학회
,17388309,예술교육연구,Korean Journal of Arts Education,등재,사회과학 > 교육학 > 교과교육학 > 예술교육학,2003,연4회,한국어,한국예술교육학회,Korean Association Of Arts Education(Kaae),,학회
,17380804,한국보훈논총,Journal of Patriots and Veterans Affairs in the Republic of Korea,등재,사회과학 > 사회학 > 기타사회학,2003,연4회,"한국어,한국어",한국보훈학회,The Korean Association for Patriots and Veterans Affairs Studies,,학회
22348883,22348255,Journal of Information and Communication Convergence Engineering,Journal of Information and Communication Convergence Engineering,등재,공학 > 전자/정보통신공학,2003,연4회,영어,한국정보통신학회,The Korea Institute of Information and Communication Engineering,,학회
,17380960,우울조울병,Mood and Emotion,등재,의약학 > 정신과학 > 정신장애 > 정동장애,2003,연3회,"한국어,영어",대한우울조울병학회,Korean Society for Affective Disorders,,학회
,15998258,미디어 경제와 문화,Journal of Media Economics & Culture,등재,사회과학 > 신문방송학 > 기타신문방송학,2003,연4회,"한국어,영어",(주)에스비에스,,,일반기관
2384115X,17380405,대한감각통합치료학회지,The Journal of Korean Academy of Sensory Integration,등재,의약학 > 작업치료학 > 감각통합치료,2003,연3회,"한국어,영어",대한감각통합치료학회,Korean Academy Of Sensory Integration ,,학회
25083961,17380316,주거환경,Journal of The Residential Environment Institute of Korea,등재,사회과학 > 국제/지역개발,2003,연4회,"한국어,일본어",한국주거환경학회,Residential Environment Institute Of Korea,,학회
24662054,24662046,아시안뷰티화장품학술지,Asian Journal of Beauty and Cosmetology,등재,예술체육학 > 미용,2003,연4회,"한국어,영어",한국피부과학연구원,Korea Institute of Dermatological Sciences,,일반기관
25086472,25086227,PNF and Movement,PNF and Movement,등재,의약학 > 물리치료학,2003,연3회,"한국어,영어",대한고유수용성신경근촉진법학회,Proprioceptive Neuromuscular Facilitation Association - Korea,,학회
,17381177,패션과 니트,,등재,예술체육학 > 의상 > 패션디자인,2003,연3회,"한국어,영어",한국니트디자인학회,The Korean Society Of Knit Design,,학회
20937571,15988619,한국정보기술학회논문지,Journal of Korean Institute of Information Technology,등재,공학 > 공학일반 > 기타공학일반,2003,연12회,"한국어,영어",한국정보기술학회,Korean Institute Of Information Technology,,학회
,15988465,중국과 중국학,China and Sinology,등재,사회과학 > 지역학 > 지역학일반,2003,연3회,"한국어,중국어",중국연구센터,China Research Center,영남대학교,대학부설연구소
2093808X,15988430,한국가시화정보학회지,Journal of The Korean Society of Visualization,등재,공학 > 기계공학,2003,연3회,"한국어,영어",한국가시화정보학회,The Korean Society Of Visualization,,학회
26716143,22873546,한국전통문화연구,The Journal Of Korean Cultural Heritage,등재후보,복합학 > 학제간연구,2003,연2회,한국어,전통문화연구소,The Research Institute of Cultural Heritage  ,한국전통문화대학교,대학부설연구소
,15998568,시민사회와 NGO,,등재,사회과학 > 사회과학일반 > 기타사회과학일반,2003,연2회,한국어,제3섹터연구소,The Third Sector Institute,한양대학교,대학부설연구소
27141365,15988961,경찰법연구,Journal of Police & Law,등재,사회과학 > 법학,2003,연3회,"한국어,한국어",한국경찰법학회,Korean Association  of  Police & Law,,학회
25864475,19762313,정부회계연구,Korean Governmental Accounting Review,등재,사회과학 > 행정학 > 재무행정,2003,연3회,"한국어,영어", (사)한국정부회계학회,The Korean Association For Governmental Accounting,,학회
27139549,15989984,NGO연구,The Journal of NGO Studies,등재,사회과학 > 사회과학일반,2003,연3회,"한국어,영어",한국NGO학회,The Korean Association 0f Ngo Studies,,학회
,17389607,전자무역연구,,등재,사회과학 > 무역학,2003,연4회,한국어,한국전자무역연구소,Korea E-Trade Research Institute,중앙대학교,대학부설연구소
,1738365X,분쟁해결연구,Dispute Resolution Studies Review,등재,사회과학 > 사회과학일반 > 기타사회과학일반,2003,연3회,"한국어,영어",분쟁해결연구센터,Dankook Center for Dispute Resolution ,단국대학교,대학부설연구소
,20934610,금융지식연구,,등재,사회과학 > 경제학 > 금융(화폐)경제 > 증권/주식/채권,2003,연3회,"한국어,영어",금융지식연구소,Institute for Insurance and knowledge Myong Ji University,명지대학교(서울캠퍼스),대학부설연구소
22885471,17381894,방사성폐기물학회지,Journal of Nuclear Fuel Cycle and Waste Technology,등재,공학 > 원자력공학,2003,연4회,"한국어,영어",한국방사성폐기물학회,Korean Radioactive Waste Society,,학회
20934327,17381088,Clinical Psychopharmacology and Neuroscience,,등재,의약학 > 정신과학 > 정신약물학/약품학,2003,연4회,영어,대한정신약물학회,,,학회
,17380863,브랜드디자인학연구,A Journal of Brand Design Association of Korea,등재,예술체육학 > 디자인,2003,연4회,"한국어,영어",사단법인 한국브랜드디자인학회,Brand Design Association Of Korea,,학회
27334589,17383986,아동복지연구 , Journal of Child Welfare and Development,등재,자연과학 > 생활과학 > 아동학,2003,연2회,"한국어,영어",대한아동복지학회,The Korean Association of Child Welfare,,학회
25087592,17382122,Journal of International Logistics and Trade,,등재,사회과학 > 무역학 > 국제운송및물류,2003,연4회,영어,정석물류통상연구원,Jungseok Research Institute of International Logistics and Trade,인하대학교,대학부설연구소
27339580,17381118,사회법연구,Journal of Social Security Law,등재,사회과학 > 법학 > 분야별법 > 사회보장/사회법,2003,연3회,"한국어,영어",한국사회법학회,The Korean Association of Social Security Law,,학회
,19761597,ASIAN JOURNAL OF TECHNOLOGY INNOVATION,ASIAN JOURNAL OF TECHNOLOGY INNOVATION,등재,복합학 > 과학기술학,2004,연3회,"한국어,영어",기술경영경제학회,The Korean Society For Technology Management & Economics,,학회
26716682,17383978,여성경제연구,The Journal of Women and Economics,등재,사회과학 > 경제학 > 경제학일반 > 성별경제학,2004,연4회,"한국어,영어",한국여성경제학회,Korean Women Economists Association(Kwea),,학회
,1738477X,국어사연구,Korean Historical Linguistics,등재,인문학 > 한국어와문학 > 국어학 > 국어사,2004,연2회,"한국어,영어",국어사학회,The Society Of Korean Historical Linguistics,,학회
,17383951,법경제학연구,Korean Journal of Law and Economics,등재,사회과학 > 법학 > 법학일반 > 법경제학,2004,연3회,"한국어,영어",한국법경제학회,Korean Law And Economics Association,,학회
19763026,17383684,PSYCHIATRY INVESTIGATION,,등재,의약학 > 정신과학,2004,연12회,"영어,영어",대한신경정신의학회,Korean Neuropsychiatric Association,,학회
,17383641,언어와 문화,The language and Culture,등재,인문학 > 한국어와문학,2004,연4회,"한국어,영어",한국언어문화교육학회,Korean Language And Culture Education Society,,학회
,17388473,한국도자학연구,The Journal of the Korean Society of Ceramic Art,등재후보,예술체육학 > 미술 > 기타미술,2004,연3회,"한국어,중국어",한국도자학회,Korea Society Of Ceramic Art,,학회
27340112,1738463X,한국심리학회지:학교,The Korean Journal of School Psychology,등재,사회과학 > 심리과학 > 학교/교육심리,2004,연3회,"한국어,영어",한국심리학회산하학교심리학회,The Korean Journal of School Psychology,,학회
,17382793,한국언어문화학,Journal of the International Network for Korean Language and Culture,등재,사회과학 > 교육학 > 교과교육학 > 한국어교육학,2004,연3회,"한국어,영어",국제한국언어문화학회,International Network For Korean Language And Culture (Ink),,학회
26719894,,국제한인문학연구,The Journal for Oversea Korean Literature,등재,인문학 > 한국어와문학 > 국문학 > 기타국문학,2004,연3회,한국어,국제한인문학회,The International Association  For Literature Of Korean Residents Abroad,,학회
,17383706,금융법연구,Korea Financial Law Association,등재,사회과학 > 법학,2004,연3회,"한국어,영어",한국금융법학회,,,학회
,17383382,유라시아연구,The Journal of Eurasian Studies,등재,사회과학 > 기타사회과학,2004,연4회,"한국어,영어",아시아.유럽미래학회,Asia-Europe Perspective Association,,학회
26715864,17383595,한국조직학회보,Korean Review of Organizational Studies,등재,사회과학 > 행정학 > 행정조직/관리,2004,연4회,"한국어,영어",한국조직학회,Korean Association for Organizational Studies,,학회
,17385032,한국치안행정논집,Journal of Korean Public Police and Security Studies,등재,사회과학 > 행정학 > 분야별행정 > 경찰행정,2004,연4회,"한국어,영어",한국치안행정학회,Korean Association for Public Security Administration,,학회
27340228,17387337,학습장애연구,The Korea Journal of Learning Disabilities,등재,사회과학 > 교육학,2004,연3회,"한국어,영어",한국학습장애학회,The Korea Learning Disabilities Association,,학회
,19760930,18세기영문학,The Journal of Eighteenth-Century English LIterature,등재,인문학 > 영어와문학,2004,연2회,"한국어,영어",한국18세기영문학회,The Korean Society for Eighteenth-Century English LIterature,,학회
,19759053,OOH광고학연구,Journal of OOH Advertising Research,등재,사회과학 > 신문방송학,2004,연4회,한국어,한국OOH광고학회,KOREAN ACADEMY OF OOH ADVERTISING,,학회
1598818x,15988198,"Computers and Concrete, An International Journal","Computers and Concrete, An International Journal",등재,공학 > 토목공학 > 구조공학,2004,연6회,한국어,사단법인 한국계산역학회,Korea Association for Computational Mechanics(KACM),,학회
27136566,23841176,대한건선학회지,,등재후보,의약학 > 피부과학,2004,연2회,"한국어,영어",대한건선학회,The Korean Society for Psoriasis,,학회
26717212,17381800,독서치료연구,,등재,복합학 > 학제간연구,2004,연2회,"한국어,영어",한국독서치료학회,Korean Association Of Bibliotherapy,,학회
,1225004X,전시디자인연구,,등재후보,예술체육학 > 디자인 > 환경디자인 > 생활/실내디자인,2004,연2회,한국어,대한전시디자인학회,Korean Society of Exhibition Design Studies,,학회
24657913,19755805,포르투갈-브라질 연구,Journal of Lusophone Area Studies,등재,사회과학 > 지역학,2004,연2회,"한국어,포르투갈어",한국 포르투갈-브라질 학회,Korean Association of Lusophone Area Studies(KALAS),,학회
,17385539,PREVIEW : 디지털영상학술지,PREVIEW : The Korean Journal of Digital Moving Image,등재후보,예술체육학 > 영화,2004,연2회,"한국어,영어",한국디지털영상학회,Korean Association of Digital Moving Image,,학회
,17385377,교회사학,Research journal of Catholic Church History,등재,인문학 > 가톨릭신학 > 교회사,2004,연1회,"한국어,한국어",(재)천주교수원교구 수원교회사연구소,Suwon Research Institute of Catholic Church History,,일반기관
26715791,22882774,인간행동과 음악연구,Journal of Music and Human Behavior,등재,예술체육학 > 음악학,2004,연2회,"한국어,영어",한국음악치료교육학회,Korean Music Therapy Association (KOMTEA),,학회
27334902,23835230,리더십연구,The Korean Leadership Review,등재,사회과학 > 경영학,2004,연4회,"한국어,영어",리더십학회,Korean Academy of Leadership,,학회
27338355,17382483,"미디어, 젠더 & 문화","Media, Gender & Culture",등재,사회과학 > 신문방송학,2004,연4회,"한국어,영어",한국여성커뮤니케이션학회,Korean Women's Association for Communication Studies,,학회
19755937,19755937,Journal of Educational Evaluation for Health Professions,Journal of Educational Evaluation for Health Professions,등재,사회과학 > 교육학 > 기타교육학,2004,부정기,"한국어,영어",한국보건의료인국가시험원,Korea Health Personnel Licensing Examiniation Institute,,일반기관
,17383668,만주연구,Journal of Manchurian Studies,등재,사회과학 > 지역학 > 동아시아 > 중국,2004,연2회,"한국어,영어",만주학회,The Manchurian Studies Association,,학회
,17382742,신라사학보,SILLASAHAKPO,등재,인문학 > 역사학,2004,연3회,"한국어,한국어",신라사학회,The Society for the Studies of Silla History,,학회
,17386098,한국지방행정학보,KOREAN LOCAL ADMINISTRATION REVIEW,등재,사회과학 > 행정학,2004,연3회,"한국어,영어",한국지방행정학회,The Korean Association For Local Administration,,학회
,17394341,KEDI Journal of Educational Policy,KEDI Journal of Educational Policy,등재,사회과학 > 교육학,2004,연2회,영어,한국교육개발원,KEDI,,일반기관
22125469,17382696,조직공학과 재생의학,Tissue Engineering and Regenerative Medicine,등재,공학 > 의공학 > 기타의공학,2004,연6회,"한국어,영어",한국조직공학과 재생의학회,Korean Tissue Engineering and Regenerative Medicine,,학회
2713895X,17384745,글로벌경영학회지,Global Business Administration Review,등재,사회과학 > 경영학 > 경영학일반 > 경영교육,2004,연6회,"한국어,한국어",글로벌경영학회,Academic Society of Global Business Administration,,학회
27137503,17385296,문법 교육,Grammar Education,등재,인문학 > 한국어와문학 > 국어교육,2004,연3회,"한국어,영어",한국문법교육학회,Korea Grammar Education circle,,학회
,17382084,Asian Communication Research,Asian Communication Research,등재,사회과학 > 신문방송학 > 커뮤니케이션학 > 매스커뮤니케이션,2004,연3회,영어,한국언론학회,Korean Society For Journalism And Communication Studies,,학회
,17383854,문학치료연구,Journal of Literary Therapy,등재,인문학 > 문학 > 문학교육,2004,연4회,한국어,한국문학치료학회,The Society Of Korean Literary Therapy,,학회
20937504,17386764,International Journal of Contents,International Journal of Contents,등재,공학 > 컴퓨터학,2004,연4회,"영어,영어",한국콘텐츠학회,The Korea Contents Association,,학회
24661511,17383102,Journal of Asia TEFL,Journal of Asia TEFL,등재,인문학 > 영어와문학 > 영어교육,2004,연4회,"영어,영어",아시아테플,AsiaTEFL (The Asian Association of Teachers of English As a Foreign Language),,학회
,1738415X,수사학,Korean Journal of Rhetoric,등재,인문학 > 기타인문학,2004,연3회,"한국어,한국어",한국수사학회,Rhetoric Society Of Korea,,학회
,17384753,미래청소년학회지,Journal of Future Oriented Youth Society,등재,사회과학 > 기타사회과학,2004,연4회,"한국어,영어",미래를 여는 청소년학회,Future Oriented Youth Society,,학회
,17381509,영산신학저널,Journal of Youngsan Theology,등재,인문학 > 기독교신학,2004,연4회,"한국어,영어",영산신학연구소,Youngsan Theological Institute of Hansei University,한세대학교,대학부설연구소
26717980,26717972,드라이브·컨트롤 ,Journal of Drive and Control,등재,공학 > 기계공학 > 생산및설계공학 > 유압공학,2004,연4회,"한국어,영어",사단법인 유공압건설기계학회,The Korean Society for Fluid Power & Construction Equipment,,학회
25866591,25866583,Neurospine,Neurospine,등재,의약학 > 신경외과학 > 척추신경외과 > 척추질환,2004,연4회,"영어,영어",대한척추신경외과학회,Korean Spinal Neurosurgery Society,,학회
25083392,25083384,지적과 국토정보,Journal of Cadastre & Land InformatiX,등재,사회과학 > 국제/지역개발,2004,연2회,"한국어,영어",한국국토정보공사,Korea Land and Geospatial InformatiX Corporation,,일반기관
,17382580,평화학연구,THE JOURNAL OF PEACE STUDIES,등재,사회과학 > 정치외교학,2004,연4회,"한국어,영어",사단법인 한국평화연구학회,The Korean Association of Peace Studies,,학회
,1738253X,효학연구,Journal of Korean Hyo Studies,등재후보,인문학 > 기타인문학,2004,연2회,"한국어,영어",한국효학회,The Korean Hyo Studies Association,,학회
27334872,17382998,마르크스주의 연구,MARXISM 21,등재,사회과학 > 사회과학일반,2004,연4회,"한국어,영어",사회과학연구원,"Institute for Social Sciences, Gyeongsang National University",경상대학교,대학부설연구소
,17383196,Madang: Journal of Contextual Theology,,등재후보,인문학 > 기독교신학,2004,연2회,영어,신학연구원,Institute for the Study of Theology,성공회대학교,대학부설연구소
,25084135,영미연구,Journal of British & American Studies,등재,복합학 > 학제간연구,2004,연3회,"한국어,영어",영미연구소,Institute of British and American Studies,한국외국어대학교,대학부설연구소
23842431,23842423,Journal of sleep medicine,Journal of sleep medicine,등재,의약학 > 정신과학 > 정신행동과학 > 수면의학,2004,연2회,"한국어,영어",대한수면연구학회,Korean Sleep Research Society,,학회
,1738382x,정보화연구,The Journal of Information Technology and Architecture,등재,복합학 > 과학기술학,2004,연4회,"한국어,영어",한국엔터프라이즈아키텍처학회,Korea Institute of Enterprise Architecture,,학회
2713928x,19757840,동북아역사논총,Dongbuga Yeoksa Nonchong,등재,인문학 > 역사학,2004,연4회,"한국어,영어",동북아역사재단,Northeast Asian History Foundation,,일반기관
26720469,17386691,여성과 역사,Women and History,등재,인문학 > 역사학 > 역사일반 > 여성사(역사학),2004,연2회,"한국어,영어",한국여성사학회,Korean Association of Women's History,,학회
,17387205,특수교육재활과학연구,,등재,사회과학 > 기타사회과학,2004,연4회,"한국어,영어",특수교육재활과학연구소,The Research Institute for Special Education & Rehabilitation Science ,대구대학교,대학부설연구소
2671647X,26716461,미래교육학연구,The Educational Research for Tomorrow,등재,사회과학 > 교육학 > 교육학일반,2004,연3회,"한국어,영어",교육연구소,INSTITUTE FOR EDUCATIONAL RESEARCH,연세대학교,대학부설연구소
,17385407,정치커뮤니케이션연구,Journal of Political Communication,등재,사회과학 > 신문방송학 > 커뮤니케이션학 > 정치커뮤니케이션,2004,연4회,"한국어,한국어",한국정치커뮤니케이션학회,Korean Political Communication Association,,학회
27340384,17388333,한국압력기기공학회 논문집,Transactions of the Korean Society of Pressure Vessels and Piping,등재후보,공학 > 원자력공학 > 기타원자력공학,2005,연2회,"한국어,영어",한국압력기기공학회,Korean Society of Pressure Vessels and Piping,,학회
,17388686,방언학,The Journal of Korean Dialectology,등재,인문학 > 한국어와문학,2005,연2회,"한국어,한국어",한국방언학회,,,학회
25084208,17389496,한국보육지원학회지,Journal of Korean Child Care and Education,등재,자연과학 > 생활과학 > 아동학 > 아동보육,2005,연6회,"한국어,영어",한국보육지원학회,,,학회
20929935,17385997,Electrolytes & Blood Pressure,Electrolytes & Blood Pressure,등재,의약학 > 내과학,2005,연2회,한국어,전해질고혈압연구회,The Korean Society of Electrolyte Metabolism,,학회
,17387981,이벤트컨벤션연구,Event & Convention Research,등재,사회과학 > 관광학 > 컨벤션/이벤트산업,2005,연4회,"한국어,영어",한국이벤트컨벤션학회,Academic Society of Event & Convention,,학회
22878130,17388716,PARTICLE AND AEROSOL RESEARCH,PARTICLE AND AEROSOL RESEARCH,등재후보,공학 > 공학일반 > 기타공학일반,2005,연4회,"한국어,한국어",한국입자에어로졸학회,Korean Association for Particle and Aerosol Research(KAPAR),,학회
,17386071,민사집행법연구,Journal Of Civil Judgment Enforcement Law,등재,사회과학 > 법학 > 공법 > 민사소송법,2005,연1회,한국어,한국민사집행법학회,The Association of Korean Civil Judgment Enforcement Law,,학회
,19762208,한국재난정보학회 논문집,Journal of The Korean Society of Disaster Information,등재,자연과학 > 자연과학일반 > 기타자연과학일반,2005,연4회,"한국어,영어",한국재난정보학회,The Korean Society of Disaster Information,,학회
2092805X,1976913X,JIPS(Journal of Information Processing Systems),Journal of Information Processing Systems,등재,공학 > 컴퓨터학 > 기타컴퓨터학,2005,연6회,"영어,영어",한국정보처리학회,,,학회
17381584,17381584,"Smart Structures and Systems, An International Journal","Smart Structures and Systems, An International Journal",등재,공학 > 토목공학 > 구조공학,2005,연10회,한국어,국제구조공학회,International Association of Structural Engineering And Mechanics,,학회
25088998,17385946,정형스포츠물리치료학회지,Archives of Orthopedic and Sports Physical Therapy,등재후보,의약학 > 물리치료학 > 임상물리치료 > 스포츠물리치료학,2005,연2회,"한국어,영어",대한스포츠물리치료학회,Korean Society Of Sports Physical Therapy (Ksspt),,학회
,19753268,차문화산업학,The Journal of Tea Culture & Industry Studies,등재,인문학 > 기타인문학,2005,연4회,"한국어,영어",국제차문화학회,Association for International Tea Culture,,학회
,1975681X,한국차세대컴퓨팅학회 논문지,The Journal of Korean Institute of Next Generation Computing,등재,공학 > 컴퓨터학,2005,연6회,한국어,한국차세대컴퓨팅학회,KINGComputing,,학회
,17387892,중국어교육과 연구,Chinese Language Education and Research,등재,인문학 > 중국어와문학,2005,연2회,"한국어,중국어",한국중국어교육학회,Korea Association of Chinese Language Education,,학회
26716011,17388929,동북아관광연구,Northeast Asia Tourism Research,등재,사회과학 > 관광학 > 기타관광학,2005,연4회,"한국어,일본어",동북아관광학회,Tourism Institute of Northeast Asia,,학회
,17387671,교정복지연구,Journal of Welfare for the correction,등재,복합학 > 학제간연구,2005,연6회,"한국어,영어",한국교정복지학회,,,학회
27135438,17387779,한국자치행정학보,Korean Journal of Local Government & Administration Studies,등재,사회과학 > 행정학 > 도시/지방행정,2005,연4회,"한국어,한국어",한국자치행정학회,The korean Association for Local Government & Administration Studies,,학회
,17389267,드라마 연구,The Journal of Drama,등재,예술체육학 > 연극 > 연극일반 > 연극이론,2005,연3회,"한국어,영어",한국드라마학회,The Korean Drama Society ,,학회
27139999,17383935,신재생에너지,New & Renewable Energy,등재,공학 > 기계공학 > 에너지및동력공학 > 연료및대체에너지,2005,연4회,"한국어,영어",한국신·재생에너지학회,The Korean Society for New and Renewable Energy,,학회
,1738883X,작문연구,,등재,인문학 > 한국어와문학,2005,연4회,"한국어,미상",한국작문학회,Korean Writing Association,,학회
25088084,25088009,대한미용학회지,Journal of Investigative Cosmetology,등재,예술체육학 > 미용 > 기타미용,2005,연4회,"한국어,영어",대한미용학회,The Korean Society for Investigative Cosmetology,,학회
25860410,25860402,Journal of Wound Management and Research,Journal of Wound Management and Research,등재후보,의약학 > 의학일반,2005,연3회,"영어,한국어",대한창상학회,Korean Wound Management Society,,학회
,17388244,한국외식산업학회지,FoodService Industry Journal,등재,사회과학 > 관광학,2005,연4회,"한국어,영어",한국외식산업학회,The Korean Foodservice Association,,학회
,17388627,애니메이션연구,The Korean Journal of animation,등재,예술체육학 > 영화,2005,연4회,한국어,한국애니메이션학회,,,학회
,17385806,한국장애인복지학,Journal of Disability and Welfare,등재,사회과학 > 사회복지학 > 장애인복지,2005,연4회,"한국어,한국어",한국장애인복지학회,Korea Academy of Disability and Welfare,,학회
,1975759X,예술심리치료연구,Journal of Arts Psychothreapy,등재,사회과학 > 교육학 > 분야교육 > 특수교육,2005,연4회,"한국어,한국어",한국예술심리치료학회,The Korean Arts Psychotherapy Association,,학회
27138054,22336230,중앙고고연구,Journal of Central Institute of Cultural Heritage,등재,인문학 > 역사학 > 고고학,2005,연3회,"한국어,영어",중앙문화재연구원,Central Institute of Cultural Heritage,,학회
22884084,17388082,대한종양외과학회지,Korean Journal of Clinical Oncology,등재,의약학 > 일반외과학 > 종양외과/외과종양,2005,연2회,"한국어,영어",대한종양외과학회,Korean Society of Surgical Oncology,,학회
27338444,22337474,구약논집,Evangelical Old Testament Studies,등재후보,인문학 > 기독교신학 > 구약학,2005,연3회,"한국어,영어",한국복음주의구약신학회,Korea evangelical old testament society,,학회
22882243,22348999,Korean Journal of Neurotrauma,Korean Journal of Neurotrauma,등재,의약학 > 신경과학 > 신경손상,2005,연2회,영어,대한신경손상학회,Korean neurotraumatology society,,학회
24661201,24661198,Crisisonomy,Crisisonomy,등재,사회과학 > 정책학 > 정책학일반,2005,연12회,"한국어,영어",위기관리 이론과 실천,Crisis and Emergency Management: Theory and Praxis,,학회
,17387310,국가법연구,National Public law Review,등재후보,사회과학 > 법학 > 공법,2005,연3회,한국어,사단법인 한국국가법학회,National Public Law Association of Korea,,학회
23841958,17388112,무역연구,The Journal of International Trade & Commerce,등재,사회과학 > 무역학 > 무역학일반,2005,연6회,"한국어,영어",한국무역연구원,korea international trade research institute,,학회
22876197,17388546,International Journal of Clinical Preventive Dentistry,International Journal of Clinical Preventive Dentistry,등재,의약학 > 치의학 > 구강보건학 > 임상예방치의학,2005,연4회,"영어,영어",대한예방치과학회,Korean Academy of Preventive Dentistry,,학회
26715767,1738706X,한국사회복지교육,Korean Journal of Social Welfare Education,등재,사회과학 > 사회복지학 > 사회복지학일반 > 사회복지교육,2005,연4회,"한국어,영어",한국사회복지교육협의회,KOREAN COUNCIL ON SOCIAL WELFARE EDUCATION,,학회
,19754051,한국웰니스학회,Korean society  for Wellness,등재,복합학 > 학제간연구,2005,연4회,"한국어,영어",한국웰니스학회,Korean Society for Wellness,,학회
20936788,17388090,Electronic Materials Letters,Electronic Materials Letters,등재,공학 > 전자/정보통신공학,2005,연6회,영어,대한금속·재료학회,The Korean Institute Of Metals And Meterials,,학회
27139018,17386667,(사)디지털산업정보학회 논문지,Journal of the Korea Society of Digital Industry and Information Management,등재,공학 > 컴퓨터학 > 기타컴퓨터학,2005,연4회,"한국어,영어",(사)디지털산업정보학회,The Korea Society of Digital Industry and Information Management,,학회
,17387647,사고개발,Korean Journal of Thinking Development,등재,사회과학 > 교육학 > 교육심리학,2005,연3회,"한국어,영어",대한사고개발학회,The Korean Association For Thinking Development,,학회
22881778,2288176X,Journal of exercise rehabilitation,Journal of Exercise Rehabilitation,등재,사회과학 > 심리과학 > 건강/재활심리,2005,연6회,"영어,영어",한국운동재활학회,Korean Society Of Exercise Rehabilitation,,학회
26716348,26716348,커뮤니케이션 이론,Communication Theories,등재,사회과학 > 신문방송학,2005,연4회,"한국어,한국어",한국언론학회,Korean Society For Journalism And Communication Studies,,학회
20928467,1738642X,Molecular & Cellular Toxicology,Molecular & Cellular Toxicology,등재,자연과학 > 생물학 > 분자생물학 > 분자유전,2005,연4회,한국어,대한독성 유전단백체 학회,The Korean Society of Toxicogenomics and Toxicoproteomics,,학회
26355027,26355019,Audiology and Speech Research,Audiology and Speech Research,등재,사회과학 > 교육학 > 분야교육 > 청능치료교육,2005,연4회,"한국어,영어",한국청각언어재활학회,Korean Academy of Audiology,,학회
,17385849,음악교수법연구,Research in Music Pedagogy,등재,예술체육학 > 음악학 > 음악교육학,2005,연2회,"한국어,영어",한국피아노교수법학회,The Korean Association Of Piano Pedagogy,,학회
27334775,17389208,러시아학,Reosiahag,등재,인문학 > 러시아어와문학,2005,연2회,"한국어,러시아어",러시아 알타이지역 연구소,Institute for Russian and Altaic Studies Chungbuk University ,충북대학교,대학부설연구소
,17388996,한국범죄심리연구,Korean Criminal Psychology Review,등재,사회과학 > 행정학 > 분야별행정 > 경찰행정,2005,연4회,"한국어,영어",한국범죄심리학회,The Korean Association of Criminal Psychology,,학회
,17386470,차세대 인문사회연구,The Journal of Next-Generation Humanities and Social Sciences,등재후보,사회과학 > 사회과학일반 > 기타사회과학일반,2005,연1회,"한국어,일본어",일본연구센터,The Japan Center,동서대학교,대학부설연구소
,17389224,평생교육 · HRD연구,The Journal of Lifelong Education and HRD,등재,사회과학 > 교육학,2005,연4회,"한국어,영어",한국평생교육ㆍHRD연구소,Korea Lifelong Education & HRD Institute,숭실대학교,대학부설연구소
27339165,19755082,현대영화연구,Contemporary Film Studies,등재,예술체육학 > 영화 > 영화일반 > 영화이론,2005,연4회,"한국어,영어",현대영화연구소,Contemporary Cinema Research Institute,한양대학교,대학부설연구소
26718332,17380057,평생학습사회,,등재,사회과학 > 교육학,2005,연4회,"한국어,영어",원격교육연구소,Institute of Distance Education,한국방송통신대학교,대학부설연구소
27135934,17387191,비교민주주의연구,Comparative Democratic Studies,등재,사회과학 > 정치외교학 > 비교정치 > 정치권력/정치과정,2005,연2회,"한국어,영어",민주주의와 자치 연구소,Inje Institute of Democracy and Autonomy,인제대학교,대학부설연구소
27334899,22346848,교육연극학,,등재,예술체육학 > 연극 > 연극일반 > 연극교육,2005,연2회,"한국어,영어",한국교육연극학회,,,학회
,17386985,한국지열에너지학회논문집,,등재,공학 > 건축공학 > 건축설비/환경 > 건축에너지,2005,연4회,한국어,한국지열에너지학회,Korea Society of Geothermal Energy Engineers,,학회
21580715,21580103,Forest Science and Technology,Forest Science and Technology,등재,농수해양학 > 임학 > 산림유전/조림/육종,2005,연4회,영어,한국산림과학회,Korean Society of Forest Science,,학회
,17387639,역사교육연구,Studies on History Education,등재,인문학 > 역사학 > 역사일반 > 역사교육,2005,연3회,"한국어,영어",한국역사교육학회,The Korean Association of History Education,,학회
,19751621,철학사상문화,PHILOSOPHY¡¤THOUGHT¡¤CULTURE,등재,인문학 > 기타인문학,2005,연3회,한국어,동서사상연구소,Research Institute for East-West Thought,동국대학교,대학부설연구소
26715538,20053665,국제이해교육연구,Journal of Education for International Understanding,등재,복합학 > 학제간연구,2005,연2회,한국어,한국국제이해교육학회,Korean Society Of Education For International Understanding,,학회
25087991,25087991,소비자정책교육연구,Consumer Policy and Education Review,등재,사회과학 > 경제학 > 소비자/소비경제,2005,연4회,"한국어,영어",한국소비자정책교육학회,Korean Society of Consumer Policy and Education,,학회
25860046,25860151,대한불안의학회지,Anxiety and Mood,등재,의약학 > 정신과학,2005,연2회,"한국어,영어",대한불안의학회,Korean Academy of Anxiety Disorders,,학회
,20051409,한국과학예술융합학회,The Korean Society of Science & Art,등재,복합학 > 학제간연구,2005,연5회,"한국어,영어",한국전시산업융합연구원,korea institute of exhibition industry convergence,,학회
,19750188,북한학연구,,등재,사회과학 > 지역학 > 동아시아 > 북한,2005,연2회,한국어,북한학연구소,"The Institute for North Korean Studies, Dongguk University",동국대학교,대학부설연구소
,1975390X,독도연구,THE JOURNAL OF DOKDO,등재,인문학 > 역사학,2005,연2회,"한국어,영어",독도연구소,Dokdo Research Institute,영남대학교,대학부설연구소
,17389178,우리춤과 과학기술,,등재,예술체육학 > 무용,2005,연4회,한국어,우리춤연구소,Research Institute of Korean Traditional Dance ,한양대학교,대학부설연구소
,19755503,의철학연구,Philosophy of Medicine,등재,인문학 > 철학 > 철학일반 > 기타철학일반,2006,연2회,"한국어,영어",한국의철학회,The Korean Association for Philosophy of Medicine,,학회
,1975907x,근대 철학,Modern Philosophy,등재후보,인문학 > 철학,2006,연2회,"한국어,영어",서양근대철학회,,,학회
27334848,2287173X,무역전시연구,Korea Trade Exhibition Review,등재,사회과학 > 무역학,2006,연4회,"한국어,영어",한국무역전시학회,The Korea Association of Trade Exhibition Studies,,학회
23835400,,한국해양바이오학회지,Journal of Marine Bioscience and Biotechnology ,등재후보,자연과학 > 생물학 > 환경생물학 > 해양생물,2006,연2회,"한국어,영어",(사)한국해양바이오학회,The Korean Society for Marine Biotechnology,,학회
26716135,2005632X,구보학보,Gubo Hakbo-The Journal of Korean Modern Literature,등재,인문학 > 한국어와문학 > 국문학 > 현대소설(국문학),2006,연3회,"한국어,영어",구보학회,The Korean Association of Kubo Studies,,학회
,19763182,식공간연구,Journal of the Table & Food Coordinate,등재,복합학 > 감성과학 > 감성디자인,2006,연3회,"한국어,영어",한국식공간학회,The Table & Food Coordinate Society of Korea(TFCK),,학회
,19753241,에너지기후변화학회지,Journal of Energy&Climate Change,등재후보,공학 > 기계공학,2006,연2회,"한국어,영어",한국에너지기후변화학회,JOURNAL OF ENERGY & CLIMATE CHANGE,,학회
24658324,19756461,의정논총,Journal of Parliamentary Research ,등재,사회과학 > 정치외교학 > 정치학일반 > 정치행정,2006,연2회,한국어,한국의정연구회,The Korea Parliamentary Research Institute,,학회
,19758499,고전과 해석,,등재,인문학 > 한국어와문학 > 국문학 > 국문학사,2006,연3회,"한국어,한국어",고전문학한문학연구학회,,,학회
24658510,24658243,Urogenital Tract Infection,Urogenital Tract Infection,등재,의약학 > 비뇨기과학,2006,연3회,"영어,영어",대한요로생식기감염학회,,,학회
27340570,19757700,한국지식정보기술학회 논문지,Journal of Knowledge Information Technology and Systems,등재,복합학 > 학제간연구,2006,연6회,"한국어,영어",한국지식정보기술학회,Korea Knowledge Information Technology Society,,학회
25081470,19759290,한국아동심리치료학회지,Korean Journal of Child Psychotherapy,등재,자연과학 > 생활과학 > 아동학 > 아동상담/치료,2006,연4회,"한국어,영어",한국아동심리치료학회,Korean Association Of  Psychotherapy For Children,,학회
,19755171,Anesthesia and Pain Medicine,Anesthesia and Pain Medicine,등재,의약학 > 마취과학 > 기타마취과학,2006,연4회,"한국어,영어",대한마취통증의학회,Korean Society Of Anesthesiologists,,학회
,1975535X,척추신경추나의학회지,The Journal of Korea CHUNA Manual Medicine for Spine & Nerves,등재,의약학 > 한의학,2006,연2회,"한국어,영어",척추신경추나의학회,Korean Society of Chuna Manual Medicine Spine & Nerves,,학회
,19758170,한국전자통신학회 논문지,The Journal of The Korea Institute of Electronic Communication Sciences,등재,공학 > 전자/정보통신공학 > 정보통신 > 정보통신이론,2006,연6회,"한국어,영어",한국전자통신학회,The Korea Institute of Electronic Communication Sciences,,학회
27140946,27140938,동아시아불교문화,journal of eastern-asia buddhism and culture,등재,인문학 > 불교학 > 지역불교및불교사연구,2006,연4회,"한국어,중국어",동아시아불교문화학회,The Association of Eastern-Asia Buddhism and Culture,,학회
26719509,19757557,벤처창업연구,Asia-Pacific Journal of Business Venturing and Entrepreneurship,등재,사회과학 > 경영학 > 창업/벤처기업,2006,연6회,"한국어,영어",한국벤처창업학회,The Korean Society of Business Venturing,,학회
19764019,19753586,International Journal of Intangible Heritage,International Journal of Intangible Heritage,등재,인문학 > 역사학 > 인류학 > 민속학(인류학),2006,연2회,"영어,한국어",국립민속박물관,National Folk Museum of Korea,,학회
,19754817,법교육연구,Journal of Law-Related Education,등재,사회과학 > 교육학 > 기타교육학,2006,연3회,"한국어,영어",한국법교육학회,Korea Law-related Education Association,,학회
27340678,2734066X,한국리듬운동학회지,Journal of Korean Society for Rhythmic Exercises,등재,예술체육학 > 체육,2006,연2회,"한국어,영어",한국리듬운동학회,Korean Society for Rhythmic Exercises,,학회
27339874,19757239,문화와 사회,The Korean Journal of Cultural Sociology,등재,사회과학 > 사회학 > 문화/종교사회학,2006,연3회,한국어,한국문화사회학회,,,학회
22873961,19756291,로봇학회 논문지,The Journal of Korea Robotics Society,등재,공학 > 제어계측공학 > 로봇공학/로보틱스,2006,연4회,"한국어,영어",한국로봇학회,Korea Robotics Society,,학회
26717611,19760671,한국HCI학회 논문지,Jourmal of the HCI Society of Korea,등재,복합학 > 학제간연구,2006,연4회,"한국어,영어",한국에이치씨아이학회,The HCI Society of Korea,,학회
22877215,1975311X,대한물리의학회지,Journal of the Korean Society of Physical Medicine,등재,의약학 > 물리치료학 > 기타물리치료학,2006,연4회,"한국어,영어",대한물리의학회,The Korean Society of Physical Medicine,,학회
,19755066,대한임베디드공학회논문지,IEMEK Journal of Embedded Systems and Applications,등재,공학 > 컴퓨터학 > 컴퓨터시스템 > 내장형시스템,2006,연6회,"한국어,영어",대한임베디드공학회,Institute of Embedded Engineering of Korea,,학회
,2005971X,한국혁신학회지,Innovation studies,등재,복합학 > 과학기술학 > 과학기술정책학,2006,연4회,"한국어,영어",한국혁신학회,,,학회
,20928068,한국창업학회지,Journal of the Korean Entrepreneurship Socieity,등재,사회과학 > 경영학 > 창업/벤처기업,2006,연4회,"한국어,영어",한국창업학회,,,학회
,19764405,한국공간디자인학회 논문집,Journal of Korea Intitute of Spatial Design,등재,예술체육학 > 디자인 > 환경디자인 > 실내환경디자인,2006,연6회,"한국어,영어",한국공간디자인학회,Korean Institute of Spatial design,,학회
,19752660,불교학리뷰,,등재,인문학 > 불교학,2006,연2회,"한국어,영어",불교문화연구소,Geumgang Center for Buddhist Studies,금강대학교,대학부설연구소
26716496,19756186,문화예술교육연구,Korean Journal of Culture and Arts Education Studies,등재,복합학 > 감성과학 > 기타감성과학,2006,연6회,"한국어,영어",한국문화교육학회,The Korean Society for Culture and Arts Education Studies,,학회
27338479,19750323,역량개발학습연구(구 한국HRD연구),Journal of Competency Development & Learning ,등재,사회과학 > 교육학,2006,연4회,"한국어,영어",한국인적자원개발전략연구소,Korean Human Resource Development Strategy Institute,중앙대학교,대학부설연구소
20937423,19750102,Journal of Electrical Engineering & Technology,Journal of Electrical Engineering & Technology,등재,공학 > 전기공학,2006,연6회,영어,대한전기학회,,,학회
26715910,17389739,육아지원연구,EARLY CHILDHOOD EDUCATION & CARE,등재,사회과학 > 교육학 > 분야교육 > 유아교육,2006,연4회,"한국어,영어",한국육아지원학회,The Korean Society For Early Childhood Education and Care,,학회
,19765789,형사법의 신동향,Contemporary Review of Criminal Law,등재,사회과학 > 법학 > 공법 > 형법,2006,연4회,한국어,대검찰청,,,일반기관
,19752733,청소년문화포럼,Forum For Youth Culture,등재,사회과학 > 사회복지학 > 청소년복지,2006,연4회,"한국어,영어",(사)한국청소년문화연구소,Research Center For Korean Youth Culture,,일반기관
27136825,1975888X,의료커뮤니케이션,"Health Communication, the Official Journal of Korean Academy on Communication in Healthcare",등재후보,의약학 > 의학일반,2006,연2회,"한국어,영어",대한의료커뮤니케이션학회,Korean Academy on Communication in Healthcare,,학회
,19754558,통합교육연구,The Journal of Inclusive Education,등재,사회과학 > 교육학 > 분야교육 > 특수교육,2006,연2회,"한국어,영어",한국통합교육학회,The Korean Society Of Inclusive Education,,학회
27338487,19755945,지식재산연구,The Journal of Intellectual Property,등재,사회과학 > 법학 > 분야별법 > 지적재산권법,2006,연4회,"한국어,영어",한국지식재산연구원,Korea Institute of Intellectual Property,,학회
,17932920,NANO,,등재,자연과학 > 화학,2006,연6회,한국어,성균나노과학기술원,SKKU Advanced Institute of Nanotechnology,성균관대학교(자연과학캠퍼스),대학부설연구소
,19755902,Journal of China Studies,Journal of China Studies,등재,사회과학 > 지역학 > 동아시아 > 중국,2006,연4회,"한국어,중국어",중국연구소,Institute of Chinese Studies,부산대학교,대학부설연구소
22888772,19756151,기후연구,Journal of Climate Research,등재,사회과학 > 지리학 > 자연지리학 > 기후학,2006,연4회,"한국어,영어",기후연구소,KU Climate Research Institute,건국대학교,대학부설연구소
22336273,20939043,Neurointervention,Neurointervention,등재후보,의약학 > 방사선과학 > 진단방사선 > 중재적진단방사선학,2006,연2회,영어,대한신경중재치료의학회,Korean Society of Interventional Neuroradiology,,학회
,19755813,仙道文化,,등재,인문학 > 철학 > 철학일반 > 기타철학일반,2006,연2회,"한국어,중국어",국학연구원,kukhak Institute,국제뇌교육종합대학원대학교,대학부설연구소
,19756046,코기토,Cogito,등재,인문학 > 기타인문학,2006,연3회,한국어,인문학연구소,Institute for Humanities ,부산대학교,대학부설연구소
26716259,19758324,국정관리연구,Journal of Governance Studies,등재,사회과학 > 행정학 > 기타행정학,2006,연4회,"한국어,영어",성균관대학교 국정전문대학원,graduate school of governance,,학회
,19757743,사이間SAI,사이間SAI,등재,인문학 > 한국어와문학 > 국문학 > 기타국문학,2006,연2회,"한국어,영어",국제한국문학문화학회,INAKOS(International Association of Korean Literary and Cultural Studies),,학회
,19760205,경찰학논총,The Police Science Journal,등재,사회과학 > 행정학 > 분야별행정 > 경찰행정,2006,연4회,한국어,경찰학연구소,The Institute of Police Science,원광대학교,대학부설연구소
26715708,1975857X,禪文化硏究,,등재,인문학 > 불교학 > 기타불교학,2006,연2회,한국어,한국불교선리연구원,The Korean Institute of Buddhist Seon,,학회
,19758731,야외고고학,The Journal of Korean Field Archaeology,등재,인문학 > 역사학 > 고고학,2006,연3회,"한국어,영어",(사)한국문화유산협회,Korea Cultural Heritage Association ,,학회
23840633,19760620,한국방사선학회논문지,Journal of the Korean Society of Radiology,등재,공학 > 원자력공학 > 방사선공학 > 방사선의료학,2007,연7회,"한국어,영어",한국방사선학회,The Korea Society of Radiology,,학회
20056168,19761457,Nutrition Research and Practice,Nutrition Research and Practice,등재,자연과학 > 생활과학 > 영양학,2007,연6회,"영어,영어",한국영양학회,The Korean Nutrition Society,,학회
,19764723,인격교육,The Journal of Saramdaum Education,등재,사회과학 > 교육학 > 기타교육학,2007,연4회,"한국어,영어",한국인격교육학회,The Korean Society For The Study Of Moral Character Education,,학회
,20050968,고고광장,,등재,인문학 > 역사학 > 고고학 > 기타고고학,2007,연2회,한국어,부산고고학회,The Pusan Archaeological Society,,학회
,19766254,민족사상,KOREA ASSOCIATION OF NATIONAL THOUGHT,등재,사회과학 > 정치외교학 > 정치사상 > 한국정치사상,2007,연3회,"한국어,영어",한국민족사상학회,Korean Association of Korean Thought,,학회
2384017X,19766211,한국엔터테인먼트산업학회논문지,Journal of Korea Entertainment Industry Association,등재,복합학 > 학제간연구,2007,연8회,"한국어,한국어",한국엔터테인먼트산업학회,The Korea Entertainment Industry Association,,학회
,19769121,교정담론,Korean Journal of Correctional Discourse,등재,사회과학 > 법학 > 공법 > 형사정책,2007,연3회,"한국어,영어",아시아교정포럼,Asian Forum for Corrections,,학회
22871160,19766912,Asian Journal of Atmospheric Environment,Asian Journal of Atmospheric Environment,등재,자연과학 > 대기과학,2007,연4회,"영어,영어",한국대기환경학회,Korea Society For Atmospheric Environment,,학회
,19762402,방사선산업학회지,Journal of Radiation Industry,등재,공학 > 원자력공학 > 방사선공학 > 응용방사선학,2007,연4회,"한국어,영어",(사)한국방사선산업학회,Korean Society of Radiation Industry,,학회
,19763204,우리말교육현장연구,Field Studies in Korean Language Education,등재,인문학 > 한국어와문학 > 국어교육,2007,연2회,"한국어,영어",우리말교육현장학회,,,학회
,19767048,포은학연구,Journal of Poeun Studies,등재,인문학 > 기타인문학,2007,연2회,"한국어,영어",포은학회,Association of Poeun Studies,,학회
,19760523,한국범죄학,Journal of Korean Criminological Association,등재,사회과학 > 행정학 > 분야별행정 > 경찰행정,2007,연3회,"한국어,영어",대한범죄학회,Korean Criminological Association,,학회
,19760590,Canon&Culture(캐논앤컬처),CC,등재,인문학 > 종교학 > 서양종교,2007,연2회,"한국어,영어",한국신학정보연구원,Institute of Korean Theological Information Network Service,,일반기관
,20937407,현장과학교육,School Science Journal,등재,사회과학 > 교육학 > 교과교육학 > 과학교육학,2007,연3회,"한국어,영어",한국현장과학교육학회,The Korean Society for School Science,,학회
,20050143,역사와 세계,History & the World,등재,인문학 > 역사학 > 역사일반 > 기타역사일반,2007,연2회,한국어,효원사학회,Hyowon Historical Society,,학회
,19765509,무예연구,Journal of Martial Arts,등재,복합학 > 학제간연구,2007,연2회,"다수언어,한국어",한국무예학회,Korean Society of Martial arts,,학회
,2005369X,국제보건미용학회지,Journal of Health and Beauty,등재후보,예술체육학 > 미용,2007,연2회,한국어,국제보건미용학회,The international society of health and beauty,,학회
,19766521,신용카드리뷰,The Credit Card Review,등재,사회과학 > 경제학 > 금융(화폐)경제,2007,연4회,"한국어,영어",사단법인 한국신용카드학회,Korea Credit Card Academic Society,,학회
17531411,17531403,Asian Social Work and Policy Review,,등재,사회과학 > 사회복지학 > 사회복지학일반,2007,연3회,영어,한국사회복지학회,Korean Academy Of Social Welfare,,학회
,19763522,국악교육연구,,등재,예술체육학 > 예술일반 > 예술교육,2007,연2회,한국어,한국국악교육연구학회,The Society of Study for Korean Music Education,,학회
,19767102,재활복지공학회논문지,Journal of Rehabilitation Welfare Engineering & Assistive Technology,등재,공학 > 의공학 > 기초의학 > 재활공학,2007,연4회,"한국어,영어",한국재활복지공학회,RESKO(Rehabilitation Engineering And Assistive Technology Society of Korea),,학회
19767846,19761902,Asian Spine Journal,Asian Spine Journal,등재,의약학 > 정형외과학 > 척추,2007,연4회,"영어,영어",대한척추외과학회,Korean Society Of Spine Surgery,,학회
,20928114,한국소프트웨어감정평가학회 논문지,Journal of Software Assessment and Valuation,등재후보,공학 > 컴퓨터학,2007,연2회,"한국어,영어",한국소프트웨어감정평가학회,Korea Software Assessment and Valuation Society,,학회
,19762380,골프연구,Journal of Golf Studies,등재,예술체육학 > 체육 > 기타체육,2007,연4회,"한국어,영어",한국골프학회,Korean Society of Golf Studies,,학회
2586078X,19764391,INTERNATIONAL JOURNAL OF HUMAN MOVEMENT SCIENCE,INTERNATIONAL JOURNAL OF HUMAN MOVEMENT SCIENCE,등재후보,예술체육학 > 기타예술체육,2007,연3회,영어,한국체육학회,"Korean Alliance For Health, Physical Education, Recreation, And Dance",,학회
19767277,19767277,KSII Transactions on Internet and Information Systems, KSII Transactions on Internet and Information Systems ,등재,공학 > 컴퓨터학,2007,연12회,영어,한국인터넷정보학회,Korean Society For Internet Information,,학회
,19768036,아동청소년문학연구,The Korea Association of Literature for Children and Young Adlult,등재,인문학 > 문학 > 아동문학,2007,연2회,"한국어,영어",한국아동청소년문학학회,Korea Association of Literature for Children and Young Adults,,학회
24661430,24661422,과학수사학회지,Journal of Science Criminal Investigation,등재,복합학 > 과학기술학 > 과학기술과법,2007,연4회,"한국어,영어",한국과학수사학회,The  Korean Academy of Scientific Criminal Investigation,,학회
,19766483,한국건축친환경설비학회 논문집,,등재,공학 > 건축공학 > 건축설비/환경 > 건축에너지,2007,연4회,"한국어,영어",한국건축친환경설비학회,,,학회
26714086,1976491X,영어평가,English Language Assessment,등재후보,인문학 > 영어와문학 > 영어교육,2007,연2회,"한국어,영어",한국영어평가학회,The Korea English Language Testing Association,,학회
18635474,18635466,Plant Biotechnology Reports,Plant Biotechnology Reports,등재,농수해양학 > 농학,2007,연6회,"영어,영어",한국식물생명공학회,Korean Society for Plant Biotechnology,,학회
22881204,22887822,Situations: Cultural Studies in the Asian Context,Situations: Cultural Studies in the Asian Context,등재,인문학 > 기타인문학,2007,연2회,영어,연세대학교 영어영문학과 BK21 Plus 사업단,"BK21 Plus Team, Yonsei Department of English Language and Literature",,학회
,19766599,한국사회복지질적연구,Korean Journal of Qualitative Research in Social Welfare,등재,사회과학 > 사회복지학 > 사회복지학일반 > 사회복지조사/분석,2007,연3회,한국어,한국사회복지질적연구학회,Korean Academy of Qualitative Research in Social Welfare,,학회
25087150,,항공우주시스템공학회지,JOURNAL OF AEROSPACE SYSTEM ENGINEERING,등재,공학 > 항공우주공학 > 항공기설계/제작,2007,연6회,"한국어,영어",항공우주시스템공학회,The Society for Aerospace System Engineering,,학회
,25084666,IDI 도시연구,,등재,사회과학 > 사회과학일반,2007,연2회,한국어,(재) 인천연구원,The Incheon Institute,,일반기관
27141101,19763212,교양교육연구,Korean Journal of General Education,등재,복합학 > 학제간연구,2007,연6회,"한국어,영어",한국교양교육학회,The Korean Association of General Education,,학회
,20935986,보건의료산업학회지,The Korean Journal of Health Service Management,등재,의약학 > 예방의학 > 의료관리 > 병원관리,2007,연4회,"한국어,영어",보건의료산업학회,Korea Society of Health Service Management,,학회
,19764383,유럽헌법연구,,등재,사회과학 > 법학 > 공법 > 헌법,2007,연3회,"한국어,영어",유럽헌법학회,,,학회
20927843,19760280,BioChip Journal,BioChip Journal,등재,공학 > 생물공학,2007,연4회,영어,한국바이오칩학회,The Korean BioChip Society,,학회
,19764227,통합교육과정연구,Journal of Curriculum Integration,등재,사회과학 > 교육학,2007,연4회,"한국어,영어",한국통합교육과정학회,The Korean society for the study of curriculum integration,,학회
,15988627,보험법연구,Korea Insurance Law Journal,등재,사회과학 > 법학 > 사법 > 상법,2007,연3회,"한국어,영어",(사)한국보험법학회,Korean Insurance Law Association,,학회
,19768338,한국청동기학보,Hanguk Cheongdonggi Hakbo,등재,인문학 > 역사학 > 고고학 > 한국선사고고학,2007,연2회,"한국어,한국어",한국청동기학회,Society for Korean Bronze Culture ,,학회
27138836,19758766,IT와 법연구,IT&LAW REVIEW,등재,사회과학 > 법학 > 기타법학,2007,연2회,"한국어,영어",IT와 법연구소,IT & Law Research Institute,경북대학교,대학부설연구소
,20933150,휴양및경관연구,Journal of recreation and landscape,등재,농수해양학 > 조경학,2007,연4회,한국어,부설 휴양및경관계획연구소,Institute of Recreation and Landscape Planning,전북대학교,대학부설연구소
,19759576,홍익법학,Journal of hongik law review,등재,사회과학 > 법학,2007,연4회,한국어,법학연구소,The Law Reasearch institutute of Hongik Univ.,홍익대학교,대학부설연구소
25082205,25082191,미용예술경영연구,Journal of Beauty Art Management,등재후보,예술체육학 > 미용,2007,연4회,"한국어,영어",한국미용예술경영학회,The Korea Beauty Art Management Association,,학회
,19759657,한국동물실험대체법학회,Journal of Alternatives to Animal Experiments,등재후보,의약학 > 수의학 > 기초수의학 > 실험동물의학,2007,연1회,"영어,한국어",한국동물실험대체법학회,Korean Society for Alternatives to Animal Experiments,,학회
26720310,1976085X,한국지방정치학회보,The Korean Regional Politics Review,등재후보,사회과학 > 정치외교학 > 비교정치 > 지방정치/지방자치,2007,연2회,"한국어,영어",한국지방정치학회,,,학회
,19761481,일본공간,,등재,사회과학 > 지역학,2007,연2회,"한국어,일본어",일본학연구소,The Institute of Japanese Studies,국민대학교,대학부설연구소
,19760736,기독교와 통일,The Journal of Christianity and National Reunification,등재후보,인문학 > 종교학 > 종교사회학,2007,연2회,"한국어,영어",기독교통일학회,Christian Society for National Reunification,,학회
,19761090,고령자치매작업치료학회지,The Journal of Occupational Therapy for the Aged and Dementia,등재,의약학 > 작업치료학,2007,연2회,"한국어,영어",고령자&#65381;치매작업치료학회,Society of Occupational Therapy for the Aged and Dementia,,학회
,19761872,동양문화연구,Youngsan Journal of East Asian Cultural Studies,등재,인문학 > 기타인문학,2007,연2회,"한국어,영어",동양문화연구원,Institute of Oriental Culture,영산대학교,대학부설연구소
20937482,19761317,Asian Nursing Research,Asian Nursing Research,등재,의약학 > 간호학,2007,연5회,영어,한국간호과학회,Korean Society of Nursing Science,,학회
,19765037,동북아법연구,,등재,사회과학 > 법학 > 법학일반 > 비교법학,2007,연3회,"한국어,중국어",동북아법연구소,The Institute for Northeast Asian Law Chonbuk National University,전북대학교,대학부설연구소
20051212,19762283,Gut and Liver,,등재,의약학 > 내과학 > 소화기내과,2007,연6회,영어,거트앤리버 소화기연관학회협의회,,,학회
,19759908,디아스포라연구,Journal of Diaspora Studies,등재,사회과학 > 사회과학일반,2007,연2회,"한국어,영어",글로벌디아스포라연구소,Center for Global Diaspora Studies,전남대학교,대학부설연구소
,19763115,아주법학,Ajou Law Review,등재,사회과학 > 법학,2007,연4회,한국어,법학연구소,Legal Research Institute of Ajou University,아주대학교,대학부설연구소
26354063,19763719,생명윤리정책연구,Asia Pacific Journal of Health Law & Ethics,등재,인문학 > 철학 > 서양철학 > 응용윤리학,2007,연3회,"한국어,영어",생명의료법연구소,Ewha Institute for Biomedical Law & Ethics,이화여자대학교,대학부설연구소
,19763697,제도와 경제,Review of Institution and Economics,등재,사회과학 > 경제학 > 경제학일반,2007,연4회,"한국어,영어",한국제도경제학회,Korea Institution & Economics Association,,학회
,19765169,서울법학,Seoul Law Review,등재,사회과학 > 법학,2007,연4회,한국어,서울시립대학교 법학연구소,Law Research Institute in University of Seoul ,서울시립대학교,대학부설연구소
26715899,19763956,사법,JURIS,등재,사회과학 > 법학 > 법학일반 > 법정책학,2007,연4회,"한국어,영어",사법발전재단,,,학회
,19764324,일감부동산법학,Ilkam Real Estate Law Review,등재,사회과학 > 법학,2007,연2회,한국어,법학연구소,The Institute of Legal Studies Konkuk University,건국대학교,대학부설연구소
27139417,20926138,문화미디어엔터테인먼트법,,등재,사회과학 > 법학 > 분야별법 > 지적재산권법,2007,연2회,"한국어,영어",법학연구원 문화.미디어.엔터테인먼트법연구소,"The institute for Culture, Media, and Entertainment Laws",중앙대학교,대학부설연구소
2713931X,19765304,디지털포렌식연구,Journal of Digital Forensics,등재,공학 > 컴퓨터학,2007,연4회,한국어,한국디지털포렌식학회,,,학회
27136094,19766793,육아정책연구,Korean Journal of Child Care and Education Policy,등재,사회과학 > 사회과학일반,2007,연3회,한국어,육아정책연구소,Korea Institute of Child Care & Education,,일반기관
,19766238,인권법평론,,등재후보,사회과학 > 법학 > 분야별법 > 인권/국제인권법,2007,연2회,한국어,공익인권법센터,Center for Public Interest & Human Rights Law Chonnam National University,전남대학교,대학부설연구소
2671633X,19766785,고궁문화,Gogung Munhwa,등재후보,예술체육학 > 미술 > 미술일반 > 미술사,2007,연1회,"한국어,영어",국립고궁박물관,NATIONAL PALACE MUSEUM OF KOREA,,학회
,19767331,융합사회와 공공정책,The Journal of Convergence Society and Public Policy,등재,사회과학 > 정책학,2007,연4회,"한국어,영어",융합사회연구소,Dankook University Institute for Convergence Society (DICS),단국대학교,대학부설연구소
,19769660,에피스테메,,등재,인문학 > 기타인문학,2007,연2회,"영어,프랑스어",응용문화연구소,Center for Applied Cultural Studies,고려대학교,대학부설연구소
,1976636X,의료경영학연구,Health Service Management Review,등재,사회과학 > 경영학 > 분야별경영 > 의료경영,2007,연4회,"한국어,영어",경영연구원,Management Research Institute,경희대학교,대학부설연구소
,2092576X,다문화와 평화,Multiculture & Peace,등재,복합학 > 학제간연구,2007,연3회,"한국어,영어",다문화평화연구소,Multiculture & Peace Institute,성결대학교,대학부설연구소
26360446,20053851,퇴계학논집,TOEGYE-HAK-LON-JIB ,등재,인문학 > 철학,2007,연2회,한국어,영남퇴계학연구원,Yeongnam Toegye Studies Institute,,학회
26718677,19769253,지급결제학회지,Journal of Payment and Settlement,등재후보,사회과학 > 경제학 > 금융(화폐)경제,2007,연2회,"한국어,영어",한국지급결제학회,KPSA(Korean Payment & Settlement Association),,학회
2733452X,20929692,한국금형공학회지,Journal of the Korea Society of Die & Mould Engineering,등재후보,공학 > 재료공학 > 금속재료 > 금형공학,2007,연4회,"한국어,영어",한국금형공학회,Korea Society of Die & Mould Engineering ,,학회
27339319,20055684,한국케어매니지먼트 연구,Korea Academy of Care Management,등재,사회과학 > 사회복지학,2008,연4회,"한국어,영어",한국통합사례관리학회,Korean Academy of Integrated Care Management,,학회
,20056214,한국군사회복지학,,등재,사회과학 > 사회복지학,2008,연2회,한국어,한국군사회복지학회,Korean Academy of Military Social Welfare,,학회
26716083,19768222,중등영어교육,Secondary English Education,등재,사회과학 > 교육학 > 교과교육학 > 영어교육학,2008,연4회,"한국어,영어",한국중등영어교육학회,The Korea Association of Secondary English Education (KASEE),,학회
,20054203,한국테러학회보,Korean terrorism studies Review,등재,사회과학 > 사회과학일반,2008,연4회,한국어,한국테러학회,The Korean Association for Terrorism Studies,,학회
27339033,20929285,영유아아동정신건강연구,Korean Journal for Infant Mental Health ,등재후보,사회과학 > 심리과학 > 상담심리/심리치료,2008,연2회,"한국어,영어",한국영유아아동정신건강학회,Korean association for infant mental health,,학회
26718634,2005212X,중환자간호학회지,Journal of Korean Critical Care Nursing,등재,의약학 > 간호학 > 성인간호 > 중환자간호,2008,연3회,한국어,한국중환자간호학회,Korean Society of Critical Care Nursing,,학회
,20050348,Journal of Neurocritical Care,Journal of Neurocritical Care,등재,의약학 > 신경과학 > 일반신경학,2008,연2회,"한국어,영어",대한신경집중치료학회,The Korean Neurocritical Care Society,,학회
,97911308,춘원연구학보,Chunwon Research journal ,등재,인문학 > 한국어와문학 > 국문학,2008,연1회,"한국어,영어",춘원연구학회,Chunwon Research Society,,학회
,20053207,서비스마케팅저널,Services Marketing Journal,등재,사회과학 > 신문방송학 > 광고/홍보학 > 서비스마케팅,2008,연2회,"한국어,영어",서비스마케팅학회,Service Marketing Association,,학회
24661899,23843799, International Journal of Thyroidology, International Journal of Thyroidology,등재,의약학 > 의학일반,2008,연2회,"한국어,영어",대한갑상선학회,Korean Thyroid Association,,학회
,20051166,코칭연구,,등재,복합학 > 감성과학 > 기타감성과학,2008,연4회,"한국어,영어",한국코칭학회,The Korean Association of Coaching,,학회
,20055382,해양관광학연구,Journal of Marine Tourism Research,등재후보,복합학 > 학제간연구,2008,연3회,"한국어,영어",한국해양관광학회,Korea Marine Tourism Society,,학회
26715244,20051468,사회적기업연구(Social Enterprise Studies),,등재,사회과학 > 경영학,2008,연3회,"한국어,영어",사단법인 사회적기업학회,Academy of Social Enterprise,,학회
,22877770,해양문화재,,등재후보,인문학 > 역사학 > 역사일반 > 문화사(역사학),2008,연1회,"한국어,영어",국립해양문화재연구소,National Institute of Maritime Cultural Heritage,,일반기관
,20054645,노동법포럼,labor law forum,등재,사회과학 > 법학,2008,연3회,한국어,노동법이론실무학회,society of laborlaw theory and profession,,학회
,20051247,집합건물법학,The Korean Aggregate Buildings Law,등재,사회과학 > 법학 > 기타법학,2008,연4회,한국어,한국집합건물법학회,Korea Institute for Condominium  Law,,학회
27138305,20052618,광고PR실학연구,Journal of Practical Research in Advertising and Public Relations,등재,사회과학 > 신문방송학 > 광고/홍보학 > 광고/홍보산업,2008,연4회,"한국어,영어",한국광고PR실학회,The Korean Advertising & PR Practitioners Society,,학회
,20056176,글로벌문화콘텐츠,Global Cultural Contents,등재,인문학 > 기타인문학,2008,연4회,"한국어,영어",글로벌 문화콘텐츠학회,Academic Association of Global Cultural Contents,,학회
,20052421,창조와 혁신,Journal of Creativity and Innovation,등재,사회과학 > 경영학,2008,연4회,"한국어,영어",피터드러커 소사이어티,Peter Drucker Society of Korea,,학회
,20052650,Financial Planning Review,,등재,사회과학 > 사회과학일반,2008,연4회,"한국어,영어",한국FP학회,korean Academic Society of Financial Planning,,학회
22890386,20055668,대한지구과학교육학회지,Journal of the Korean Society of Earth Science Education,등재,자연과학 > 지구과학,2008,연3회,"한국어,영어",대한지구과학교육학회,The Korean Society of Earth Science Education,,학회
27339742,22342532,문화예술경영학연구,Journal of Arts and Cultural Management,등재후보,사회과학 > 경영학 > 분야별경영 > 문화예술경영,2008,연2회,한국어,한국문화예술경영학회,Korean Society of Arts and Cultural Management,,학회
2508285X,24661147,한국방재안전학회논문집,Korean Society of Disaster & Security,등재후보,공학 > 공학일반 > 기타공학일반,2008,연4회,"한국어,한국어",한국방재안전학회,Korean Society of Disaster & Security,,학회
18829554,,International Journal of Fluid Machinery and Systems,International Journal of Fluid Machinery and Systems,등재,공학 > 기계공학,2008,부정기,한국어,한국유체기계학회,Korean Society for Fluid Machinery,,학회
,19769229,Journal of East Asia and International Law,Journal of East Asia and Internaional Law,등재,사회과학 > 법학,2008,연2회,"영어,프랑스어",(사) 이준국제법연구원,YIJUN Institute of International Law,,학회
23839910,19768753,뇌신경재활,Brain & NeuroRehabilitation,등재후보,의약학 > 재활의학 > 신경/근골격재활 > 중추신경계재활,2008,연3회,"영어,한국어",대한뇌신경재활학회,Korean Society for NeuroRehabilitation,,학회
,20054122,木簡과 文字,Wooden Documents and Inscriptions Studies,등재,인문학 > 기타인문학,2008,연2회,한국어,한국목간학회,The Korea Society for The Study of Wooden Documents,,학회
27136159,20058608,한국경제포럼,The Korean Economic Forum,등재후보,사회과학 > 경제학,2008,연4회,"한국어,영어",한국경제학회,The Korean Economic Association,,학회
27137651,20054742,대한치의학회 영문학회지,Journal of Korean Dental Science ,등재후보,의약학 > 치의학,2008,연2회,영어,대한치의학회,Korean Academy of Dental Sciences,,학회
,20051840,국가정보연구,Journal of National Intelligence Studies,등재,사회과학 > 정책학 > 국방/안보정책,2008,연2회,한국어,한국국가정보학회,KANIS (The Korea Assoication of National Intelligence Studies),,학회
27340236,19768362,재정학연구,Korean Journal of Public Finance,등재,사회과학 > 경제학,2008,연4회,"한국어,한국어",한국재정학회,The Korean Association Of Public Finance,,학회
22879544,2287884X,Journal of Asia-Pacific Biodiversity,Journal of Asia-Pacific Biodiversity,등재,자연과학 > 생물학,2008,연4회,영어,국립중앙과학관,National Science Museum,,일반기관
,20059000,법과인권교육연구,Journal of Human Rights & Law-related Education,등재,사회과학 > 사회과학일반,2008,연3회,"한국어,영어",한국 법과인권교육학회,Korea Human Rights & Law-related Education Association,,학회
20934939,2005940X,Journal Of Movement Disorders,,등재,의약학 > 신경과학 > 행동신경 > 파킨슨병,2008,연3회,영어,대한파킨슨병및이상운동질환학회,The Korean Movement Disorders Society,,학회
27334570,2005467X,사고와표현,Ratio et Oratio,등재,사회과학 > 교육학 > 분야교육,2008,연3회,"한국어,영어",한국사고와표현학회,The Korean Society for Thinking and Communication,,학회
,20054963,다문화교육연구,Multicultural Education Studies,등재,사회과학 > 교육학 > 교육학일반 > 비교교육학,2008,연4회,"한국어,영어",한국다문화교육학회,The Korean Association for Multicultural Education (KAME),,학회
2671678X,19768117,Muslim-Christian Encounter,Muslim-Christian Encounter,등재후보,인문학 > 기독교신학 > 선교신학,2008,연2회,"한국어,영어",한국이슬람연구소,Torch Trinity Center for Islamic Studies,횃불트리니티신학대학원대학교,대학부설연구소
24658642,19768400,한국문학과 예술,The Korean Literature and Arts,등재,복합학 > 감성과학 > 감성표현예술,2008,연4회,"한국어,영어",한국문학과예술연구소,Institute of Korean Literature and Arts,숭실대학교,대학부설연구소
20050720,19768710,Clinical and Experimental Otorhinolaryngology,Clinical and Experimental Otorhinolaryngology,등재,의약학 > 이비인후과학 > 기타이비인후과학,2008,연4회,영어,대한이비인후과학회,Korean Society of Otorhinolaryngology-Head and Neck Surgery,,학회
27141128,20050607,대중음악,Korean Journal of Popular Music,등재,예술체육학 > 음악학 > 대중/실용/영화음악,2008,연2회,한국어,한국대중음악학회,The Korean Association for the Study of Popular Music,,학회
,19769466,현대정치연구,journal of contemporary politics,등재,사회과학 > 정치외교학,2008,연3회,한국어,현대정치연구소,,서강대학교,대학부설연구소
,20054424,영상문화콘텐츠연구,The Journal of Image and Cultural Contents,등재,예술체육학 > 예술일반,2008,연3회,한국어,영상문화콘텐츠연구원,,동국대학교,대학부설연구소
,20053703,은행법연구,Korean Journal of Banking and Financial Law,등재,사회과학 > 사회과학일반,2008,연2회,"한국어,영어",은행법학회,Korea Banking and Financial Law Association,,학회
,20050372,경제규제와 법,,등재,사회과학 > 법학,2008,연2회,"한국어,영어",법학연구소,The Law Research Institute Seoul National University,서울대학교,대학부설연구소
22889302,2005081X,한국정보전자통신기술학회 논문지,"Journal of Korea Institute of Information, Electronics, and Communication Technology",등재,공학 > 전자/정보통신공학,2008,연6회,"한국어,영어",한국정보전자통신기술학회,"The Korea Institute of Information, Electronics, and Communication Technology",,학회
,20051999,국학연구론총,,등재,인문학 > 기타인문학,2008,연2회,한국어,택민국학연구원,Taekmin Korean Studies Institute,,일반기관
27338746,20051492,개념과 소통,CONCEPT AND COMMUNICATION,등재,인문학 > 역사학,2008,연2회,"한국어,영어",한림과학원,"The Hallym Academy of Sciences, Hallym University",한림대학교,대학부설연구소
,20051042,조선자연과학논문집,Journal of the Chosun Natural Science,등재,자연과학 > 자연과학일반 > 자연현상,2008,연4회,"한국어,영어",기초과학연구원,The Research Institute of Chosun Natural Science,조선대학교,대학부설연구소
,20050836,mediterranean review,,등재,사회과학 > 지역학,2008,연2회,"영어,영어",지중해지역원,상동,부산외국어대학교,대학부설연구소
,20051263,인문과학연구,,등재,인문학 > 기타인문학,2008,연4회,"한국어,영어",인문과학연구소,Institute of Human Sciences,강원대학교,대학부설연구소
,20051301,조세와 법,TAX and LAW,등재,사회과학 > 법학 > 분야별법 > 조세/세법,2008,연2회,한국어,서울시립대학교 법학연구소,Law Research Institute in University of Seoul ,서울시립대학교,대학부설연구소
26718499,20051352,글로벌정치연구,Journal of Golobal Politics,등재후보,사회과학 > 정치외교학,2008,연2회,"한국어,영어",글로벌정치연구소,Institute of Global Politics,한국외국어대학교,대학부설연구소
,20051751,한국보건기초의학회지,Korean Academy of Basic Medicine & Health Science,등재후보,의약학 > 예방의학 > 보건학,2008,연2회,"한국어,영어",한국보건기초의학회,The Korean Health & Fundamental Medical Science Society,,학회
26717700,20052553,다문화사회연구,The Journal of Multicultural Society,등재,사회과학 > 사회과학일반,2008,연3회,한국어,아시아여성연구원,Research Institute of Asian Women ,숙명여자대학교,대학부설연구소
,20053444,국제문화연구,Journal of international culture1-1,등재,인문학 > 기타인문학,2008,연2회,"한국어,영어",국제문화연구원,International Cultural Institute,조선대학교,대학부설연구소
,20052723,부동산·도시연구,Review of Real Estate and Urban Studies,등재,사회과학 > 국제/지역개발,2008,연2회,"한국어,영어",부동산도시연구원,Konkuk Reaserch Institute of Real Estate and Urban Studies,건국대학교,대학부설연구소
23839899,20926081,탈경계인문학Trans-Humanities,,등재,인문학 > 기타인문학,2008,연2회,"한국어,영어",이화인문과학원,Ewha Institute for the Humanities: EIH,이화여자대학교,대학부설연구소
,20053142,공학기술논문지,Journal of Advanced Engineering and Technology,등재,공학 > 공학일반,2008,연4회,"한국어,영어",공학기술연구원,"The Research Institute of Advanced Engineering Technology, Chosun University",조선대학교,대학부설연구소
20938152,20052901,Journal of Acupuncture & Meridian Studies,Journal of Acupuncture & Meridian Studies,등재,의약학 > 한의학,2008,연6회,영어,사단법인약침학회,Medical Association of Pharmacopuncture Institute,,학회
,20053967,노동연구,,등재후보,사회과학 > 사회학 > 산업/노동사회학,2008,연2회,"한국어,영어",노동문제연구소,Korea University Labor Education & Research Institute,고려대학교,대학부설연구소
,20054580,사회과학담론과 정책,Discourse and Policy in Social Science,등재,사회과학 > 사회과학일반,2008,연2회,"한국어,영어",사회과학연구원,"The Institute for Social Science Research, Kyungpook National University",경북대학교,대학부설연구소
27334260,20924984,스페인라틴아메리카연구,The Korean Journal of Hispanic Studies,등재,인문학 > 스페인어와문학,2008,연2회,"한국어,스페인어",스페인 라틴아메리카 연구소,Institute of Hispanic Studies,고려대학교,대학부설연구소
27136876,20054211,갱신과 부흥,Journal of Korean Institute for Reformed Studies,등재,인문학 > 기독교신학 > 조직신학,2008,연2회,"한국어,영어",개혁주의학술원,Korean Institute for Reformed Studies,고신대학교,대학부설연구소
2713816X,27138151,가천법학,Gachon Law Review,등재,사회과학 > 법학,2008,연4회,"한국어,영어",법학연구소,,가천대학교,대학부설연구소
27135942,20057180,인간.환경.미래,"Human Beings, Environment and Their Future",등재,인문학 > 철학,2008,연2회,"한국어,영어",인간환경미래연구원,"Institute of Human, Environment & Future",인제대학교,대학부설연구소
,26718138,영어권문화연구,The Journal of English Cultural Studies,등재,인문학 > 영어와문학 > 영문학 > 기타영문학,2008,연3회,"한국어,영어",영어권문화연구소,Institute for Cultures of English Speaking Nations,동국대학교,대학부설연구소
27139786,19763743,환경법과 정책,Environmental Law and Policy,등재,사회과학 > 법학,2008,연2회,한국어,비교법학연구소,"Institute of Comparative Legal Studies, Kangwon National  University",강원대학교,대학부설연구소
,20056354,젠더와 문화,Gender and Culture,등재,복합학 > 여성학,2008,연2회,"한국어,영어",여성학연구소,Institute of Women's Studies,계명대학교,대학부설연구소
,20050712,모드니예술,,등재후보,예술체육학 > 예술일반 > 예술교육,2008,연1회,"한국어,영어",한국문화예술교육학회,The Korean Association of Culture Arts Education,,학회
27339890,20056486,특수교육교과교육연구,Journal of Special Education for Curriculum and Instruction,등재,사회과학 > 교육학 > 분야교육 > 특수교육,2008,연4회,"한국어,영어",한국특수교육교과교육학회,Korean Special Education Association for Curriculum and Instruction,,학회
,20058055,유럽사회문화,,등재,인문학 > 기타인문학,2008,연2회,한국어,인문학연구원,Institute of Humanities,연세대학교,대학부설연구소
,20055641,아시아영화연구,ASIAN CINEMA STUDIES,등재,예술체육학 > 영화,2008,연3회,"한국어,영어",영화연구소,PNU Film Institute,부산대학교,대학부설연구소
25860348,20930828,대한금연학회지,Journal of Korean society for research on nicotine and tobacco,등재후보,의약학 > 예방의학 > 의료관리 > 건강행태,2009,연2회,"한국어,영어",대한금연학회,Korean Society for Research on Nicotine and Tobacco ,,학회
,20057830,교육치료연구,Korean Journal of Educational Therapist,등재,사회과학 > 교육학 > 교육상담,2009,연3회,"한국어,영어",한국교육치료학회,THE KOREAN SOCIETY OF EDUCATIONAL THERAPY,,학회
,20925212,The Asian Journal of Shipping and Logistics,The Asian Journal of Shipping and Logistics,등재,사회과학 > 무역학,2009,연3회,영어,한국해운물류학회,"The Korean Association Of Shipping And Logistics, Inc.",,학회
,20059213,요가학연구,Journal of Yoga Studies,등재후보,인문학 > 철학 > 동양철학 > 인도철학,2009,연2회,"한국어,영어",한국요가학회,Korean Society of Yoga,,학회
20927363,20927355,"Allergy, Asthma & Immunology Research",AAIR,등재,의약학 > 내과학 > 알레르기내과,2009,연6회,영어,대한천식알레르기학회,"The Korean Academy of Asthma, Allergy and Clinical Immunology",,학회
25084593,20939582,한국프랜차이즈경영연구,The Korean Journal of Franchise Management,등재,사회과학 > 경영학 > 판매관리/마케팅,2009,연4회,"한국어,영어",한국프랜차이즈경영학회,Korea Society of Franchise Management,,학회
,20926049,한국고지도연구,JOURNAL OF THE KOREAN RESEARCH ASSOCIATION OF OLD MAPS,등재,사회과학 > 지리학 > 인문지리학 > 역사지리,2009,연2회,"한국어,영어",한국고지도연구학회,The Korean Research Association of Old Maps,,학회
20054408,2005291X,Clinics in Orthopedic Surgery,Clinics in Orthopedic Surgery,등재,의약학 > 정형외과학,2009,연4회,"영어,영어",대한정형외과학회,The Korean Orthopaedic Association,,학회
22884068,2288405X,실천공학교육논문지,Journal of Practical Engineering  Education,등재,복합학 > 과학기술학,2009,연2회,한국어,한국실천공학교육학회,Korean Institute for Practical Engineering Education,,학회
20926790,20926782,International Journal of Naval Architecture and Ocean Engineering,,등재,공학 > 조선공학,2009,연1회,영어,대한조선학회,The Society Of Naval Architects Of Korea,,학회
,20929706,글로벌교육연구,Global Studies Education,등재,사회과학 > 교육학,2009,연4회,"한국어,영어",글로벌교육연구학회,Global Studeis Education Association,,학회
25865854,20058063,말소리와 음성과학,Phonetics and Speech Sciences,등재,복합학 > 학제간연구,2009,연4회,"한국어,영어",한국음성학회,The Korean Society of Speech Sciences,,학회
2288744X,22878696,대한상한금궤의학회지,The Journal of Korean Medical Association of Clinical Sanghan-Geumgwe,등재후보,의약학 > 한의학 > 임상한의학,2009,연1회,한국어,대한상한금궤의학회,Korean Medical Association of Clinical Sanghan - Geumgwe,,학회
,20925182,도시연구: 역사·사회·문화,Korean Journal of Urban History,등재,인문학 > 역사학,2009,연3회,"한국어,영어",도시사학회,The Korean Society for Urban History,,학회
,22346414,글로벌 문화연구,GLOBAL CULTURE REVIEW,등재후보,사회과학 > 사회학 > 문화/종교사회학,2009,연4회,"한국어,영어",한국글로벌문화학회,KOREA ASSOCIATION of GLOBAL CULTURE,,학회
,20930321,입법과 정책,Legislation and Policy Studies,등재,사회과학 > 정책학,2009,연3회,"한국어,영어",국회입법조사처,NARS,,일반기관
,22883606,대한고령친화산업학회지,,등재,사회과학 > 사회과학일반,2009,연2회,"한국어,영어",대한고령친화산업학회,Korean Aging Friendly Industry Association,,학회
,20929110,대한치료과학회지,Journal of Korean Academy of Medicine & Therapy Science,등재,의약학 > 재활의학 > 재활치료/통증관리,2009,연2회,"한국어,영어",대한치료과학회,The Korean Society of Medicine & Therapy Science,,학회
26715856,20932707,헬스커뮤니케이션연구,Health Communication Research,등재후보,사회과학 > 신문방송학 > 커뮤니케이션학,2009,연2회,"한국어,영어",한국헬스커뮤니케이션학회,Korea Health Communication Association,,학회
25861832,20059698,과학영재교육,Journal of Science Education for the Gifted,등재후보,사회과학 > 교육학 > 분야교육 > 영재교육,2009,연3회,"한국어,영어",한국과학영재교육학회,Korean Science Education Society for the Gifted,,학회
27138577,20929919,한국경관학회지,Journal of the Korea Landscape Council,등재,농수해양학 > 조경학 > 경관론,2009,연2회,"한국어,영어",한국경관학회,The Korea Landscape Council,,학회
,20059396,자동차안전학회지,Journal Of Auto-Vehicle Safety Association,등재,공학 > 자동차공학,2009,연4회,"한국어,영어",사단법인 한국자동차안전학회,Korea Auto Vehicle Safety Association,,학회
27338363,22341676,한국산업보안연구,Korean Journal of Industrial Security,등재,복합학 > 학제간연구,2009,연3회,"한국어,영어",한국산업보안연구학회,The Korea Association for Industrial Security,,학회
,20925743,열린부모교육연구,Journal of Parent Education,등재,사회과학 > 사회과학일반,2009,연4회,"한국어,영어",열린부모교육학회,The Society for Open Parent Education: SOPE,,학회
,20934785,국가와 정치,The State and Politics,등재후보,사회과학 > 지역학 > 동아시아,2009,연1회,한국어,동아시아연구소,Research Center for East Asian Studies,성신여자대학교,대학부설연구소
22884939,22884920,"The International Journal of Internet, Broadcasting and Communication","The International Journal of Internet, Broadcasting and Communication",등재,공학 > 전자/정보통신공학,2009,연4회,"영어,영어",한국인터넷방송통신학회,"The Institute of Internet, Broadcasting and Communication",,학회
,20925727,한국고대사탐구,Society for the Study of Early Korean History,등재,인문학 > 역사학 > 한국사 > 한국고대사,2009,연3회,"한국어,영어",한국고대사탐구학회,society for the study of early korean history,,학회
,20059469,백제학보,,등재,인문학 > 역사학 > 한국사 > 한국고대사,2009,연4회,"한국어,한문",백제학회,a baekje society,,학회
20057814,20057806,The Journal of Advanced of Prosthodontics,The Journal of Advanced of Prosthodontics,등재,의약학 > 치의학 > 치과보철학,2009,연6회,"영어,영어",대한치과보철학회,The Korean Academy Of Prosthodontics,,학회
,20925042,다문화콘텐츠연구,,등재,사회과학 > 사회과학일반 > 기타사회과학일반,2009,연3회,한국어,문화콘텐츠기술연구원,culture technology research institute,중앙대학교,대학부설연구소
,26356295,대학 교수-학습 연구,Journal of Teaching & Learning research,등재후보,사회과학 > 교육학,2009,연2회,"한국어,영어",대학교육개발센터협의회,korean assocication of center for teaching and learning,,학회
27334449,20059221,로컬리티 인문학,THE JOURNAL OF LOCALITOLOGY,등재,인문학 > 기타인문학,2009,연2회,"한국어,영어",한국민족문화연구소,"Korean Studies Institute, Pusan National University",부산대학교,대학부설연구소
,2005873X,도시인문학연구,Studies in Urban Humanities,등재,인문학 > 기타인문학,2009,연2회,"한국어,영어",도시인문학연구소,Institute for Urban Humanities,서울시립대학교,대학부설연구소
,20059973,국제법무,International Law Review,등재,사회과학 > 법학 > 법학일반 > 비교법학,2009,연2회,"한국어,중국어",법과정책연구원,The Institute of Law & Policy Jeju National University,제주대학교,대학부설연구소
,20928599,의생명과학과법,,등재,사회과학 > 법학 > 분야별법 > 의료/보건법,2009,연2회,"한국어,영어",법학연구소,Journal of Law research,원광대학교,대학부설연구소
,2092500X,통일과 평화,Journal of Peace and Unification Studies,등재,사회과학 > 사회학 > 북한사회및통일연구,2009,연2회,"한국어,영어",통일평화연구원,Institute for Peace and Unification Studies Seoul National University,서울대학교,대학부설연구소
,20925328,비교일본학,,등재,인문학 > 일본어와문학 > 일본문학 > 일본문화학,2009,연3회,"한국어,일본어",일본학국제비교연구소,Global Center for Japanese Studies,한양대학교(ERICA캠퍼스),대학부설연구소
,2092738X,SUVANNABHUMI,SUVANNABHUMI,등재후보,사회과학 > 지역학 > 동남아시아,2009,연2회,영어,아세안연구원,Korea Institute for ASEAN Studies,부산외국어대학교,대학부설연구소
2713721X,20926863,일본비평,Korean Journal of Japanese Studies,등재,사회과학 > 지역학 > 동아시아 > 일본,2009,연2회,한국어,일본연구소,"Institute for Japanese Studies, Seoul National University",서울대학교,대학부설연구소
18793673,18793665,Journal of Eurasian Studies,Journal of Eurasian Studies,등재,사회과학 > 지역학 > 기타지역학,2009,연2회,영어,아태지역연구센터,The Asia-Pacific Research Center,한양대학교,대학부설연구소
2671843X,20927517,건지인문학,,등재,인문학 > 기타인문학,2009,연3회,"한국어,중국어",인문학연구소,The Humanities institute of the Chonbuk National University,전북대학교,대학부설연구소
27334317,27334309,아태경상저널,Asia-Pacific Journal of Business & Commerce,등재,사회과학 > 경영학,2009,연3회,"한국어,영어",산업경제연구소,Research Institute of Industry and Economy,전북대학교,대학부설연구소
27336948,2092769X,國際去來와 法,Dong-A Journal of International Business Transactions Law,등재,사회과학 > 법학 > 사법 > 국제거래법,2009,연4회,한국어,법학연구소,The Institute for Legal Studies Dong-A University ,동아대학교,대학부설연구소
26537135,20059620,국제개발협력연구,International Development and Cooperation Review,등재,사회과학 > 사회과학일반 > 기타사회과학일반,2009,연4회,"한국어,영어",국제개발협력학회,,,학회
27139263,20928130,해항도시문화교섭학,Cultural Interaction Studies of Sea Port Cities,등재,인문학 > 기타인문학,2009,연2회,"한국어,영어",국제해양문제연구소,International Institute of Maritime Affairs,한국해양대학교,대학부설연구소
20933061,20933061,"호모미그란스-이주, 식민주의, 인종주의","Homo Migrans-Migration, Colonialism, Racism",등재,인문학 > 역사학 > 기타역사학,2009,연2회,"한국어,영어",이주사학회,Korean Society for Migration History,,학회
,20929307,한국신경인지재활치료학회지,Journal of Korean Society of Neurocognitive Rehabilitation,등재,의약학 > 작업치료학 > 신경계작업치료,2009,연2회,"한국어,영어",한국인지운동치료협회,The Korean Society of Cognitive Therapeutic Exercise,,학회
25865927,20934289,연기예술연구,Journal of Acting & Arts,등재,복합학 > 감성과학,2009,연4회,"한국어,영어",한국연기예술학회,Korea Society of Acting Studies,,학회
,20930186,형사소송의 이론과 실무,Theories and Prctices of Crimonal Procedure,등재,사회과학 > 법학 > 공법 > 형사소송법,2009,연2회,한국어,한국형사소송법학회,The Korean Association of Criminal Procedure Law,,학회
27334392,20936133,한자연구,The Journal of Chinese Character Studies,등재,인문학 > 중국어와문학 > 중국어학 > 일반문자학(중국어학),2009,연3회,"중국어,영어",한국한자연구소,Center for the Study of Chinese Characters in Korea,경성대학교,대학부설연구소
,20937873,사례관리연구,Research of case management,등재후보,사회과학 > 사회복지학 > 사회복지학일반 > 사회복지실천론,2010,연1회,한국어,한국사례관리학회,The Korea Acadamy of Case Management,,학회
20937997,20937911,Safety and Health at Work,,등재,의약학 > 예방의학 > 환경/직업의학,2010,연4회,영어,한국산업안전보건공단 산업안전보건연구원,"Occupational Safety and Health Research Institute, Korea Occupational Safety and Health Agency",,학회
23663294,23663286,Spatial Information Research,Spatial Information Research,등재,공학 > 공학일반 > 기타공학일반,2010,연6회,"영어,영어",대한공간정보학회,Korea Spatial Information Society (KSIS),,학회
23254483,20932685,Journal of Global Fashion Marketing,Journal of Global Fashion Marketing,등재,사회과학 > 경영학,2010,연4회,"영어,중국어",한국마케팅과학회,Korean Scholars of Marketing Science,,학회
,22338349,구술사연구,Korean Journal of Oral History,등재,인문학 > 역사학 > 기타역사학,2010,연2회,"한국어,영어",한국구술사학회,Korean Oral History Association,,학회
24658189,2233453X,세계태권도문화학회,,등재,예술체육학 > 체육,2010,연4회,"한국어,영어",세계태권도문화학회,The World Society of Taekwondo Culture,,학회
27136353,22334890,한국융합학회논문지,Journal of the Korea Convergence Society,등재,복합학 > 학제간연구,2010,연12회,"한국어,영어",한국융합학회,Korea Convergence Society,,학회
,22887393,부동산경영,Journal of the Korea Real Estate Management Review,등재,사회과학 > 법학 > 분야별법 > 토지/부동산/주택/농지법,2010,연2회,"한국어,영어",한국부동산경영학회,Kprea Real Eatate Management Academy,,학회
,20935218,생명과말씀,Life and Word,등재,인문학 > 기독교신학,2010,연3회,"한국어,영어",개혁주의생명신학회,Society for Reformed Life Theology,,학회
27339467,20935099,풍력에너지저널,Journal of Wind Energy,등재,공학 > 기타공학,2010,연4회,"한국어,영어",한국풍력에너지학회,Korea Wind Energy Association,,학회
,20938721,인문사회 21,The Journal of Humanities and Social science ,등재,사회과학 > 기타사회과학,2010,연6회,"한국어,영어",사단법인 아시아문화학술원,Asia Culture Academy of Incorporated Association,,일반기관
,20933428,한국셉테드학회지,Journal of Community Safety and Security by Environmental Design,등재,복합학 > 학제간연구,2010,연3회,"한국어,영어",한국셉테드학회,KOREA CPTED ASSOCIATION,,학회
22880232,20935145,한국복합신소재구조학회 논문집,Journal of the Korean Society for Advanced Composite Structures,등재,공학 > 건축공학 > 건축구조 > 복합구조,2010,연6회,"한국어,영어",한국복합신소재구조학회,,,학회
22335382,22334165,산경연구논집,The Journal of Industrial Distribution & Business,등재,사회과학 > 경제학 > 분야별경제,2010,연12회,"영어,한국어",한국유통과학회,Korea Distribution Science Association,,학회
,22341196,한국청각언어장애교육연구,The study of Education for Hearing-Language Impairments,등재,사회과학 > 교육학 > 분야교육 > 특수교육,2010,연3회,"한국어,영어",한국청각언어장애교육학회,The Korean Society of Education for Hearing-Language Impairments,,학회
,20936923,회생법학,Korean Law Review for  Rehabilitation and Bankruptcy,등재후보,사회과학 > 법학,2010,연2회,한국어,한국채무자회생법학회,The Korean Association of Rehabilitation Bankruptcy Law,,학회
22336052,22109099,Osong Public Health and Research Persptectives,Osong Public Health and Research Persptectives,등재,의약학 > 예방의학 > 보건학,2010,연6회,"영어,영어",질병관리본부,Korea Center for Disease Control and Prevention,,일반기관
,20936095,성인계속교육연구,Korean Journal of Adult & Continuing Education Studies,등재,사회과학 > 교육학 > 분야교육 > 평생교육,2010,연3회,"한국어,영어",한국성인계속교육학회,Korean Association for Adult and Continuing Education,,학회
27140121,2233582X,고전번역연구,,등재,인문학 > 한국어와문학 > 한문학,2010,연1회,"한국어,한문",한국고전번역학회,The Society for the Translation of Korean Classics,,학회
,2093937X,미래사회복지연구,Journal of Future Social Work Research,등재,사회과학 > 사회복지학,2010,연3회,"한국어,영어",한국사회복지실천연구학회,Korean Academy of Social Work Practice and Research,,학회
,23834617,한국명상학회지,Korean Journal of Meditation,등재후보,사회과학 > 심리과학 > 기타심리과학,2010,연2회,"한국어,영어",사단법인 한국명상학회,Korean Society for Meditation,,학회
,20933320,유럽문화예술학논집,The Journal of Europe Culture Arts,등재,사회과학 > 인류학 > 문화이론,2010,연2회,"한국어,프랑스어",유럽문화예술학회,europe culture arts association,,학회
27339521,20935560,장애인복지연구,Disability & Social Welfare,등재,사회과학 > 사회복지학 > 장애인복지,2010,연2회,"한국어,영어",한국장애인개발원,Korea Disabled People's Development Institute,,일반기관
20938950,22334203,Mass Spectrometry Letters,Mass Spectrometry Letters,등재,자연과학 > 화학 > 분석화학 > 질량분석화학,2010,연4회,영어,사단법인 한국질량분석학회,Korean Society for Mass Spectrometry,,학회
,20933843,한국심리학회지:법,Korean Journal of Forensic Psychology,등재,사회과학 > 심리과학 > 응용심리 > 범죄/법심리,2010,연3회,"한국어,영어",한국법심리학회,Korean Association of Psychology and Law,,학회
,20934750,도시정책연구,Journal of Urban Policies,등재,사회과학 > 국제/지역개발 > 지역개발 > 도시개발/계획,2010,연3회,한국어,도시정책학회,The Korean Association of Urban Policies,,학회
27140148,20928475,국제물리치료연구학회,Journal of International Academy of Physical Therapy Research,등재,의약학 > 물리치료학,2010,연4회,영어,국제물리치료연구학회,International Academy of Physical Therapy Research,,학회
22340556,20939728,상징과 모래놀이치료,Journal of Symbols & Sandplay Therapy,등재,사회과학 > 심리과학 > 상담심리/심리치료,2010,연2회,"한국어,영어",한국임상모래놀이치료학회,Korean Society of Sandplay Therapy,,학회
,20934556,종교와 사회,Asian Journal of Religion and Society,등재,사회과학 > 사회학 > 문화/종교사회학,2010,연2회,"영어,영어",한국종교사회학회,Korean association of Sociology of Religion,,학회
,26361779,기업경영리뷰,Korean Review of Corporation Management,등재,사회과학 > 경영학 > 경영학일반,2010,연4회,"한국어,영어",KNU 기업경영연구소,Korean Research Institute of Corporate Management,공주대학교,대학부설연구소
27136124,20931859,통일과 법률,Unification & Law,등재후보,사회과학 > 법학 > 분야별법 > 통일관계법,2010,연4회,한국어,법무부,Ministry of Justice,,학회
27135977,20933738,이화젠더법학,Ewha Journal of Gender and Law,등재,사회과학 > 법학,2010,연3회,"한국어,영어",젠더법학연구소,Institute for Gender and Law,이화여자대학교,대학부설연구소
,22335587,통합유럽연구,Korean Journal of European Integration,등재,사회과학 > 지역학,2010,연3회,"한국어,영어",국제지역문화원,Sogang International Institute for Regional & Cultural Studies,서강대학교,대학부설연구소
,25863908,한국레저사이언스학회지,Journal of Korean Leisure Science,등재후보,예술체육학 > 체육 > 여가레크리에이션,2010,연2회,"한국어,영어",한국레저사이언스학회,Korean Society for Leisure Sciences,,학회
2671969X,20935498,OMNES: The Journal of Multicultural Society,,등재,사회과학 > 사회과학일반,2010,연2회,영어,아시아여성연구원,Research Institute of Asian Women ,숙명여자대학교,대학부설연구소
25862782,20935919,한국기후변화학회지,Journal of Climate Change Research,등재,복합학 > 학제간연구,2010,연6회,"한국어,영어",한국기후변화학회,The Korean Society of Climate Change Research,,학회
25083988,20936753,국기원 태권도연구,TAEKWONDO JOURNAL OF KUKKIWON,등재,예술체육학 > 체육 > 무도학,2010,연4회,"한국어,영어",국기원,KUKKIWON,,일반기관
23843934,22335900,아태비즈니스연구,(APJB) Asia Pacific Journal of Business,등재,사회과학 > 경영학 > 경영학일반,2010,연4회,"한국어,영어",경영경제연구소,,강원대학교,대학부설연구소
26358034,20936494,한국예술연구,The Korean Journal of Arts Studies,등재,예술체육학 > 예술일반,2010,연4회,"한국어,영어",한국예술연구소,Korean National Research Center for the Arts,한국예술종합학교,대학부설연구소
26715996,20935927,과학기술과 법,"Science, Technology and Law",등재,사회과학 > 법학,2010,연2회,"한국어,영어",법학연구소,"Law Research Institute, Chungbuk National University",충북대학교,대학부설연구소
2714108X,20937768,감성연구,The journal of Gamsung,등재,인문학 > 기타인문학,2010,연2회,"한국어,영어",호남학연구원,Institute of Honam Studies,전남대학교,대학부설연구소
,20937288,Journal of Korean Religions,Journal of Korean Religions,등재,인문학 > 종교학,2010,연2회,"영어,한국어",종교연구소,"Institute for the Study of Religion, Sogang University",서강대학교,대학부설연구소
,20939477,철학실천과 상담,Philosophical Practice and Counseling,등재후보,인문학 > 철학,2010,연1회,"한국어,영어",한국철학상담치료학회,The Korean Society of philosophical Practice ,,학회
27334430,20938667,사회복지법제연구,Social Welfare and Law Journal,등재,사회과학 > 사회복지학 > 사회복지학일반 > 사회복지법제,2010,연3회,"한국어,영어",사회복지법제학회,Academy of Social Welfare and Law,,학회
,22336796,미래사회,Journal of the Future of Society,등재후보,사회과학 > 기타사회과학,2010,연1회,"한국어,영어",미래사회전략연구소, Institute for Strategy of the Future of Society,서울사이버대학교,대학부설연구소
22338853,20939175,sleep medicine research,sleep medicine research,등재,의약학 > 정신과학 > 정신행동과학 > 수면의학,2010,연2회,영어,대한수면학회,The Korean Society of Sleep Medicine,,학회
27138178,25867229,리터러시 연구,The Korean Journal of Literacy Research,등재,사회과학 > 교육학 > 분야교육 > 교양기초교육,2010,연6회,한국어,한국 리터러시 학회,Korean Association for Literacy,,학회
,26355132,The Journal of Law & IP,,등재후보,사회과학 > 법학,2010,연2회,"한국어,영어",세종지적재산권연구소,,충남대학교,대학부설연구소
,22337563,Journal of Humanities Therapy,,등재,인문학 > 기타인문학,2010,연2회,영어,인문과학연구소,Institute of Human Sciences,강원대학교,대학부설연구소
,22875212,『선거연구』,The study of Election,등재후보,사회과학 > 정치외교학 > 비교정치 > 의회/정당/선거,2010,연2회,"한국어,영어",중앙선거관리위원회,NATIONAL ELECTION COMMISSION,,일반기관
2466233X,20939833,인지발달중재학회지,Journal of cognitive Enhancement and Intervention,등재,사회과학 > 심리과학,2010,연4회,"한국어,영어",인지발달중재학회,The Society for Cognitive Enhancement and Intervention,,학회
,2233663X,공공사회연구,Journal of Public Society,등재,사회과학 > 사회과학일반,2011,연4회,한국어,한국공공사회학회,The korean Association for Public Society,,학회
2093985X,20939868,Biomedical Engineering Letters (BMEL),,등재,공학 > 의공학 > 기타의공학,2011,연4회,"영어,영어",대한의용생체공학회,The Korea Society Of Medical & Biological Engineering,,학회
,22347526,Korea Legislation Research Institute Journal of Law and Legislation,Korea Legislation Research Institute Journal of Law and Legislation,등재후보,사회과학 > 법학,2011,연2회,영어,한국법제연구원,Korea Legislation Research Institute,,일반기관
27139298,22343296,영토해양연구,Territory and Seas,등재후보,인문학 > 역사학,2011,연2회,"한국어,영어",동북아역사재단,Northeast Asian History Foundation,,일반기관
27139352,26359464,표준인증안전학회지,"Journal of Standards, Certification and Safety",등재,복합학 > 기술정책 > 기술분류및표준화,2011,연4회,"한국어,영어",표준인증안전학회,"Society for Standards, Certification and Safety",,학회
,22881697,KIBIM Magazine,,등재,공학 > 공학일반,2011,연4회,"한국어,영어",한국BIM학회,Korean Institute of BIM(Building Information Modeling),,학회
22339116,22339019,Korean Journal of Family Practice,Korean Journal of Family Practice,등재후보,의약학 > 가정의학,2011,연6회,"영어,한국어",대한가정의학회,The Korean Academy Of Family Medicine,,학회
,22342982,임상미술심리연구,,등재후보,사회과학 > 심리과학 > 상담심리/심리치료,2011,연3회,한국어,사)한국아동발달지원연구소,The Child Developmental Supporting Center,,학회
20936338,20936338,Laboratory Medicine Online,Laboratory Medicine Online,등재,의약학 > 임상병리학 > 기타임상병리학,2011,연4회,"한국어,영어",대한진단검사의학회,Korean Society For Laboratory Medicine,,학회
27339726,22341994,에너지기후변화교육,Jounral of Energy and Climate Change Education,등재,사회과학 > 교육학 > 기타교육학,2011,연3회,"한국어,영어",에너지기후변화교육학회,The Korea Society of Energy and Climate Change Education ,,학회
27136574,22344861,中國散文硏究集刊,The Journal of Chinese Prose,등재후보,인문학 > 중국어와문학 > 중문학 > 중국산문,2011,연1회,"한국어,중국어",한국중국산문학회,The Chinese Prose Association Of Korea,,학회
26355159,22346252,한국해양경찰학회보,Korean Association of Maritime Police Science,등재,사회과학 > 행정학 > 분야별행정 > 경찰행정,2011,연4회,"한국어,영어",한국해양경찰학회,Korean Association of Maritime Police Science,,학회
,22344519,한국중독범죄학회보,Korean Association of Addiction Crime Review,등재,사회과학 > 사회과학일반,2011,연4회,"한국어,영어",한국중독범죄학회,Korean Association of Addiction Crime,,학회
2671597X,22339353,국제금융연구,Review of International Money and Finance,등재,사회과학 > 경제학,2011,연2회,"한국어,영어",한국국제금융학회,Korea International Finance Association,,학회
2287366X,22873651,Clinical and Experimental Vaccine Research ,,등재,의약학 > 예방의학 > 역학 > 감염병역학,2011,연2회,영어,대한백신학회,The Korean Vaccine Society,,학회
25864440,,융합정보논문지,Journal of Convergence for Information Technology,등재,복합학 > 문헌정보학 > 정보서비스,2011,연12회,"한국어,영어",중소기업융합학회,The Society of Convergence for Small and Medium Business,,학회
,22340866,대한지역사회작업치료학회지,The Journal of Korean Society of Community Based Occupational Therapy,등재,의약학 > 작업치료학 > 지역사회작업치료,2011,연3회,"한국어,영어",대한지역사회작업치료학회,Korean Society of Community Based Occupational Therapy,,학회
,22344101,World Environment and Island Studies,,등재후보,사회과학 > 행정학 > 분야별행정 > 환경행정,2011,연3회,영어,세계섬학회,,,학회
22877584,22877576,Physical Therapy Rehabilitation Science,Physical therapy rehabilitation science,등재,의약학 > 물리치료학 > 임상물리치료,2011,연4회,"영어,영어",물리치료재활과학회,Physical Therapy Rehabilitation Science,,학회
,22339159,어린이교육비평,,등재,사회과학 > 교육학 > 분야교육 > 유아교육,2011,연2회,한국어,한국어린이교육문화비평학회,Korean Society for Critical Inquiry of Childhood Education,,학회
27339017,2234747X,미래교육연구,The Journal of Future Education ,등재,사회과학 > 교육학 > 교육학일반,2011,연4회,"한국어,영어",한국미래교육학회,The Korea Association of Future Edcation,,학회
,22340904,생애학회지,Journal of Life-span Studies,등재,자연과학 > 생활과학 > 아동학,2011,연3회,"한국어,영어",한국생애학회,Association of Life-span Studies: ALS,,학회
,22344764,교류분석상담연구,Transactional Analysis Counseling Research,등재,사회과학 > 심리과학 > 상담심리/심리치료,2011,연2회,"한국어,영어",한국교류분석상담학회,Korean Transactional Analysis Counseling Association,,학회
,22340564,한국IT정책경영학회 논문지,Jounal of The Korea Society of Information Technology Policy & Management,등재,복합학 > 기술정책,2011,연6회,"한국어,영어",한국IT정책경영학회,The Korea Society of Information Technology Policy & Management,,학회
22876235,20939310,ANNALS OF FUZZY MATHEMATICS AND INFORMATICS,,등재,자연과학 > 수학 > 기타수학,2011,연6회,영어,기초자연과학연구소,The Natural Science Institute Wonkwang University,원광대학교,대학부설연구소
,22340505,주택도시연구,SH Urban Research & Insight,등재,사회과학 > 국제/지역개발,2011,연3회,"한국어,영어",SH공사 도시연구원,,,학회
22889582,22885862,Journal of Acute Care Surgery,Journal of Acute Care Surgery,등재,의약학 > 일반외과학 > 외상학,2011,연3회,"영어,영어",대한외상중환자외과학회,Korean Society of Acute Care Surgery,,학회
26715732,22342214,Journal of Safety and Crisis Management,,등재후보,사회과학 > 정책학 > 정책학일반,2011,연6회,"영어,영어",위기관리 이론과 실천,Crisis and Emergency Management: Theory and Praxis,,학회
22338241,22338233,Clinical and Experimental Reproductive Medicine,Clinical and Experimental Reproductive Medicine,등재,의약학 > 산부인과학,2011,연4회,"한국어,영어",대한생식의학회,The Korean Society for Reproductive Medicine,,학회
23842121,22336710,Journal of Asia Pacific Counseling,,등재후보,사회과학 > 교육학 > 교육상담,2011,연2회,"영어,영어",한국상담학회,Korean Counseling Association (KCA),,학회
27136191,22335978,대한연하장애학회지,Journal of the Korean Dysphagia Society,등재,의약학 > 재활의학,2011,연2회,"한국어,영어",대한연하장애학회,The Korean Dysphagia Society,,학회
2671499X,26714981,"The Journal of Business, Economics, and Environmental Studies","The Journal of Business, Economics, and Environmental Studies",등재,사회과학 > 경영학,2011,연4회,"영어,영어",한국유통과학회,Korea Distribution Science Association,,학회
2287187X,22340068,International Journal of Knowledge Content Development & Technology,International Journal of Knowledge Content Development & Technology,등재,복합학 > 문헌정보학,2011,연4회,영어,지식콘텐츠연구소,Research Institute for Knowledge Content Development & Technology,건국대학교 GLOCAL(글로컬)캠퍼스,대학부설연구소
26715554,22335560,Global Health and Nursing (글로벌 건강과 간호),,등재,의약학 > 간호학,2011,연2회,"한국어,영어",간호과학연구소,Research Institute of  Nursing Science,부산대학교,대학부설연구소
,22337148,미래정치연구,JOURNAL OF FUTURE POLITICS,등재,사회과학 > 정치외교학 > 비교정치 > 정치권력/정치과정,2011,연2회,"한국어,영어",미래정치연구소,Korea Institute for Future Politics,명지대학교(서울캠퍼스),대학부설연구소
,22339531,한국어문교육,,등재,인문학 > 한국어와문학 > 국어교육,2011,연4회,한국어,한국어문교육연구소,Center for Literature and Language Education,고려대학교,대학부설연구소
,22338497,중국지식네트워크,China Knowledge Network,등재,사회과학 > 지역학,2011,연2회,"한국어,중국어",중국인문사회연구소,Center for Interdisciplinary Research on China,국민대학교,대학부설연구소
2508870X,22338322,농업생명환경연구,"Journal of Agricultural, Life and Environmental Sciences",등재후보,농수해양학 > 농학 > 농학일반 > 농업교육,2011,연3회,"한국어,영어",농업생명과학연구원,Agriculture and Life Sciences Resaerch Institute,강원대학교,대학부설연구소
26361256,22341420,다문화건강학회지,Journal of the Korean Society for Multicultural Health,등재후보,복합학,2011,연2회,"한국어,영어",다문화건강학회,The Korean Society For Multicultural Health,,학회
27138720,22339221,T&I REVIEW,T&I REVIEW,등재후보,인문학 > 통역번역학,2011,연1회,"한국어,영어",통역번역연구소,Ewha Research Institute for Translation Studies,이화여자대학교,대학부설연구소
2733919X,2234330X,한국화장품미용학회지,Korean Society of Cosmetics and Cosmetology,등재후보,예술체육학,2011,연3회,"한국어,영어",한국화장품미용학회,The Korean Society of Cosmetics and Cosmetology,,학회
2714111X,22339671,Journal of Peace and Unification,Journal of Peace and Unification,등재,사회과학 > 지역학 > 동아시아 > 북한,2011,연4회,영어,통일학연구원,Ewha Institute of Unification Studies,이화여자대학교,대학부설연구소
26716518,22341412,취업진로연구,Journal of Employment and Career,등재,사회과학 > 교육학 > 분야교육 > 평생교육,2011,연4회,"한국어,영어",한국취업진로학회,Korean  Employment and Career Association,,학회
,22339892,금융소비자연구,Journal of Financial Consumers,등재후보,사회과학 > 경제학 > 금융(화폐)경제,2011,연3회,"한국어,영어",한국금융소비자학회,Korean Academy of Financial Consumers,,학회
,22340386,아시아리뷰,Asia Review,등재,사회과학 > 사회과학일반,2011,연2회,"한국어,영어",아시아연구소,,서울대학교,대학부설연구소
,22340351,여가관광연구,,등재후보,사회과학 > 관광학,2011,연2회,"한국어,한국어",관광종합연구소,TOURISM RESEARCH INSTITUTE IN KYONGGI UNVERSITY,경기대학교,대학부설연구소
,22341013,현대사회와 다문화,Contemporary Society and Multiculture,등재,사회과학 > 사회과학일반,2011,연4회,"한국어,영어",다문화사회정책연구소,"Center for Multiculturalism and Social Policy, Daegu University",대구대학교,대학부설연구소
,25086456,한국신경근육재활학회지,Korean Journal of Neuromuscular Rehabiliation,등재후보,의약학 > 재활의학 > 신경/근골격재활,2011,연3회,"한국어,영어",한국신경재활학회,Korean Academy of Neural Rehabilitation ,,학회
27136116,22341951,법과 기업 연구,,등재,사회과학 > 법학 > 법학일반,2011,연3회,"한국어,영어",법학연구소,"The Institute for Legal Studies, Sogang University",서강대학교,대학부설연구소
22340963,22341072,한국정보기술학회 영문논문지,Journal of Advanced Information Technology and Convergence,등재후보,공학 > 전자/정보통신공학,2011,연2회,"영어,영어",한국정보기술학회,Korean Institute Of Information Technology,,학회
,22341455,인격주의 생명윤리,Personalism Bioethics,등재,인문학 > 철학 > 철학일반 > 윤리학,2011,연2회,한국어,가톨릭생명윤리연구소,Catholic Institute of Bioethics,가톨릭대학교(성의교정),대학부설연구소
,22347534,Global Creative Leader: Education & Learning ,Global Creative Leader: Education & Learning ,등재,사회과학 > 교육학,2011,연4회,"한국어,영어",영재교육연구소,"Research Institute for Gifted & Talented Education, Soongsil University",숭실대학교,대학부설연구소
,22343326,정보기술융합공학논문지,Journal of Information Technology and Applied Engineering,등재후보,공학 > 컴퓨터학 > 인공지능 > 기계학습및지식처리,2011,연2회,"한국어,영어",IT연구소,Chosun university IT engineering,조선대학교,대학부설연구소
,22343431,스토리앤이미지텔링,Story & Image Telling,등재,인문학 > 기타인문학,2011,연2회,"한국어,영어",스토리앤이미지텔링연구소,Story & Image Telling Research Institute,건국대학교 GLOCAL(글로컬)캠퍼스,대학부설연구소
,22342850,서비스 연구,Journal Of Service Research and Studies,등재,복합학 > 학제간연구,2011,연4회,"한국어,영어",서비스사이언스학회,The Society of Service Science,,학회
22338985,,셀메드,CELLMED,등재후보,의약학 > 의학일반,2011,연4회,"영어,한국어",셀메드 세포교정의약학회,Cellmed Orthocellular Medicine and Pharmaceutical Association,,학회
26719908,22346449,연극예술치료연구,Journal of Drama Art Therapy,등재후보,예술체육학 > 연극 > 기타연극,2011,연2회,"한국어,영어",한국연극예술치료학회,Drama Art Therapy Association of Korea,,학회
,22348603,한국서원학보,The Journal of Korean Seowon Studies,등재후보,인문학 > 기타인문학,2011,연2회,"한국어,중국어",한국서원학회,,,학회
,22872256,문화콘텐츠연구,The Journal of Culture Contents,등재,인문학 > 기타인문학,2011,연3회,"한국어,영어",글로컬문화전략연구소,Research Institute of Creative Contents,건국대학교,대학부설연구소
23843020,2287559x,대한통합치과학회지,Journal of Korean academy of Advanced General Dentistry,등재후보,의약학 > 치의학,2012,연3회,"한국어,영어",대한통합치과학회,The Korean Academy of Advanced General Dentistry,,학회
,22871381,한국무역경영연구,,등재후보,사회과학 > 무역학 > 무역실무및무역경영,2012,연3회,"한국어,영어",한국무역경영학회,Korea Research Association of Global Trade Management,,학회
,22874399,동양미술사학,Dongyang Misulsahak(Journal of Asian Art History),등재후보,예술체육학 > 미술 > 미술일반 > 미술사,2012,연2회,"한국어,영어",동양미술사학회,Association of Asian Art History,,학회
26360012,26360004,International Journal of Gastrointestinal Intervention,International Journal of Gastrointestinal Intervention,등재,의약학 > 내과학 > 소화기내과,2012,연4회,"영어,영어",소화기인터벤션의학회,The Society of Gastrointestinal Intervention,,학회
22875603,22871152,Archives of Craniofacial Surgery,Archives of Craniofacial Surgery,등재,의약학 > 성형외과학 > 기타성형외과학,2012,연6회,"영어,영어",대한두개안면성형외과학회,Korean Cleft Palate-Craniofaicial Association,,학회
,22348115,윤리학,The Korean Journal of Ethics,등재후보,인문학 > 철학 > 철학일반 > 윤리학,2012,연2회,"한국어,영어",한국윤리학회(8A3209),Korean Society of Ethics,,학회
2734049X,22875891,정보처리학회논문지. 컴퓨터 및 통신시스템,KIPS Transactions on Computer and Communication Systems,등재,공학 > 컴퓨터학,2012,연12회,"한국어,영어",한국정보처리학회,,,학회
27340503,22875905,정보처리학회논문지. 소프트웨어 및 데이터 공학,KIPS Transactions on Software and Data Engineering,등재,공학 > 컴퓨터학,2012,연12회,"한국어,영어",한국정보처리학회,,,학회
22871616,22871608,Asian Journal of Innovation and Policy,Asian Journal of Innovation and Policy,등재,복합학 > 기술정책,2012,연3회,한국어,아시아기술혁신학회,Asian Society for Innovation and Policy,,학회
,22878289,동서미술문화학회 미술문화연구,The Journal of Art and Culture Studies,등재,예술체육학 > 미술 > 순수미술,2012,연2회,"한국어,영어",동서미술문화학회,East-West Art and Culture Studies Association,,학회
22134239,22134220,Integrative Medicine Research,Integrative Medicine Research,등재,복합학 > 학제간연구,2012,연4회,영어,한국한의학연구원,Korea Institute of Oriental Medicine,,학회
,22872825,문화교류와 다문화교육,Cultural Exchange and Multicultural Education,등재,복합학 > 감성과학 > 감성문화/사회,2012,연5회,"한국어,영어",한국국제문화교류학회,Korean Association for International Culture Exchanging,,학회
,22875255,IEIE Transactions on Smart Processing & Computing,IEIE Transactions on Smart Processing & Computing,등재,공학 > 전자/정보통신공학 > 신호처리,2012,연6회,"영어,영어",대한전자공학회,The Institute of Electronics and Information Engineers,,학회
22889671,22871322,스마트미디어저널,Smart Media Journal,등재,공학 > 컴퓨터학,2012,연4회,"한국어,영어",(사)한국스마트미디어학회,Korean Institute of Smart Media,,학회
27138321,22872310,예산정책연구,Journal of Budget and Policy,등재,사회과학 > 경제학 > 경제학일반 > 경제정책,2012,연4회,"한국어,영어",국회예산정책처,National Assembly Budget Office,,일반기관
27338991,22874739,한국지리학회지,Journal of the Association of Korean Geographers,등재,사회과학 > 지리학,2012,연3회,"한국어,영어",한국지리학회,Association of Korean Geographers,,학회
,22874720,세무와 회계연구,Tax and Accounting Review,등재,사회과학 > 법학 > 분야별법 > 조세/세법,2012,연4회,"한국어,영어",한국세무사회 부설 한국조세연구소,Korea Tax Research Institute,,학회
26717409,26717395,한국융합과학회지,Korean Journal of Convergence Science,등재,예술체육학 > 기타예술체육,2012,연4회,"한국어,영어",한국융합과학회,Korean Society for the Convergence Science  ,,학회
,22876030,복지상담교육연구,The Journal of Welfare and Counselling Education,등재,사회과학 > 사회복지학 > 사회복지학일반 > 사회복지교육,2012,연2회,"한국어,영어",한국복지상담교육학회,Korea Academy of Welfare Counselling Education,,학회
22890866,22888187,"Journal of Positioning, Navigation, and Timing","Journal of Positioning, Navigation, and Timing",등재,공학 > 기타공학,2012,연4회,영어,사단법인 항법시스템학회,"The Institute of Positioning, Navigation, and Timing",,학회
,2287562X,한국불교사연구,Journal for the Study of Korean Buddhist History,등재후보,인문학 > 불교학 > 지역불교및불교사연구,2012,연2회,"한국어,영어",한국불교사학회 한국불교사연구소,Korean Buddhist History Institute in Korean Associstion for Buddhist Historical Studies,,학회
25088882,22344594,World Technopolis Review,World Technopolis Review,등재후보,사회과학 > 국제/지역개발 > 기타국제/지역개발,2012,연2회,영어,세계과학도시연합,World Technopolis Association,,일반기관
22883592,1738480X,시스템엔지니어링학술지,Journal of the Korea Society of Systems Engineering,등재후보,공학 > 산업공학 > 시스템분석/설계 > 시스템엔지니어링,2012,연2회,"한국어,영어",한국시스템엔지니어링학회,KOSSE,,학회
,22875417, Journal of Naturopathy (한국자연치유학회지),Journal of Naturopathy,등재후보,의약학 > 예방의학 > 보건학 > 기타보건학,2012,연2회,"한국어,영어",한국자연치유학회,Korean Society for Naturopathy,,학회
,22875816,사회보장법학,,등재,사회과학 > 법학 > 분야별법 > 사회보장/사회법,2012,연2회,한국어,한국사회보장법학회,Korean Social Security Law Association,,학회
,22871373,한국군사학논총,Review of Korean Military Studies,등재,사회과학 > 군사학,2012,연2회,"한국어,영어",미래군사학회,Korean Association of Future Military Affairs,,학회
,22872906,직업과 자격 연구,Journal of Skills and Qualifications,등재,사회과학 > 교육학 > 분야교육 > 직업교육,2012,연3회,"한국어,영어",(사)한국직업자격학회,Korea Association of Skills and Qualifications,,학회
,26359111,한국청소년활동연구,,등재,자연과학 > 생활과학 > 아동학 > 청소년학,2012,연4회,"한국어,영어",한국청소년활동학회,Korea Youth Activity Research Association,,학회
22882855,22882847,The International Journal of Advanced Smart Convergence,The International Journal of Advanced Smart Convergence,등재,공학 > 컴퓨터학 > 정보통신 > 정보통신시스템및응용,2012,연2회,"영어,영어",한국인터넷방송통신학회,"The Institute of Internet, Broadcasting and Communication",,학회
21650659,21664307,REGION,,등재,사회과학 > 지역학,2012,연2회,"한국어,영어",러시아연구소,Institute of Russian Studies,한국외국어대학교(글로벌캠퍼스),대학부설연구소
27136132,22347399,서강법률논총,,등재,사회과학 > 법학 > 법학일반,2012,연3회,"한국어,영어",법학연구소,"The Institute for Legal Studies, Sogang University",서강대학교,대학부설연구소
23844000,22347739,금융정보연구,Review of Financial Information Studies,등재,사회과학 > 경제학 > 금융(화폐)경제,2012,연2회,"한국어,영어",한국금융정보학회,Financial Information Society of Korea,,학회
27138615,22347909,Journal of Species Research,Journal of Species Research,등재,자연과학 > 생물학,2012,연4회,"영어,영어",국립생물자원관,National Institute of biological resources,,일반기관
27338711,22884270,발달지원연구,The Korean Journal of Applied Developmental Psychoology,등재,사회과학 > 심리과학 > 발달/노년심리,2012,연3회,"한국어,영어",한국발달지원학회,The Korean Society for Applied Developmental Psychology,,학회
26714329,26359340,재활치료과학,Therapeutic Science for Rehabilitation,등재,의약학 > 작업치료학 > 신경계작업치료,2012,연4회,"한국어,영어",대한신경계작업치료학회,Korean Society for Neurological Occupational Therapy,,학회
22882561,22872892,지질·동맥경화학회지,Journal of Lipid and Atherosclerosis,등재후보,의약학 > 내과학 > 순환기내과,2012,연3회,"영어,영어",한국지질동맥경화학회,The Korean Society of Lipidology and Atherosclerosis,,학회
26721163,2384101X,차세대컨버전스정보서비스기술논문지,Journal of Next-generation Convergence Information Services Technology,등재,복합학 > 학제간연구,2012,연4회,"한국어,영어",차세대컨버전스정보서비스학회,Next-generation convergence Information service technology,,학회
22873740,22873732,Clinical Nutrition Research,,등재,자연과학 > 생활과학 > 영양학 > 임상영양학,2012,연4회,"영어,한국어",한국임상영양학회,The Korean Society of Clinical Nutrition ,,학회
,22880852,피어선신학논단,Pierson Journal of Theology    ,등재후보,인문학 > 기독교신학,2012,연2회,"한국어,영어",피어선기념성경연구원,Pyongtaek University Pierson Memorial Bible Institute,평택대학교,대학부설연구소
22880224,22878300,MEDICAL LASERS,,등재후보,의약학 > 의학일반,2012,연2회,영어,대한의학레이저학회,Korean Society for Laser Medicine and Surgery,,학회
,23834552,보건의료생명과학논문지,Journal of The Health Care and Life Science,등재후보,공학 > 의공학 > 기초의학 > 의료정보,2013,연2회,"한국어,영어",한국의료정보교육협회,The korean Society of Medical Informatics Education(KSMIE),,학회
24657743,22879641,한국임상치위생학회지,Korean Journal of Clinical Dental Hygiene,등재후보,의약학 > 치의학 > 치위생학 > 임상치위생,2013,연2회,"한국어,영어",한국치위생감염관리학회,Korean society of Infection Control and Prevention in Dental Hygiene,,학회
25087894,,인공지능연구,Korean Journal of Artificial Intelligence,등재후보,복합학 > 과학기술학,2013,연2회,"영어,영어",한국인공지능학회,Korea Artificial Intelligence Association,,학회
,22878920,융복합지식학회논문지,The Society of Convergence Knowledge Transactions,등재,공학 > 컴퓨터학,2013,연2회,"한국어,영어",융복합지식학회,The Society of Convergence Knowledge,,학회
22887105,22886982,Biodesign,Biodesign,등재후보,자연과학 > 생물학 > 구조생물학,2013,연4회,영어,한국구조생물학회,Korean Society for Structural Biology,,학회
26716119,22890823,명상심리상담,Journal of Meditation based Psychological Counseling,등재후보,사회과학 > 심리과학 > 응용심리,2013,연2회,"한국어,영어",한국명상심리상담학회,Meditation based Psychological Counseling Association,,학회
,22890440,영남춤학회誌,The Souteast Korea Dance Society,등재후보,예술체육학 > 무용,2013,연3회,"한국어,영어",영남춤학회,The Southeast Korea Dance Society,,학회
27339394,22887180,보완대체의사소통연구,AAC Research & Practice,등재,사회과학 > 교육학 > 분야교육 > 특수교육,2013,연2회,"한국어,영어",한국보완대체의사소통학회,The Korean Society for Augmentative and Alternative Communication,,학회
,22884807,한국도시철도학회논문집,Journal of Korean Society for Urban Railway,등재,공학 > 전기공학 > 전기철도/차량,2013,연4회,한국어,한국도시철도학회,KoSUR(The Korean Society for Urban Railway),,학회
,22887202,The International Journal of Advanced Culture Technology ,,등재,복합학 > 과학기술학 > 기타과학기술학,2013,연4회,한국어,국제문화기술진흥원,The International Promotion Agency of Culture Technology,,학회
26356538,22886079,한국구강보건과학회지,Journal of Korean Society of Oral Health Science,등재후보,의약학 > 치의학 > 기타치의학,2013,연2회,한국어,한국구강보건과학회,The Korean Society of Oral Health Science,,학회
,22886931,내러티브와 교육연구,Journal of Narrative and Educational Research,등재,사회과학 > 교육학 > 교육학일반,2013,연3회,"한국어,영어",한국내러티브교육학회,The Korean Society for Narrative Education: KSNE,,학회
23839651,22881174,대한통합의학회지,Journal of The Korean Society of Integrative Medicine,등재,의약학 > 예방의학 > 보건학,2013,연4회,"한국어,영어",대한통합의학회,Journal of The Korean Society of Integrative Medicine,,학회
22882413,22882405,Brain Tumor Research and Treatment,Brain Tumor Research and Treatment,등재,의약학 > 신경외과학 > 뇌신경외과 > 뇌종양,2013,연2회,"영어,영어",대한뇌종양학회,The Korean Brain Tumor Society,,학회
22883991,,기술과 교육,,등재후보,공학 > 기계공학,2013,연2회,"한국어,영어",대한기계학회,,,학회
22887512,22886222,한국융합인문학,Korean Journal of Converging Humanities,등재,복합학 > 학제간연구,2013,연4회,"한국어,영어",한국융합인문학회,Korean Association of Converging Humanities,,학회
,22881840,법이론실무연구,Legal Theory & Practice Review,등재후보,사회과학 > 법학,2013,연4회,한국어,사단법인 한국법이론실무학회,The Korea Society for Legal Theory and Practice Inc.,,학회
22882766,,East Asian Journal of Business Economics,East Asian Journal of Business Economics,등재,사회과학 > 경제학 > 분야별경제 > 산업/서비스경제,2013,연4회,"영어,영어",동아시아경상학회,Association of East Asian Business Economics,,학회
,22886338,한국위험물학회지,Korean Journal of Hazardous Materials,등재후보,공학 > 기타공학,2013,연2회,"한국어,영어",한국위험물학회,Korean Institute of Hazardous Materials,,학회
2288078X,,한국의료질향상학회지,Quality Improvement in Health Care (: The Official Journal of KosQua),등재후보,의약학 > 예방의학 > 의료관리,2013,연2회,"한국어,영어",한국의료질향상학회,Korean Society for Quality in Health Care,,학회
26716062,22883703,사회과수업연구,,등재후보,사회과학 > 교육학 > 분야교육 > 초등교육,2013,연2회,"한국어,영어",한국사회과수업학회,Korean Lesson Study Group for Social Studies,,학회
,,TRaNS(Trans Regional and National Studies of Southeast Asia),TRaNS,등재,사회과학 > 지역학 > 동남아시아,2013,연2회,영어,동아연구소,Sogang Institute for East Asian Studies(SIEAS),서강대학교,대학부설연구소
,22887156,관광진흥연구,Journal of Tourism Enhancement,등재,사회과학 > 관광학 > 관광학일반,2013,연2회,"한국어,영어",한국관광진흥학회,"The Korea Tourism Enhancement Society, KOTES",,학회
22879366,22879358,Plant Breeding and Biotechnology,Plant Breeding and Biotechnology,등재,농수해양학 > 농학,2013,연4회,"영어,영어",한국육종학회,The Korean Breeding Society,,학회
22882707,22882693,Asian Journal of Peacebuilding,Asian Journal of Peacebuilding,등재,사회과학 > 사회과학일반,2013,연2회,한국어,통일평화연구원,Institute for Peace and Unification Studies Seoul National University,서울대학교,대학부설연구소
27339378,22888691,장기요양연구,The Journal of Korean Long Term Care,등재후보,사회과학 > 사회학 > 의료/복지/사회정책,2013,연2회,"한국어,영어",한국장기요양학회,The Korean Academy of Long-Term Care(KALTC),,학회
2508125X,22883274,Current Photovoltaic Research,Current Photovoltaic Research,등재,공학 > 기타공학,2013,연4회,"한국어,영어",한국태양광발전학회,Korea Photovoltaic Society,,학회
,15985679,Asian Journal of Physical Education and Sport Science,,등재,예술체육학 > 체육,2013,연4회,"한국어,영어",학교체육연구소,Physical Education Lab of Chung-Ang University,중앙대학교,대학부설연구소
,22886672,자산운용연구,Asset Management Review,등재후보,사회과학 > 경영학 > 재무관리,2013,연2회,"한국어,영어",경영연구소,"Institute of Management Research, SungKyunKwan University",성균관대학교,대학부설연구소
2288369X,22883320,한국건설순환자원학회 논문집,Journal of the Korean Recycled Construction Resources Institute,등재,공학 > 환경공학 > 폐기물공학,2013,연4회,한국어,한국건설순환자원학회,Korean Recycled Construction Resources Institute,,학회
,20933363,스포츠사이언스,Sport Science,등재,예술체육학 > 체육,2013,연2회,한국어,체육과학연구소,The Research Institute Of Physical Education & Sports Science,한국체육대학교,대학부설연구소
,22884963,문화와 예술연구,The Study of Culture & Art,등재후보,인문학 > 철학 > 미학/예술학 > 예술철학,2013,연2회,"한국어,한국어",문화예술콘텐츠연구소,Culture and Arts Contents Laboratory,동방문화대학원대학교,대학부설연구소
,22889191,불교문예연구,,등재,인문학 > 불교학,2013,연2회,"한국어,한국어",불교문예연구소,Buddhist Culture and Art Laboratory,동방문화대학원대학교,대학부설연구소
22885293,22885161,한약정보연구회지(韓藥情報硏究會誌),Korean Herbal Medicine Informatics,등재후보,의약학 > 한의학 > 기초한의학 > 본초학,2013,연2회,"한국어,영어",한약정보연구회,The Society of Korean Herbal Medicine Information,,학회
,22885811,보건의료기술평가,The Journal of Health Technology Assessment,등재후보,의약학 > 예방의학 > 보건학 > 보건경제,2013,연2회,"한국어,영어",한국보건의료기술평가학회,Korean Association of Health Technology Assessment,,학회
22886168,22886168,The Asian Journal for Public Opinion Research,The Asian Journal for Public Opinion Research,등재,사회과학 > 신문방송학 > 신문방송학일반 > 여론조사/연구방법,2013,연4회,"영어,영어",아시아여론연구소,Center for Asian Public Opinion Research and Collaboration Intiative,충남대학교,대학부설연구소
22885560,,Journal of Breast Disease,Journal of Breast Disease,등재,의약학 > 일반외과학 > 순환기외과 > 유방,2013,연2회,"한국어,영어",한국유방암학회,,,학회
27137414,22886087,한국간호시뮬레이션학회지,Journal of Korean Society for Simulation in Nursing ,등재,의약학 > 간호학 > 간호학일반 > 간호교육,2013,연2회,"한국어,영어",한국간호시뮬레이션학회,Korean Society for Simulation in Nursing ,,학회
2289019X,22890181,Journal of Platform Technology,Journal of Platform Technology,등재후보,공학 > 컴퓨터학,2013,연4회,"한국어,영어",아이씨티플랫폼학회,ICT Platform Society,,학회
22887709,,융합경영연구,"The Journals of Economics, Marketing & Management",등재,사회과학 > 경영학 > 경영학일반,2013,연4회,"영어,영어",국제융합경영학회,International Convergence Management Association,,학회
22885048,22884300,Journal of Computational Design and Engineering ,Journal of Computational Design and Engineering ,등재,공학 > 기계공학,2014,연6회,"한국어,영어",한국CDE학회,Society for Computational Design and Engineering,,학회
23834625,,Clinical and Experimental Emergency Medicine,Clinical and Experimental Emergency Medicine,등재,의약학 > 응급의학,2014,연4회,한국어,대한응급의학회,The Korean Society of Emergency Medicine,,학회
22887474,22888063,Science Editing,,등재,복합학 > 문헌정보학 > 문헌정보학일반,2014,연2회,영어,한국과학학술지편집인협의회,Korean Council of Science Editors,,학회
25085506,23834897,대한소아응급의학회지,Pediatric Emergency Medicine Journal,등재,의약학 > 소아과학,2014,연2회,"한국어,영어",대한소아응급의학회,Korean Society of Pediatric Emergency Medicine,,학회
2352619X,23526181,Journal of Ethnic Foods ,Journal of Ethnic Foods ,등재,농수해양학 > 식품과학 > 기타식품과학,2014,연4회,"영어,영어",한국식품연구원,Korea Food Research Institute,,일반기관
,23835656,유통물류연구,Journal of Distribution and Logistics,등재,사회과학 > 경영학 > 물류관리 > 국내물류/유통,2014,연4회,"한국어,영어",한국유통물류정책학회,Korean Academy of Distribution & Logistics,,학회
21980810,22886206,International Journal of Precision Engineering and Manufacturing-Green Technology,International Journal of Precision Engineering and Manufacturing-Green Technology,등재,공학 > 기계공학,2014,연6회,"영어,영어",한국정밀공학회,Korean Society for Precision Engineering,,학회
,23837438,Asia-Pacific Journal of Intellectual Disabilities,,등재후보,사회과학 > 교육학 > 분야교육 > 특수교육,2014,연2회,영어,아시아지적장애인연맹 산하 아시아저널센터,"Asian Journal Center, Asian Federation on Intellectual Disabilities",,학회
,25086464,지역과문화,,등재,복합학 > 학제간연구,2014,연4회,"한국어,영어",한국지역문화학회,International Association for Glocal Culture,,학회
21980802,,Fashion and Textiles,Fashion and Textiles,등재,자연과학 > 생활과학 > 의류학,2014,연1회,"영어,영어",한국의류학회,The Korean Society Of Clothing And Textiles,,학회
,23840048,구성주의유아교육연구,,등재후보,사회과학 > 교육학 > 분야교육 > 유아교육,2014,연1회,"한국어,영어",구성주의 유아교육학회,Society for Constructivist Early Childhood Education,,학회
,23838515,중국지역연구,Journal of China Area Studies,등재,사회과학 > 지역학 > 동아시아 > 중국,2014,연4회,"한국어,중국어",중국지역학회,China Area Studies Association of Korea,,학회
22888020,22887903,한국연안방재학회지,Journal of Coastal Disaster Prevention,등재,자연과학 > 지구과학 > 환경지구과학 > 자연재해방재학,2014,연4회,"한국어,영어",(사)한국연안방재학회,Korean Society of Coastal Disaster Prevention,,학회
22884645,22884637,"The Journal of Asian Finance, Economics and Business "," The Journal of Asian Finance, Economics and Business ",등재,사회과학 > 경제학,2014,연12회,"영어,영어",한국유통과학회,Korea Distribution Science Association,,학회
,23840803,유통법연구,Distribution Law Review,등재,사회과학 > 법학,2014,연2회,"한국어,영어",한국유통법학회,Korea Distribution Law Association,,학회
24660485,23838736,상담심리교육복지,한국상담심리교육복지학회,등재,사회과학 > 심리과학 > 상담심리/심리치료,2014,연4회,"한국어,영어",한국상담심리교육복지학회,The Association of korea Counseling Psychology Education Welfare,,학회
,23838108,헌법재판연구,Journal of Constitutional Justice,등재,사회과학 > 법학 > 공법 > 헌법,2014,연2회,"한국어,영어",헌법재판연구원,Constitutional Research Institute,,학회
,23837403,금융감독연구,Journal of Financial Regulation and Supervision,등재,사회과학 > 경제학,2014,연2회,"한국어,영어",금융감독원,Financial Supervisory Service,,일반기관
,23841990,질적탐구,Journal of Qualitative Inquiry,등재,복합학 > 학제간연구,2014,연4회,"한국어,영어",한국질적탐구학회,Korean Association for Qualitative Inquiry,,학회
21965404,,Nano Convergence,Nano Convergence,등재,공학 > 고분자공학 > 나노구조제어고분자재료,2014,부정기,영어,나노기술연구협의회,Korea Nanotechnology Research Society,,학회
23837632,,Journal of Multimedia Information System,Journal of Multimedia Information System,등재후보,공학 > 컴퓨터학 > 멀티미디어,2014,연4회,"영어,영어",한국멀티미디어학회,,,학회
27138887,22889612,동서인문,Journal of East-West Humanities,등재,인문학 > 기타인문학,2014,연2회,"한국어,영어",인문학술원,"Institute of Humanities Studies, Kyungpook National University ",경북대학교,대학부설연구소
,22889205,교회와 법,The Journal of Church & Law,등재후보,인문학 > 가톨릭신학 > 교회법,2014,연1회,"한국어,영어",한국교회법학회,korea Church Law Association,,학회
22888527,,Ecology and Resilient Infrastructure,Ecology and Resilient Infrastructure,등재,자연과학 > 생물학 > 생태학,2014,연4회,"한국어,영어",응용생태공학회,Korean Society of Ecology and Infrastructure Engineering,,학회
27339491,2383580X,지방세논집,Local Tax Review,등재후보,사회과학 > 경제학 > 기타경제학,2014,연3회,"한국어,영어",한국지방세학회,Korea Local Tax Association,,학회
,22890637,문화와 정치,Culture and Politics,등재,사회과학 > 정치외교학 > 비교정치 > 정치사회/문화,2014,연4회,"한국어,영어",평화연구소,Hanyang Peace Institute,한양대학교,대학부설연구소
,23835591,특수·영재교육저널,Journal of Special & Gifted Education,등재후보,사회과학 > 교육학,2014,연2회,"한국어,영어",SCH특수아동교육연구소,Soonchunhyang Exceptional Children Institute,순천향대학교,대학부설연구소
26721198,25089099,디지털예술공학멀티미디어논문지,Journal of Digital Art Engineering & Multimedia,등재,복합학 > 학제간연구,2014,연4회,"한국어,영어",차세대컨버전스정보서비스학회,Next-generation convergence Information service technology,,학회
27338495,23835435,행동분석ㆍ지원연구,Journal of Behavior Analysis and Support,등재,사회과학 > 교육학 > 분야교육 > 특수교육,2014,연3회,"한국어,영어",한국행동분석학회,Korean Association for Behavior Analysis,,학회
26718472,23840439,공공정책연구(구 법정리뷰),Journal of Public Policy Studies,등재,사회과학 > 사회과학일반,2014,연2회,"한국어,영어",지방자치연구소,"Institute for Local Goverment, Dong-Eui University",동의대학교,대학부설연구소
,23838892,학부모연구,Korean Journal of Parents and Guardians,등재,사회과학 > 사회과학일반 > 사회과학교육,2014,연4회,"한국어,영어",한국학부모학회,Association for Studies in Parents and Guardians,,학회
,23842067,인문과 예술,Humanities and Art,등재,인문학 > 기타인문학,2014,연2회,한국어,인문예술학회,Humanities and Art Society,,학회
,24659266,기록과 정보·문화 연구,,등재후보,복합학 > 문헌정보학 > 기록관리/보존,2015,연2회,"한국어,영어",정보·기록학연구소,Institute of the Information & Archival Science,한국외국어대학교,대학부설연구소
,23843330,장애인평생교육복지연구,The Study of Lifelong Education and Welfare for People with Disabilities,등재후보,사회과학 > 사회복지학 > 장애인복지,2015,연2회,"한국어,영어",한국장애인평생교육복지학회,Korean Society of Life Long Education and Welfare for People with Disabilities,,학회
24059595,,ICT Express ,,등재,공학 > 전자/정보통신공학 > 정보통신,2015,연4회,"영어,영어",한국통신학회,,,학회
24055263,24055255,Osteoporosis and Sarcopenia,English,등재,의약학 > 정형외과학 > 골대사 > 골다공증,2015,연4회,"영어,영어",대한골다공증학회,THE KOREAN SOCIETY OF OSTEOPOROSIS,,학회
,23843454,Academy of Asian Business Review,Academy of Asian Business Review,등재,사회과학 > 경영학 > 경영학일반,2015,연2회,"영어,영어",Academy of Asian Business (AAB),Academy of Asian Business (AAB),,일반기관
23840366,23840358,문화기술의 융합,The journal of Convergence on Culture Technology,등재,복합학 > 과학기술학 > 기타과학기술학,2015,연4회,"한국어,영어",국제문화기술진흥원,The International Promotion Agency of Culture Technology,,학회
27338681,23842008,창의정보문화연구,Journal of Creative Information Culture,등재후보,복합학 > 학제간연구,2015,연3회,"한국어,영어",한국창의정보문화학회,The Korean Society for Creative Information Culture,,학회
,23844450,한국범죄정보연구,Korea Criminal Intelligence Review,등재후보,사회과학 > 사회과학일반,2015,연2회,한국어,한국사회안전 범죄정보학회,Korea Social Safety Criminal Intelligence Association ,,학회
26715325,25089080,아시아태평양융합연구교류논문지,Asia-pacific Journal of Convergent Research Interchange,등재,복합학 > 학제간연구,2015,연12회,"영어,한국어",사단법인 미래융합기술연구학회,Asia-pacific Society of Convergent Research Interchange,,학회
27139476,24660086,신체심리연구,The Korean Journal of Body-Psycho Studies,등재후보,예술체육학 > 무용 > 무용치료,2015,연2회,"한국어,영어",대한무용/동작심리치료학회,The Korean Society for Dance/Movement Psychotherapy,,학회
,24660078,한국사물인터넷학회논문지,Journal of The Korea Internet of Things Society,등재후보,공학 > 컴퓨터학 > 인터넷정보처리,2015,연4회,"한국어,영어",한국사물인터넷학회,The Korea Internet of Things Society,,학회
,24657735,프랜차이징 저널,Journal of Franchising,등재,사회과학 > 경영학 > 물류관리 > 소매유통,2015,연3회,"한국어,영어",한국프랜차이즈학회,Korea Academic Society of Franchising,,학회
27136000,24660205,사회복지정책과실천,Social Welfare Policy and Practice,등재후보,사회과학 > 사회복지학 > 사회복지학일반,2015,연3회,한국어,사회복지정책실천회,Social Welfare Policy and Practice,,학회
,24659169,적정기술학회지(Journal of Appropriate Technology),,등재후보,공학 > 공학일반 > 기타공학일반,2015,연2회,"한국어,영어",적정기술학회,Academic Society for Appropriate Technology,,학회
24658804,20053037,International Journal of Diaspora & Cultural Criticism,,등재후보,인문학 > 기타인문학,2015,연2회,"영어,일본어",아시아·디아스포라연구소,Center for Asia & Diaspora studies,건국대학교,대학부설연구소
,23841214,한중관계연구,Korean Chinese Relations Review,등재,사회과학 > 지역학 > 동아시아 > 중국,2015,연3회,"한국어,중국어",한중관계연구원,Korean Chiness Relations Institute Wonkwang Univ.,원광대학교,대학부설연구소
25867490,23842474,"Brain, Digital, & Learning",,등재,사회과학 > 교육학 > 기타교육학,2015,연4회,"한국어,영어",뇌기반교육연구소,,한국교원대학교,대학부설연구소
24659460,24659207,미디어와 인격권,Journal of Media and Defamation Law,등재,사회과학 > 신문방송학 > 신문방송학일반 > 언론/미디어법제,2015,연2회,"한국어,영어",언론중재위원회,,,일반기관
,23842504,노년교육연구,Korean Journal of Educational Gerontology,등재,사회과학 > 교육학 > 분야교육 > 평생교육,2015,연2회,"한국어,영어",한국노년교육학회,Korean Society of Educational Gerontology,,학회
23842113,,IDEC Journal of Integrated Circuits and Systems,IDEC Journal of Integrated Circuits and Systems,등재후보,공학 > 전기공학 > 반도체,2015,연4회,영어,반도체설계교육센터,IC DESIGN EDUCATION CENTER,한국과학기술원,대학부설연구소
27334856,23843829,도시재생,Journal of Korea Urban Regeneration Association,등재후보,사회과학 > 국제/지역개발 > 지역개발 > 도시개발/계획,2015,연3회,한국어,(사) 한국도시재생학회,Korea Urban Regeneration Association,,학회
,24657581,교양학 연구,The Journal of General Education,등재,사회과학 > 교육학 > 분야교육 > 교양기초교육,2015,연4회,"한국어,영어",다빈치미래교양연구소,Da Vinci Mirae Institute of General Education,중앙대학교,대학부설연구소
,23844280,한국국가안보·국민안전학회지,Korean National Security and Public Safety Association,등재후보,사회과학 > 정책학 > 국방/안보정책,2015,연2회,"한국어,영어",한국국가안보·국민안전학회,Korean National Security and Public Safety Association,,학회
25867342,,식품보건융합연구,The Korean Journal of Food & Health Convergence ,등재후보,복합학 > 과학기술학,2015,연6회,"영어,영어",한국식품보건융합학회,Korea Food & Health Convergence Association,,학회
,23843624,Journal of North Korea Studies,Journal of North Korea Studies,등재,사회과학 > 지역학 > 동아시아 > 북한,2015,연2회,"한국어,영어",공공정책연구소,"Public Policy Research Institute, Korea University",고려대학교세종캠퍼스,대학부설연구소
25083848,23841583,대한방사성의약품학회지,Journal of Radiopharmaceuticals and Molecular Probes,등재,의약학 > 방사선과학 > 핵의학 > 방사의약학,2015,연2회,"영어,한국어",대한방사성의약품학회,Korean Society of Radiopharmaceuticals and Molecular Probes,,학회
26719258,27136493,동서인문학,Humanities Studies East and West,등재,인문학 > 기타인문학,2015,연2회,"한국어,영어",인문과학연구소,The Institute for Humanities,계명대학교,대학부설연구소
,2508156x,학교와 수업 연구,Journal of Studies on Schools and Teaching,등재후보,사회과학 > 교육학,2015,연2회,"한국어,영어",교육연구원,Educational Research Institute,청주교육대학교,대학부설연구소
2733841X,24658731,소비자법연구,,등재,사회과학 > 법학 > 분야별법 > 소비자/보호법,2015,연3회,한국어,한국소비자법학회,Korea consumer law association,,학회
,2465812X,Corpus Linguistics Research,,등재후보,인문학 > 언어학 > 코퍼스,2015,연1회,영어,한국코퍼스언어학회,Korean Association for Corpus Linguistics,,학회
24657972,24657964,아시아콘크리트학회논문집,Journal of Asian Concrete Federation,등재후보,공학 > 토목공학 > 콘크리트공학,2015,연2회,영어,아시아콘크리트학회,Asian Concrete Federation,,학회
2713637X,24658146,한국정원디자인학회지,Journal of the Korea Institute of Garden Design,등재후보,농수해양학 > 조경학,2015,연3회,"한국어,영어",(사)한국정원디자인학회,Korea Institute of Garden Design,,학회
2713511X,24658766,심리운동연구,Journal of Motologie,등재후보,사회과학 > 교육학 > 분야교육 > 특수교육,2015,연2회,"한국어,영어",한독심리운동학회,Korean-German Society for Motologie,,학회
25081292,24659754,부동산분석,Journal of Real Estate Analysis,등재,사회과학 > 경제학 > 분야별경제 > 부동산경제,2015,연3회,"한국어,영어",한국감정원,Korea Appraisal Board,,일반기관
27136396,24660396,미래성장연구,Future Growth Studies,등재,사회과학 > 경제학 > 경제학일반 > 경제정책,2015,연2회,"한국어,영어",미래성장연구소,Institute for Future Growth,고려대학교,대학부설연구소
25085654,25085646,융합관광콘텐츠연구,Journal of Convergence Tourism Contents,등재후보,사회과학 > 관광학,2015,연2회,"한국어,영어",융합관광콘텐츠학회,The Convergence Tourism Contents Society,,학회
,24661236,범죄수사학연구,,등재,사회과학 > 법학 > 기타법학,2015,연2회,"한국어,영어",범죄수사연구원,Criminal Investigation Institute at Korean National Police University,경찰대학,대학부설연구소
,24660787,한국심리학회지: 임상심리 연구와 실제,Clinical Psychology in Korea: Research and Practice,등재,사회과학 > 심리과학 > 임상심리,2015,연4회,"한국어,영어",한국임상심리학회,Korean Clinical Psychology Association,,학회
27137589,27134172,혁신기업연구,Innovation Enterprise Research,등재후보,사회과학 > 경영학 > 기타경영학,2016,연2회,"한국어,영어",사회혁신기업연구원,Social Innovation Corporation Institute,,학회
,25089064,핵심역량교육연구,The Journal of Core Competency Education Research,등재후보,사회과학 > 교육학,2016,연2회,"한국어,영어",핵심역량교육학회,The Society for the Study of Essential Skills Education,,학회
26718375,25082817,한국디자인리서치,Design Research,등재,예술체육학 > 디자인,2016,연4회,"한국어,영어",한국디자인리서치학회,Korea Institute of Design Research Society,,학회
,24661260,다문화아동청소년연구,The Multicultural Child and Youth Studies,등재후보,사회과학,2016,연3회,한국어,다문화아동청소년학회,The Association for Multicultural Child and Youth,,학회
,25085360,상담학연구: 사례및실제,Korean Journal of Counseling: Case Studies and Practice,등재후보,사회과학 > 교육학 > 교육상담,2016,연2회,"한국어,한국어",한국상담학회,Korean Counseling Association (KCA),,학회
25087134,,한국해양생명과학회지,Journal of Marine Life Science,등재후보,농수해양학 > 수산학,2016,연2회,"한국어,영어",(사)한국해양생명과학회,The Korea Society of Marine Life Science,,학회
2714013X,24661139,산업진흥연구,Industry Promotion Research,등재후보,복합학 > 학제간연구,2016,연4회,"한국어,영어",산업진흥원,Industrial Promotion Institute,,학회
,25086707,조세논총,The Korean Journal of Taxation,등재후보,사회과학 > 법학 > 분야별법 > 조세/세법,2016,연4회,"한국어,영어",한국조세법학회,KOREAN SOCIETY OF TAX LAW,,학회
,25083287,교정상담학연구,Korean Journal of Correctional Counseling,등재후보,사회과학 > 심리과학 > 상담심리/심리치료,2016,연2회,"한국어,영어",한국교정상담심리학회,Korean Correction Counseling Psychological Association,,학회
26718057,25084402,미래음악교육연구,The Journal of Future Music Education,등재,예술체육학 > 음악학 > 음악교육학,2016,연3회,"한국어,영어",미래음악교육학회,Association for Future Music Education,,학회
,25082825,문화재방재학회 논문집,Journal of The Society of Culthral Heritage Disaster Prevention,등재후보,자연과학 > 자연과학일반 > 문화재보존과학,2016,연2회,"한국어,영어",문화재방재학회,The Society of Cultural Heritage Disaster Prevention (SCHDP),,학회
27136361,25081829,한국빅데이터학회 학회지,The Korea Journal of BigData,등재후보,공학 > 산업공학 > 기술경영/연구개발관리 > 연구개발관리,2016,연2회,"한국어,영어",사)한국빅데이터학회,KOREA BIGDATA SOCIETY,,학회
,25081217,한국국가전략,KRINS QUARTERLY,등재,사회과학 > 정치외교학 > 국제정치 > 외교/안보/통일,2016,연3회,"한국어,영어",사단법인 한국국가전략연구원,Korea Research Institute for National Strategy,,일반기관
25083589,25081926,Journal of Retina,,등재후보,의약학 > 안과학 > 안질환 > 망막,2016,연2회,"영어,한국어",한국망막학회,The Korean Retina Society,,학회
24704075,24704067,Journal of Global Sport Management,,등재후보,예술체육학 > 체육 > 스포츠경영학,2016,연4회,영어,글로벌지식마케팅경영학회,Global Alliance of Marketing & Management Associations,,학회
,24661732,사회적경제와 정책연구,Social Economy & Policy Studies,등재,복합학 > 학제간연구,2016,연4회,"한국어,영어",국제개발연구소,International Development Institute(IDI),충북대학교,대학부설연구소
26357623,23843772,기술경영,Technology Management,등재,복합학 > 과학기술학 > 과학기술경영학,2016,연4회,"한국어,영어",국가미래기술경영연구소,CHUNGBUK NATIONAL UNIVERSITY NATIONAL TECHNOLOGY MANAGEMENT RESEARCH INSTITUTE,충북대학교,대학부설연구소
27141349,25081942,영유아교육: 이론과 실천,Educational Theory and Practice for Infants and Young Children,등재,사회과학 > 교육학 > 분야교육 > 유아교육,2016,연3회,"한국어,영어",이화어린이연구원,,이화여자대학교,대학부설연구소
26719479,25082183,연구방법논총,Journal of Research Methodology ,등재,사회과학 > 정치외교학,2016,연3회,"한국어,영어",사회과학기초자료연구소,,경북대학교,대학부설연구소
27137015,25082116,대한질적연구학회지,Journal of Korean Association for Qualitative Research,등재후보,의약학 > 기타의약학,2016,연1회,"한국어,한국어",대한질적연구학회,Korean Association for Qualitative Research,,학회
,25084348,비즈니스융복합연구,Journal of Business Convergence,등재후보,복합학 > 과학기술학,2016,연3회,"한국어,영어",한국비즈니스학회,Korean Business Association,,학회
,24238279,International Journal of Police and Policing　,,등재후보,사회과학 > 행정학 > 분야별행정 > 경찰행정,2016,연2회,"영어,영어",J-INSTITUTE,J-INSTITUTE,,학회
,25083511,평화와 종교,Peace and Religions,등재,복합학 > 학제간연구,2016,연2회,"한국어,영어",한국평화종교학회,The Korean Association of Peace & Religions Studies,,학회
,24238775,International Journal of Military Affairs,,등재후보,사회과학 > 행정학 > 분야별행정 > 국방/안보행정,2016,연2회,"영어,영어",J-INSTITUTE,J-INSTITUTE,,학회
,24238368,"International Journal of Protection, Security & Investigation 　",,등재후보,복합학 > 학제간연구,2016,연2회,"영어,영어",J-INSTITUTE,J-INSTITUTE,,학회
2713640X,25085905,무형유산,Korean Journal of Intangible Heritage,등재후보,인문학 > 역사학 > 인류학 > 민속학(인류학),2016,연2회,"한국어,영어",국립무형유산원,Nation Intangible Heritage Center,,일반기관
,2508271X,Journal of Multiculture and Education,다문화와 교육,등재후보,복합학,2016,연2회,"영어,한국어",다문화융합연구소,The Convergence Institute for Multicultural Studies ,인하대학교,대학부설연구소
,25864602,새마을학연구,Journal of Saemaulogy,등재후보,사회과학 > 국제/지역개발 > 새마을/국제개발협력,2016,연2회,"한국어,영어",박정희새마을연구원,PARK CHUNG HEE Saemaul Undong Institute,영남대학교,대학부설연구소
,24353345,Robotics & AI Ethics,,등재후보,복합학 > 학제간연구,2016,연2회,"영어,영어",J-INSTITUTE,J-INSTITUTE,,학회
,25083554,인성교육연구,Journal of Character Education and Research,등재후보,사회과학 > 교육학 > 교육학일반,2016,연2회,"한국어,영어",인성교육연구원,Institute of personality education(IPE),국제뇌교육종합대학원대학교,대학부설연구소
,24353337,Public Value,,등재후보,복합학 > 학제간연구,2016,연2회,"영어,영어",J-INSTITUTE,J-INSTITUTE,,학회
,2423835X,International Journal of Martial Arts　,,등재후보,예술체육학 > 체육 > 무도학,2016,연2회,"영어,영어",J-INSTITUTE,J-INSTITUTE,,학회
,21897603,International Journal of Crisis & Safety　,,등재후보,복합학 > 학제간연구,2016,연2회,"영어,영어",J-INSTITUTE,J-INSTITUTE,,학회
,24238376,International Journal of Terrorism & National Security　,,등재후보,사회과학 > 기타사회과학,2016,연2회,"영어,영어",J-INSTITUTE,J-INSTITUTE,,학회
,24350702,Kinesiology ,,등재후보,예술체육학 > 체육,2016,연2회,"영어,영어",J-INSTITUTE,J-INSTITUTE,,학회
,24238260,International Journal of Human & Disaster　,,등재후보,복합학 > 학제간연구,2016,연2회,"영어,영어",J-INSTITUTE,J-INSTITUTE,,학회
,25084380,자연치유연구,The Journal of Natural Healing,등재후보,"의약학 > 간호학 > 보완,대체/한방간호",2016,연2회,한국어,자연치유연구소,Naturopathy Laboratory,동방문화대학원대학교,대학부설연구소
,25084291,동방문화와 사상,East Asian Culture and Thought,등재후보,인문학 > 철학 > 동양철학 > 동양철학일반,2016,연2회,한국어,동양학연구소,Institute of Oriental Studies,동방문화대학원대학교,대학부설연구소
,25084712,영유아교육지원연구,The Journal of Early Childhood Education and Care,등재후보,사회과학 > 교육학 > 분야교육 > 유아교육,2016,연1회,"한국어,영어",한국영유아교육지원학회,The Korean Early Childhood Education and Care Society,,학회
,25086790,대학교양교육연구,,등재후보,사회과학 > 교육학 > 분야교육 > 교양기초교육,2016,연2회,한국어,주시경교양교육연구소,Ju Si-Gyeong Liberal Arts Education Research Institute,배재대학교,대학부설연구소
25864580,25864394,The Digital Ethics(디지털 윤리),The Digital Ethics,등재후보,복합학 > 과학기술학 > 기타과학기술학,2017,연2회,"한국어,영어",한국인터넷윤리학회,Korea Society of Internet Ethics,,학회
25088459,25088149,The Journal of Endocrine Surgery,Journal of Endocrine Surgery,등재후보,의약학 > 일반외과학 > 내분비외과,2017,연4회,"한국어,영어",대한갑상선-내분비외과학회,The Korean Association of Endocrine Surgeons,,학회
25087088,2508707x,Cardiovascular Imaging Asia,Cardiovascular Imaging Asia,등재후보,의약학 > 의학일반,2017,연4회,영어,아시아심장혈관영상의학회,Asian Society of Cardiovascular Imaging,,학회
25088238,2508822X,분석과 대안,Analyses & Alternatives,등재후보,사회과학 > 사회과학일반,2017,연2회,"한국어,영어",사단법인 코리아컨센서스연구원,Korea Consensus Institute,,학회
,12257265,산업연구(JIET),Journal of Industrial Economics and Trade,등재후보,사회과학 > 경제학 > 경제학일반 > 경제정책,2017,연2회,"한국어,영어",산업연구원,Korea Institute for Industrial Economics and Trade,,일반기관
,12282804,한국군사,Korea Journal of Military Affairs,등재후보,사회과학 > 군사학 > 기타군사학,2017,연2회,"한국어,영어",(재)한국군사문제연구원,Korea Institute for Military Affairs,,일반기관
27137527,25865439,융합연구학회지,The Journal of Transdisciplinary Study,등재후보,복합학,2017,연2회,영어,융합연구학회,Transdisciplinary Study,,학회
26715694,25088300,한국과 국제사회,Korea and Global Affairs,등재후보,사회과학 > 사회과학일반 > 기타사회과학일반,2017,연6회,"한국어,영어",한국정치사회연구소,Korea Institute of Politics and Society,,일반기관
26354675,25862626,무용동작심리치료연구,,등재후보,예술체육학 > 무용 > 무용치료,2017,연2회,"한국어,영어",한국무용동작심리치료학회,Korea Dance Movement Psychotherapy Association,,학회
25087274,25087266,Current Optics and Photonics,Current Optics and Photonics,등재,자연과학 > 물리학,2017,연6회,"영어,영어",한국광학회,,,학회
,25088270,차세대융합기술학회논문지,Journal of Next-generation Convergence Technology Association,등재후보,복합학 > 과학기술학,2017,연6회,"한국어,영어",국제차세대융합기술학회,International Next-generation technology Convergence Association,,학회
25089153,25088750,"생명, 윤리와 정책","Bio, Ethics and Policy",등재후보,복합학 > 학제간연구,2017,연2회,"한국어,영어",(재) 국가생명윤리정책원,Korea National Institute For Bioethics Policy,,일반기관
27136205,25860399,사회융합연구,The Journal of Social Convergence Studies,등재후보,복합학 > 학제간연구,2017,연6회,"한국어,영어",국방안보연구소,Taegu Science University Defense  Security   Institute,대구과학대학교,대학부설연구소
25860585,25088831,대한미용의학회지,Journal of Cosmetic Medicine,등재후보,의약학 > 성형외과학 > 미용/성형외과,2017,연2회,영어,대한미용의학회,Korean Society of Korean Cosmetic Surgery & medicine,,학회
26358581,26358573,근골격계과학기술학회,Journal of Musculoskeletal Science and Technology,등재후보,의약학 > 물리치료학 > 임상물리치료,2017,연2회,"영어,영어",KEMA학회,Academy of KEMA (Kinetic Ergocise based on Movement Analysis),,학회
,25860828,한국중세고고학,Journal of the Korea Middle Ages Archaeological Society  ,등재후보,인문학 > 역사학 > 고고학 > 한국중세고고학,2017,연2회,"한국어,영어",한국중세고고학회,The Korea Middle Age Archaeological Society,,학회
25861034,26716577,Research in Dance and Physical Education,Research in Dance and Physical Education,등재후보,예술체육학 > 무용,2017,연3회,"영어,영어",글로벌문화예술교육연구소,,상명대학교,대학부설연구소
26715937,25860836,Journal of Conflict and Integration,,등재후보,사회과학 > 정치외교학 > 정치학일반,2017,연2회,영어,미래사회통합연구센터,,연세대학교,대학부설연구소
26715945,25862987,사회적질연구,Korean Journal of Social Quality,등재후보,복합학 > 학제간연구,2017,연4회,"한국어,영어",한국사회적질학회,Korean Association on Social Quality,,학회
,25860755,한국심리학회지: 코칭,Korean Journal of Coaching Psychology,등재후보,사회과학 > 심리과학 > 기타심리과학,2017,연2회,한국어,한국코칭심리학회,Korean Coaching Psychological Association,,학회
,25860674,대중음악콘텐츠,,등재후보,예술체육학 > 음악학 > 대중/실용/영화음악,2017,연2회,"한국어,영어",대중음악콘텐츠학회,Popular Music Contents Society,,학회
25863797,25860305,Journal of Global and Area Studies ,Journal of Global and Area Studies,등재후보,사회과학 > 지역학 > 지역학일반,2017,연2회,영어,글로벌지역학연구소,Institute for Global and Area Studies ,부경대학교,대학부설연구소
25864297,12265543,Journal of Animal Breeding and Genomics,,등재후보,농수해양학 > 축산학 > 가축유전육종학,2017,연4회,"영어,한국어",한국동물유전육종학회,The korean Society of Animal Breeding and Genetics,,학회
26715686,25862057,한국간호연구학회지,The Journal of Korean Nursing Research,등재후보,의약학 > 간호학,2017,연4회,"한국어,영어",한국간호연구학회,Korean Society of Nursing Research,,학회
,25863843,불교철학,Journal for the Study Buddhist Philosophy,등재후보,인문학 > 철학 > 한국철학 > 한국불교철학,2017,연2회,"한국어,영어",세계불교학연구소,Institution for World Buddhist Studies,동국대학교,대학부설연구소
,25862685,안전문화연구,korean journal of safety culture,등재후보,사회과학 > 사회과학일반,2017,연6회,"한국어,영어",사단법인 안전문화포럼,Forum of Public Safety and Culture,,학회
,25865242,한국진로창업경영학회지,The Journal of Korean Career¡¤Entrepreneurship & Business Association,등재후보,사회과학 > 경영학 > 창업/벤처기업,2017,연1회,"한국어,영어",한국진로·창업경영학회,The Korean Career¡¤Entrepreneurship & Business Association,,학회
,25863886,교육컨설팅코칭연구,The Journal of Education Consulting & Coaching,등재후보,사회과학 > 교육학,2017,연2회,"한국어,영어",한국교육컨설팅코칭학회,The Korea Association of Education Consulting & Coaching,,학회
,26354632,인권연구,Journal of Human Rights Studies,등재후보,사회과학 > 법학 > 분야별법 > 인권/국제인권법,2018,연2회,"한국어,영어",한국인권학회,Korean Association of Human Rights Studies,,학회
,2635456x,대한치위생과학회지,Journal of Korean Dental Hygiene Science,등재후보,의약학 > 치의학 > 기타치의학,2018,연2회,"한국어,영어",한국치위생과학회,The Korean Society of Dental Hygiene Science,,학회
25865196,25865188,Medical Biological Science and Engineering ,Medical Bilogical Science and Engineering,등재후보,의약학 > 의학일반,2018,연2회,"영어,영어",의학연구원,"Institute of Medical Science, Chosun University",조선대학교,대학부설연구소
27334708,25866230,고등교육,Journal of Higher Educational Research,등재후보,사회과학 > 교육학 > 분야교육 > 고등교육,2018,연2회,"한국어,영어",(사)한국대학교육협의회,Korean Council for University Education,,일반기관
,25866192,횡단인문학,,등재후보,인문학,2018,연2회,"한국어,한국어",인문학 연구소,Sookmyung Research Institute of Humanities,숙명여자대학교,대학부설연구소
27137155,25866206,다문화사회와 교육연구,Multi-cultural Society and Education Studies,등재후보,인문학,2018,연2회,"한국어,영어",다문화연구소,Institute for multicultural studies,부산외국어대학교,대학부설연구소
26356333,2635585X,의료사회사연구,Korean Journal of the Social History of Medicine and Health,등재후보,인문학 > 역사학 > 기타역사학,2018,연2회,"한국어,영어",의료역사연구회,The Korean Association for the Social History of Medicine and Health,,학회
,26354691,인공지능인문학연구,Journal of AI Humanities,등재후보,인문학 > 기타인문학,2018,연3회,"한국어,영어",인문콘텐츠연구소,Humanities Research Institute,중앙대학교,대학부설연구소
26358735,26356074,융합과 통섭,Journal of Convergence and Consilience,등재후보,예술체육학 > 기타예술체육,2018,연3회,"한국어,영어",한국안전문화연구원,Korea Safety Culture Institute,,학회
,26354292,벤처혁신연구,Journal of Venture Innovation,등재후보,사회과학 > 경영학 > 창업/벤처기업,2018,연2회,"한국어,영어",사단법인 한국벤처혁신학회,Korean Academy of Venture Innovation ,,학회
26361329,26355531,선진국방연구,Journal of Advances in Military Studies,등재후보,사회과학 > 군사학 > 기타군사학,2018,연3회,"한국어,영어",방위사업연구소,Institute of Defense Acquisition Program,광운대학교,대학부설연구소
27334473,26720078,신학과 학문,,등재후보,복합학 > 학제간연구,2018,연3회,"한국어,영어",신학연구소,Theological Research Institute of Sahmyook University,삼육대학교,대학부설연구소
